/*
Navicat MySQL Data Transfer

Source Server         : Saatdin.com
Source Server Version : 50635
Source Host           : 192.99.7.219:3306
Source Database       : arcsaat_at

Target Server Type    : MYSQL
Target Server Version : 50635
File Encoding         : 65001

Date: 2017-02-27 16:19:22
*/

SET FOREIGN_KEY_CHECKS=0;

-- ----------------------------
-- Table structure for `tbl_candidate_info`
-- ----------------------------
DROP TABLE IF EXISTS `tbl_candidate_info`;
CREATE TABLE `tbl_candidate_info` (
  `F_Recruitment_Request_ID` mediumint(9) NOT NULL,
  `Candidate_ID` mediumint(9) NOT NULL AUTO_INCREMENT,
  `Name` varchar(255) NOT NULL,
  `Phone` varchar(255) NOT NULL,
  `Resume` varchar(255) NOT NULL,
  `Is_Void` enum('1','0') NOT NULL,
  `Is_Processed` enum('1','0') NOT NULL,
  `Is_Exist` enum('1','0') NOT NULL,
  PRIMARY KEY (`Candidate_ID`)
) ENGINE=InnoDB DEFAULT CHARSET=utf8;

-- ----------------------------
-- Records of tbl_candidate_info
-- ----------------------------

-- ----------------------------
-- Table structure for `tbl_company_info`
-- ----------------------------
DROP TABLE IF EXISTS `tbl_company_info`;
CREATE TABLE `tbl_company_info` (
  `Company_ID` tinyint(4) NOT NULL AUTO_INCREMENT,
  `Company_Name` varchar(100) NOT NULL,
  `Leave` tinyint(4) NOT NULL,
  `Is_Void` enum('1','0') NOT NULL DEFAULT '0',
  `Is_Processed` enum('1','0') NOT NULL DEFAULT '0',
  `Is_Exist` enum('1','0') NOT NULL DEFAULT '1',
  PRIMARY KEY (`Company_ID`)
) ENGINE=MyISAM AUTO_INCREMENT=3 DEFAULT CHARSET=utf8;

-- ----------------------------
-- Records of tbl_company_info
-- ----------------------------
INSERT INTO `tbl_company_info` VALUES ('1', 'Ryans IT Limited', '32', '0', '0', '1');
INSERT INTO `tbl_company_info` VALUES ('2', 'Ryans Archives Ltd.', '32', '0', '0', '1');

-- ----------------------------
-- Table structure for `tbl_dept_info`
-- ----------------------------
DROP TABLE IF EXISTS `tbl_dept_info`;
CREATE TABLE `tbl_dept_info` (
  `F_Company_ID` tinyint(4) NOT NULL,
  `Dept_ID` mediumint(9) NOT NULL AUTO_INCREMENT,
  `Dept_Name` varchar(200) NOT NULL,
  `Description` text NOT NULL,
  `Is_Void` enum('1','0') NOT NULL DEFAULT '0',
  `Is_Processed` enum('1','0') NOT NULL DEFAULT '0',
  `Is_Exist` enum('1','0') NOT NULL DEFAULT '1',
  PRIMARY KEY (`Dept_ID`)
) ENGINE=MyISAM AUTO_INCREMENT=31 DEFAULT CHARSET=utf8;

-- ----------------------------
-- Records of tbl_dept_info
-- ----------------------------
INSERT INTO `tbl_dept_info` VALUES ('1', '1', 'Software', 'Development', '0', '0', '1');
INSERT INTO `tbl_dept_info` VALUES ('1', '2', 'Business Development', 'Developing business', '0', '0', '1');
INSERT INTO `tbl_dept_info` VALUES ('1', '3', 'Administration', 'Managing decision', '0', '0', '1');
INSERT INTO `tbl_dept_info` VALUES ('1', '4', 'Accounts', 'Accounting department', '0', '0', '1');
INSERT INTO `tbl_dept_info` VALUES ('2', '5', 'Administration', 'Managing Decision', '0', '0', '1');
INSERT INTO `tbl_dept_info` VALUES ('2', '6', 'Accounts', 'Accounting department', '0', '0', '1');
INSERT INTO `tbl_dept_info` VALUES ('1', '7', 'Creative Design', 'Graphics', '0', '0', '1');
INSERT INTO `tbl_dept_info` VALUES ('2', '8', 'Synopsis', 'summary writer', '0', '0', '1');
INSERT INTO `tbl_dept_info` VALUES ('2', '9', 'Audit', 'Audit', '0', '0', '1');
INSERT INTO `tbl_dept_info` VALUES ('1', '10', 'Audit', 'Audit', '0', '0', '1');
INSERT INTO `tbl_dept_info` VALUES ('2', '11', 'Customer Relations', 'Customer Communications', '0', '0', '1');
INSERT INTO `tbl_dept_info` VALUES ('2', '12', 'Research & Report', 'Research & Report', '0', '0', '1');
INSERT INTO `tbl_dept_info` VALUES ('2', '13', 'Print Media', 'Newspaper & Magazine', '0', '0', '1');
INSERT INTO `tbl_dept_info` VALUES ('1', '14', 'Online', 'Call Center', '0', '0', '1');
INSERT INTO `tbl_dept_info` VALUES ('1', '15', 'Logistics', 'Transport', '0', '0', '1');
INSERT INTO `tbl_dept_info` VALUES ('1', '16', 'Hardware', 'Assembling & Installation', '0', '0', '1');
INSERT INTO `tbl_dept_info` VALUES ('1', '17', 'Inventory Management', 'Inventory  & Stock', '0', '0', '1');
INSERT INTO `tbl_dept_info` VALUES ('1', '18', 'Purchase', 'Product purchase', '0', '0', '1');
INSERT INTO `tbl_dept_info` VALUES ('1', '19', 'HR Department', 'Human Resource  Department', '0', '0', '1');
INSERT INTO `tbl_dept_info` VALUES ('1', '20', 'CARE', 'Customer care', '0', '0', '1');
INSERT INTO `tbl_dept_info` VALUES ('1', '21', 'Sales', 'Sales & Marketing', '0', '0', '1');
INSERT INTO `tbl_dept_info` VALUES ('1', '22', 'Customer Service', 'Customer Service', '0', '0', '1');
INSERT INTO `tbl_dept_info` VALUES ('1', '23', 'Warranty', 'Warranty', '0', '0', '1');
INSERT INTO `tbl_dept_info` VALUES ('2', '24', 'TVP Dept.', 'TVP', '0', '0', '1');
INSERT INTO `tbl_dept_info` VALUES ('2', '25', 'TVC Dept.', 'TVC Dept.', '0', '0', '1');
INSERT INTO `tbl_dept_info` VALUES ('2', '26', 'RDC Dept.', 'RDC', '0', '0', '1');
INSERT INTO `tbl_dept_info` VALUES ('2', '28', 'Networking & Support', 'Networking & Support', '0', '0', '1');
INSERT INTO `tbl_dept_info` VALUES ('2', '29', 'Support', 'Support', '0', '0', '1');
INSERT INTO `tbl_dept_info` VALUES ('2', '30', 'Logistics', 'Logistics', '0', '0', '1');

-- ----------------------------
-- Table structure for `tbl_employee_profile`
-- ----------------------------
DROP TABLE IF EXISTS `tbl_employee_profile`;
CREATE TABLE `tbl_employee_profile` (
  `F_Company_ID` mediumint(9) NOT NULL,
  `F_Location_ID` mediumint(9) NOT NULL,
  `F_Dept_ID` mediumint(9) NOT NULL,
  `Employee_ID` int(9) NOT NULL AUTO_INCREMENT,
  `RS_ID` varchar(9) NOT NULL,
  `Full_Name` varchar(80) NOT NULL,
  `Nick_Name` varchar(40) DEFAULT NULL,
  `Gender` varchar(255) DEFAULT NULL,
  `DOB` date NOT NULL,
  `Father` varchar(255) NOT NULL,
  `Mother` varchar(255) NOT NULL,
  `Email` varchar(200) DEFAULT NULL,
  `Join_Date` date NOT NULL,
  `Emergency_Contact` varchar(255) NOT NULL,
  `Blood_Group` varchar(255) NOT NULL,
  `Height` varchar(255) NOT NULL,
  `Weight` varchar(255) NOT NULL,
  `Marital_Status` varchar(255) NOT NULL,
  `Identification_Mark` varchar(255) NOT NULL,
  `Training` text NOT NULL,
  `NID` text NOT NULL,
  `Passport` text,
  `Permanent_Address` text NOT NULL,
  `Address` text NOT NULL,
  `Previous_Organization` varchar(255) DEFAULT NULL,
  `Leave` tinyint(4) NOT NULL,
  `Grace_Time` tinyint(4) NOT NULL DEFAULT '15',
  `Is_Processed` enum('1','0') NOT NULL DEFAULT '0',
  `Is_Void` enum('1','0') NOT NULL DEFAULT '0',
  `Is_Exist` enum('1','0') NOT NULL DEFAULT '1',
  PRIMARY KEY (`Employee_ID`),
  KEY `E_F_User_ID` (`Employee_ID`) USING BTREE
) ENGINE=MyISAM AUTO_INCREMENT=321 DEFAULT CHARSET=utf8;

-- ----------------------------
-- Records of tbl_employee_profile
-- ----------------------------
INSERT INTO `tbl_employee_profile` VALUES ('1', '6', '1', '1', 'RS189', 'Nasirul Akbar Khan', 'Upal', 'male', '1985-04-30', 'Upal', 'male', 'nasir@ryansplus.com', '2017-02-18', '01676171372', 'B+', '2012-06-08', '01676171372', 'separated', '5\'6\"', '', '-', 'test', 'BSC Computer Science & Engineering,', '281/2 Ibrahimpur, Dhaka-Cantonment, Dhaka', 'Banglanews24.com a concern of Bashundhara Group', '21', '15', '0', '0', '1');
INSERT INTO `tbl_employee_profile` VALUES ('2', '6', '9', '22', 'RS210', 'Md. Abu Taher Talukder', '', 'male', '1981-04-10', 'Md. Mazibur Rahman Talukder', 'Most. Fatema Rahman', '-', '2009-10-01', '01851014961', 'A+', '5\'7\"', '73KG', 'married', '', '', '1317656056487', '', 'Vill- Bockchar, P.O- Pitambordi ,P.S - Matlab Dakkhin, Dist-Chandpur', 'House No-17,Block - A, Ave-1, Section - 11,Mirpur, Dhaka -1216', '', '0', '15', '0', '0', '1');
INSERT INTO `tbl_employee_profile` VALUES ('1', '6', '2', '2', 'RS180', 'Juthy Khan', '', 'female', '2017-02-14', '-', '', 'jkhan@ryansplus.com', '2015-12-01', '01755513990', 'A+', '', '', 'unmarried', '', '', '0', '', '-', '', 'Ryans Archives Limited\njoining date:01.02.2012', '0', '15', '0', '0', '1');
INSERT INTO `tbl_employee_profile` VALUES ('1', '6', '18', '3', 'RS175', 'Md. Ayub Ali', '', 'male', '2017-02-14', '-', '', 'ayub@ryansplus.com', '2017-02-14', '', 'B+', '', '', 'married', '', '', '2694813493682', '', '-', '', '', '0', '15', '0', '0', '1');
INSERT INTO `tbl_employee_profile` VALUES ('1', '6', '1', '4', 'RS188', 'Md. Rezwanul Haque', 'Shiplu', 'male', '1979-04-10', 'Md.Enamul Haque', '', '-', '2016-04-01', '', 'O+', '', '', 'married', '', '', '2691647006915', '', '-', '', '', '0', '15', '0', '0', '1');
INSERT INTO `tbl_employee_profile` VALUES ('1', '6', '2', '5', 'RS367', 'Bithy Khan', '', 'female', '1980-08-26', 'Faruk Khan', '', 'bithy@ryansplus.com', '2014-08-06', '', 'A+', '', '', 'unmarried', '', '', '5612211936325', '', '-', '', 'Ryans Archives Ltd.', '0', '15', '0', '0', '1');
INSERT INTO `tbl_employee_profile` VALUES ('1', '6', '2', '6', 'RS276', 'Md. Saiful Islam', '', 'male', '2017-02-14', 'Md. Mortuza Hossain', '', 'saif@ryansplus.com', '2012-09-05', 'O1670189209', 'AB+', '', '', 'married', '', '', '2694814933398', '', '-', '', 'Vision Momentum', '0', '15', '0', '0', '1');
INSERT INTO `tbl_employee_profile` VALUES ('1', '6', '2', '7', 'RS275', 'Md. Saidur Rahman', '', 'male', '2017-02-14', 'Abdus Salam Khan', '', 'said@ryansplus.com', '2013-09-01', '', 'B+', '', '', 'unmarried', '', '', '3515883828841', '', '-', '', 'Softlink Group', '0', '15', '0', '0', '1');
INSERT INTO `tbl_employee_profile` VALUES ('1', '6', '2', '8', 'RS053', 'S M Salim Reza', '', 'male', '1982-02-01', 'Late S M Shakhawat Hossain', '', 'reza@ryansplus.com', '2017-02-14', 'O1755513996', 'A+', '', '', 'married', '', '', '2694810978626', '', '-', '', 'Kazi Abedin Tex  Ltd.', '0', '15', '0', '0', '1');
INSERT INTO `tbl_employee_profile` VALUES ('1', '6', '10', '9', 'RS048', 'Md. Shazedul Karim', '', 'male', '2017-02-14', 'Late Reazul Hossain', '', 'sazed@ryansplus.com', '2010-09-16', '01755513965', 'A+', '', '', 'married', '', '', '2697 5574 12388', '', '-', '', '', '0', '15', '0', '0', '1');
INSERT INTO `tbl_employee_profile` VALUES ('2', '6', '11', '10', 'RS194', 'Masudul Alam', 'Ripon', 'male', '1987-11-05', 'Md. Mahtub  Uddin', 'Mazeda Khatun', 'ripon@ryansplus.com', '2010-12-01', '01755513980', 'A+', '5\' 10\"', '80 KG', 'married', '', '', '2699040682632', '', 'Vill+P.O - Gafar Gaon, Dist : Mymensingh.', 'House- 245, East Kazipara, Mirpur.', '', '0', '15', '0', '0', '1');
INSERT INTO `tbl_employee_profile` VALUES ('1', '6', '3', '11', 'RS176', 'Md. Noura Alam Siddiki', 'Alam', 'male', '2017-02-14', '-', '', 'alam@ryansplus.com', '2017-02-14', '01755513999', 'O+', '', '', 'married', '', '', '6112225998933', '', '-', '', '', '0', '15', '0', '0', '1');
INSERT INTO `tbl_employee_profile` VALUES ('1', '6', '19', '12', 'RS178', 'Sk.Md.Mostafizur Rahman', '', 'male', '2017-02-14', '-', '', 'mostafizur@ryansplus.com', '2017-02-16', '', 'B+', '', '', 'married', '', '', '1', '', '-', '', '', '0', '15', '0', '0', '1');
INSERT INTO `tbl_employee_profile` VALUES ('1', '6', '2', '13', 'RS354', 'Md. Shahriar Khan', '', 'male', '1983-11-29', 'A M M Salahuddin Khan', '', 'shahriar.ryans@gmail.com', '2014-05-21', '01916916744', 'B+', '', '', 'married', '', '', '2695045903479', '', '-', '', '', '0', '15', '0', '0', '1');
INSERT INTO `tbl_employee_profile` VALUES ('1', '6', '10', '14', 'RS049', 'Md. Mofizul Islam', '', 'male', '1981-06-16', 'Late Md.Siraz Uddin', '', 'mofizulislam.ryans@gmail.com', '2012-02-06', '01710967952', 'O+', '', '', 'married', '', '', '6914127037004', '', '-', '01918425285', '', '0', '15', '0', '0', '1');
INSERT INTO `tbl_employee_profile` VALUES ('1', '6', '2', '15', 'RS119', 'Anup Kumar Das', '', 'male', '2017-02-16', '-', '', 'anup@ryansplus.com', '2017-02-16', '', 'B+', '', '', 'married', '', '', '2691651183031', '', '-', '', '', '0', '15', '0', '0', '1');
INSERT INTO `tbl_employee_profile` VALUES ('1', '6', '2', '16', 'RS356', 'Md. Mostafa Zaman', '', 'male', '1985-08-20', 'Md. Mostafa kamal', '', '-', '2014-05-20', '', 'B+', '', '', 'married', '', '', '1591017600559', '', '-', '', 'Dhaka Womens University College', '0', '15', '0', '0', '1');
INSERT INTO `tbl_employee_profile` VALUES ('1', '6', '15', '17', 'RS485', 'Md. Hasinur Rahman', 'Sani', 'male', '1987-12-20', 'Md. Shahzahan Ali Fakir', '', 'sani.ryans@gmail.com', '2015-12-21', '01755513987', 'A+', '', '', 'unmarried', '', '', '8818942040874', '', '-', '', '', '21', '15', '0', '0', '1');
INSERT INTO `tbl_employee_profile` VALUES ('1', '6', '14', '18', 'RS324', 'Md.Ariful Islam', 'Fahim', 'male', '1990-11-20', 'Md. Ismail Hossain', 'Most. Asma Parvin', 'fahim.ryans@gmail.com', '2014-09-01', '01623998984', 'B+', '5\' 10\"', '71 KG', 'unmarried', '', '', '19908819414000457', '', 'Vill+Post: Barahar, P.S: Ullapara, Dist.: Sirajganj', '867 East Kazipara, Dhaka.\n', '', '21', '15', '0', '0', '1');
INSERT INTO `tbl_employee_profile` VALUES ('1', '6', '7', '19', 'RS184', 'Samiron Barai', '', 'male', '1987-12-05', 'Ranajit barai', '', 'samiron@saatdin.com', '2017-02-16', '01937116698', 'A+', '', '', 'married', '', '', '2694813613735', '', '-', '', 'Vision Momentum Ltd.', '0', '15', '0', '0', '1');
INSERT INTO `tbl_employee_profile` VALUES ('1', '6', '20', '20', 'RS380', 'Md. Mashiur Rahman', '', 'male', '1981-01-11', 'Md.Shamsul Alam', '', 'mashiur@ryansplus.com', '2017-02-16', '', 'A+', '', '', 'married', '', '', '9325705992322', '', '-', '', 'Aknet', '0', '15', '0', '0', '1');
INSERT INTO `tbl_employee_profile` VALUES ('1', '6', '19', '21', 'RS531', 'Md. Abu Monsur Sarker', '', 'male', '2017-02-14', 'Md. Abdul Mannan Sarker', '', 'abumonsur.ryans@gmail.com', '2016-06-01', '01755513978', 'B+', '', '', 'married', '', '', '2697408892726', '', '-', '', '', '21', '15', '0', '0', '1');
INSERT INTO `tbl_employee_profile` VALUES ('2', '6', '13', '23', 'RS204', 'Md. Abdul Aual', '', 'male', '1989-12-10', 'Md.Ahammod Ali', 'Mst.Shahida Begum', '<aual.ryans@gmail.com', '2017-02-16', '01756605035', 'B+', '', '', 'unmarried', '', '', '2', '', 'Vill:Kongshi,Post:Porahati,Thana-Jhenaidah,Dis:-Jhenaidah', '', '', '0', '15', '0', '0', '1');
INSERT INTO `tbl_employee_profile` VALUES ('1', '7', '21', '24', 'RS089', 'Sayed Ashrarul Haque', '', 'male', '1985-08-02', 'Syed Mujibur Rahman', 'Jahura Begum', 'shanto@ryansplus.com', '2017-02-18', '01941713189', 'O+', '5\'6\'', '55Kg', 'married', '', '', '9316639883038', '', 'Gorail, Mirzapur, Tangail', '', '', '0', '15', '0', '0', '1');
INSERT INTO `tbl_employee_profile` VALUES ('1', '7', '21', '25', 'RS088', 'Md. Rasheduzzaman', '', 'male', '1987-07-24', 'Md.Mahfuzur Rahman', 'Rabeya Khatun', '-', '2012-02-06', '01744796715', 'B+', '5\'7\"', '64 Kg', 'married', '', '', '1012785195171', '', 'Nischintopur, Pirhati,Dhunat, Bogra.', 'Guptopara, Rangpur', '', '0', '15', '0', '0', '1');
INSERT INTO `tbl_employee_profile` VALUES ('1', '7', '21', '26', 'RS263', 'Md.Abul Basar Siddique', '', 'male', '1984-11-29', 'MD.Abu Bakker Siddique', 'Let-Aleya Bulbul', 'basar.ryans@gmail.com', '2013-07-06', '01769156888, 01740393007', 'B+', '5\'11\"', '76Kg', 'married', '', '', '8524907085413', '', 'H#99, R#01, West Babukha, Rangpur', 'H#99, R#01, West Babukha, Rangpur', '', '0', '15', '0', '0', '1');
INSERT INTO `tbl_employee_profile` VALUES ('1', '7', '21', '27', 'RS527', 'Shahnaj Siraj Sumi', '', 'female', '1989-01-01', 'MD.Shahjahan Siraj', 'Mina Begum', '-', '2017-02-18', '01719107330, 01744681550', 'A+', '5\"', '40Kg', 'married', '', '', '2695044890445', '', 'Horinmari, Palashbari, Gaibandha', '', '', '0', '15', '0', '0', '1');
INSERT INTO `tbl_employee_profile` VALUES ('1', '7', '21', '28', 'RS579', 'Md.Hahibur Rahman', '', 'male', '1987-07-02', 'MD.Golam Mostofa', 'Most.Hamida Begum', '-', '2016-09-28', '01768944157, 01719421942', 'O+', '5\'4\"', '62Kg', 'married', '', '', '8514971445088', '', 'Uttar Prizabad, Jugipara, Uposhahar, Rangpur.', 'Uttar Prizabad, Jugipara, Uposhahar, Rangpur.', '', '0', '15', '0', '0', '1');
INSERT INTO `tbl_employee_profile` VALUES ('1', '7', '21', '29', 'RS437', 'Md. Nazmul Islam', '', 'male', '1988-02-07', 'MD.Rashedul Islam', 'Nasrin Begum', '-', '2015-08-05', '01916474077', 'A+', '5\'8\"', '74Kg', 'unmarried', '', '', '19788524902189152', '', 'Vogibalapara, Uposhahor, Katuali, Rangpur', 'H - 002, M-E-S, Power House Area, Rangpur Cantt. Rangpur', '', '0', '15', '0', '0', '1');
INSERT INTO `tbl_employee_profile` VALUES ('1', '7', '21', '30', 'RS526', 'Md . Al Amin', '', 'male', '1989-09-10', 'Md.Raich Uddin Prodhan', 'Most.Khaleda Begum', '-', '2016-05-01', '01773232010', 'AB+', '5\'7\"', '72Kg', 'single', '', '', '8517682596768', '', 'Soyekpur, Pirgonj, Rangpur', 'H - 227/4, R - 3 South Thikadarpara, Rangpur', '', '0', '15', '0', '0', '1');
INSERT INTO `tbl_employee_profile` VALUES ('1', '7', '21', '31', 'RS592', 'Most. Mohsena Akter', '', 'female', '1992-09-03', 'Md.Monjurul Haque', 'Most.Afroja Begum', '-', '2016-11-24', '01768860492', 'A+', '5\'2\"', '51 KG', 'unmarried', '', '', '19924915219000226', '', 'Kutipayradangga, Nagerswari, Kurigram', 'Jail Quarter, Medical More, Rangpur.', '', '0', '15', '0', '0', '1');
INSERT INTO `tbl_employee_profile` VALUES ('1', '7', '20', '32', 'RS087', 'Md Forhad Akhtar', '', 'male', '1988-01-13', 'Md.Shahidul islam', 'Goul Akter banu', '-', '2017-02-18', '01714763339', 'O+', '5\'6\"', '61 KG', 'single', '', '', '8514947511670', '', 'Binnatari, Ceranirhat, Sadar Rangpur', 'Binnatari, Ceranirhat, Sadar Rangpur', '', '0', '15', '0', '0', '1');
INSERT INTO `tbl_employee_profile` VALUES ('1', '7', '20', '33', 'RS493', 'Rasel Ahmed Sohel', '', 'male', '1990-12-31', 'Md.Tara Mia', 'Most.Renu begum', '-', '2016-01-19', '01798477016', 'O+', '5\'7\"', '64Kg', 'unmarried', '', '', '19907227405000018', '', 'Kazi Road, Netrokona Sadar.', 'North Nurpur, Rangpur', '', '0', '15', '0', '0', '1');
INSERT INTO `tbl_employee_profile` VALUES ('1', '7', '20', '34', 'RS086', 'Fahim Uddin', 'Firoj', 'male', '2017-02-18', 'Let.Mofiz Uddin', 'Let.Firoza Khatun', '-', '2017-02-18', '01721954946', 'B+', '5\'5\"', '58 Kg', 'single', '', '', '6112225984756', '', 'Gorabaer, Dogasia, Goforgaon, Mymensingh', 'Nurpur, Mohadevpur, Rangpur', '', '0', '15', '0', '0', '1');
INSERT INTO `tbl_employee_profile` VALUES ('1', '7', '22', '35', 'RS571', 'Md.Ashraful Islam', '', 'male', '1998-02-01', 'Md. Eftikharul Alam', 'Most.Lily Begum', '-', '2017-02-18', '01828058617', 'A+', '', '68 Kg', 'unmarried', '', '', '1998859495100023', '', 'Nurpur, Alamnagar, Sadar Rangpur', 'Nurpur, Alamnagar, Sadar Rangpur', '', '0', '15', '0', '0', '1');
INSERT INTO `tbl_employee_profile` VALUES ('1', '7', '22', '36', 'RS465', 'Md Taufik Mahabub', '', 'male', '1997-03-13', 'MD.Jahangir Alam', 'Most.Sahana Begum', '-', '2017-02-18', '01926881250', 'B+', '5\'6\"', '', 'unmarried', '', '', '19988594951000144', '', 'Thikadarpara, Shapla chattar, Rangpur', '', '', '0', '15', '0', '0', '1');
INSERT INTO `tbl_employee_profile` VALUES ('1', '7', '22', '37', 'RS573', 'Mehedi Hasan Manik', '', 'male', '1997-10-23', 'MD.Monsur Rahman', 'Most.Shahinur Rahman', '-', '2017-02-18', '017827040260', 'B+', '', '', 'unmarried', '', '', '3', '', 'Mahigonj, Rangpur', '', '', '0', '15', '0', '0', '1');
INSERT INTO `tbl_employee_profile` VALUES ('1', '7', '22', '38', 'RS090', 'Md. Tariqul Islam', '', 'male', '1978-01-01', 'Let.Afzal Uddin', 'Most.Asia Begum', '-', '2017-02-18', '01723059415', 'A+', '', '', 'married', '', '', '8524201201956', '', 'Haragas, Mayabazar, Rangpur', '', '', '0', '15', '0', '0', '1');
INSERT INTO `tbl_employee_profile` VALUES ('1', '7', '22', '39', 'RS590', 'Md. Aminur Islam', '', 'male', '1976-08-20', 'MD.Mashuda Rahman', 'Most.Ambia Begum', '-', '2017-02-18', '01992646706', 'B-', '', '', 'married', '', '', '8524208246844', '', 'Mollatary, Haragas, Rangpur', '', '', '0', '15', '0', '0', '1');
INSERT INTO `tbl_employee_profile` VALUES ('1', '8', '21', '40', 'RS382', 'Md. Hasan', '', 'male', '1994-02-15', 'Md. Abdul Malek', 'Hazera Begum', '-', '2014-10-19', '01840875223', 'B-', '5\'4\"', '64 KG', 'unmarried', '', '', '199440325108000003', '', 'Line jiree,  8 no Word, Lama, Bandarban', '', '', '0', '15', '0', '0', '1');
INSERT INTO `tbl_employee_profile` VALUES ('1', '8', '22', '41', 'RS575', 'Md. Hossain', '', 'male', '1999-02-10', 'Md. Abdul Malek', 'Hazera Begum', '-', '2016-10-01', '01828384921', 'B+', '5\'3\"', '50 KG', 'unmarried', '', '', '-', '', 'Line jiree 8 no Word Lama, Bandarban', 'Warless Shegun Bagan, 4 No Lane, Khulshi, Chittagong', '', '0', '15', '0', '0', '1');
INSERT INTO `tbl_employee_profile` VALUES ('1', '8', '21', '42', 'RS183', 'Sahrima Khan', '', 'female', '1990-09-09', 'Abdur Rahman', 'Aleya Begum', '-', '2016-11-08', '01629647110', 'B+', '5\"', '40Kg', 'n/a', '', '', '-', '', 'Vill:Shodghata, P.S:Ghior, Manikgonj', 'Halishahar, A Block, Chittagong', '', '0', '15', '0', '0', '1');
INSERT INTO `tbl_employee_profile` VALUES ('1', '8', '22', '43', 'RS329', 'Shahadat Hossain Jewel', '', 'male', '1996-08-17', 'Abu Jafar', 'Rokeya Begum', '', '2014-03-12', '01818894869', 'A+', '5\' 10\"', '', 'n/a', '', '', '19961591904000410', '', 'Golam Ali Nazir Bari, Nazir Bari Rd, Old Chadgaon , Chittagong', 'Golam Ali Nazir Bari, Nazir Bari Rd, Old Chadgaon , Chittagong', '', '0', '15', '0', '0', '1');
INSERT INTO `tbl_employee_profile` VALUES ('1', '8', '22', '44', 'RS574', 'Jobair Arafath', '', 'male', '1995-04-06', 'Md. ashfaq', 'Roksana Begum', '', '2016-10-01', '01851588491', 'O+', '5\'7\"', '50 KG', 'n/a', '', '', '-', '', 'Road: Golam Ali Nazir Bari, Old Chandgaon, Chittagong', 'Golam Ali Nazir Bari, Nazir Bari Rd, Old Chadgaon , Chittagong', '', '0', '15', '0', '0', '1');
INSERT INTO `tbl_employee_profile` VALUES ('1', '8', '21', '45', 'RS331', 'Mohammad Hasanuzzaman', '', 'male', '1988-08-14', 'Late Mohammad Ezahar Mia', 'Samsur Nahar', '-', '2014-04-12', '01819361267', 'B-', '5\'6\"', '69 KG', 'married', '', '', '1517469729317', '', 'Jasim Mansion, Rupnagar R/A, Aturer Dipu, Baizid, Chittagong', 'Jasim Mansion, Rupnagar R/A, Aturer Dipu, Baizid, Chittagong', '', '0', '15', '0', '0', '1');
INSERT INTO `tbl_employee_profile` VALUES ('1', '8', '21', '46', 'RS080', 'Md. Hamidul Haque Tussar', '', 'male', '1989-12-10', 'Md.Sadiqul Islam Mostafa', 'Mst. Hamida Begum Sabina', 'tussar@ryansplus.com', '2006-12-12', '01719971351', 'B+', '5\'7\"', '65 KG', 'n/a', '', '', '19897013763007621', '', 'Vill: Sonabar, Po: Deopura, Thana: Gomostapur, Chapai Nowabgonj, Rajshahi', 'Hazi Solaiman ali Bari, 2nd Floor, Nazir Bari Road, Old Chandgoang, Chittagong', '', '0', '15', '0', '0', '1');
INSERT INTO `tbl_employee_profile` VALUES ('1', '8', '20', '47', 'RS453', 'Md. Monirul Islam', 'Liton', 'male', '1979-06-30', 'Md. Foizul Islam', 'Most. Sufia Begum', '-', '2015-10-02', '01554339907, 031-2526685', 'B+', '5\'8\"', '73KG', 'married', '', '', '1592824052935', '', 'Abdus Sattar Custom Collector Bari, Badamtoli, Agrabad, Chittagong', 'Abdus Sattar Custom Collector Bari, Badamtoli, Agrabad, Chittagong', '', '0', '15', '0', '0', '1');
INSERT INTO `tbl_employee_profile` VALUES ('1', '8', '20', '48', 'RS522', 'S M Imranul Haque', '', 'male', '1990-03-13', 'Md. Nurul Haque', 'Most. Khatija Begum', '-', '2016-03-01', '01812725707', 'B+', '5\'8\"', '55Kg', 'n/a', '', '', '19901516118031993', '', 'C/O: KaziBari, Village: Daulatpur, P/O: Fazilkhar Hat (4371) P/S: Potiya, District: Chittagong', 'C/O: KaziBari, Village: Daulatpur, P/O: Fazilkhar Hat (4371) P/S: Potiya, District: Chittagong', '', '0', '15', '0', '0', '1');
INSERT INTO `tbl_employee_profile` VALUES ('1', '8', '21', '49', 'RS084', 'Shuva Barua', '', 'male', '1992-09-21', 'Nihar Ranjan Barua', 'Sakhi Barua', 'shuva.ryans@gmail.com', '2011-02-09', '01840700849', 'B+', '5\'8\"', '60 KG', 'n/a', '', '', '19921517431004012', '', 'Hoarapara, Rouzan, Chittagong', 'Mugoltuli, Chowmuhoni, Chittagong.', '', '0', '15', '0', '0', '1');
INSERT INTO `tbl_employee_profile` VALUES ('1', '8', '20', '50', 'RS078', 'Kali Das', '', 'male', '1987-05-12', 'Lalon Kanti Das', 'Rathna Rani Das', '-', '2013-05-24', '01558747770', 'O+', '5\'11\"', '62Kg', 'n/a', '', '', '1511247967936', '', 'C/O: Lalon Master Bari, Village: West Kadhurkhil, P/O: West Kadhurkhil, P/S: Boalkhali, District: Chittagong', 'C/O: Anondo Bhobon, Middle Mahara, Chandgaon, Chittagong', '', '0', '15', '0', '0', '0');
INSERT INTO `tbl_employee_profile` VALUES ('1', '9', '21', '51', 'RS073', 'Rajib Hasan Shohag', '', 'male', '1985-12-12', 'Late, Mohiuddin Howlader', 'Setara Gegum', 'shohag.ryans@gmail.com', '2006-08-01', '01716811133', 'A+', '5\' 10\"', '67Kg', 'n/a', '', '', '4224004116513', '', '20, Baher Road, Jhalakati.', 'Mirpur-12 , Dhaka.', '', '0', '15', '0', '0', '1');
INSERT INTO `tbl_employee_profile` VALUES ('1', '9', '21', '52', 'RS494', 'Shifat Mahmud', '', 'male', '1993-08-15', 'Md. Abdul latif', 'Jibon Nesa', 'anik.ryans@gmail.com', '2017-02-19', '01689308513', 'B+', '5\'9\'', '60 KG', 'single', '', '', '019933824705000037', '', 'Vill: Professor para, Post+P.S+Dist - Joypurhat', '', '', '0', '15', '0', '0', '1');
INSERT INTO `tbl_employee_profile` VALUES ('1', '9', '21', '53', 'RS456', 'Md. Masudur Rahman', '', 'male', '1973-09-06', 'Md. Hazi Golam Haider', 'Shorfun Naher', '', '2015-10-06', '', 'AB+', '5\'5\"', '58 Kg', 'married', '', '', '2694811004328', '', 'Vill - Shilasi, PO - Gofargaon, PS - Gofargaon, Dis - Mymensingh', 'Mirpur-1, Dhaka', 'IMart Ltd', '0', '15', '0', '0', '1');
INSERT INTO `tbl_employee_profile` VALUES ('1', '9', '21', '54', 'RS580', 'Mohammad Haiyul Bhouiyan', '', 'male', '1989-10-15', 'Mohammad Abdur Rouf Bhouiyan', 'Bedena Akter', '', '2016-10-02', '01726300785', 'O+', '5\'5\"', '48Kg', 'unmarried', '', '', '19894813317947307', '', 'Shimla, Badla, Itna, Kishoreganj', '105/1/A Shukrabad, Dhanmondi', '', '0', '15', '0', '0', '1');
INSERT INTO `tbl_employee_profile` VALUES ('1', '9', '20', '55', 'RS555', 'Md.Mizanur Rahman Liton', '', 'male', '1985-06-16', 'Md. Abdul Sattar', 'Shahida Begum', '', '2016-08-17', '01684675407', 'B+', '5\'5\"', '56Kg', 'unmarried', '', '', '19852613451302812', '', 'Village - Malikgram, P.S - Magura, P.O - Magura, Dast - Magura', 'House # 50/A, Road # 11, Kallyanpur, Dhaka-1207', '', '0', '15', '0', '0', '1');
INSERT INTO `tbl_employee_profile` VALUES ('1', '9', '4', '56', 'RS295', 'Thamina Akter', 'Lubna', 'female', '1991-12-26', 'Md. Fazlur Rahman', 'Rahana Akter', '', '2013-11-09', '01715826248', 'A+', '5\'3\"', '50 KG', 'n/a', '', '', '19912616882000027', '', '120, South Manda, Dhaka-1214', '120, South Manda, Dhaka-1214', '', '0', '15', '0', '0', '1');
INSERT INTO `tbl_employee_profile` VALUES ('1', '9', '20', '57', 'RS515', 'Ashish Saha Joy', '', 'male', '1980-01-01', 'Gopi Ballave Saha', 'Vagga Rani Saha', '', '2017-02-19', '', 'O+', '5\'5\"', '69 kg', 'married', '', '', '2696830033765', '', 'Village - Barkul (North) P.O - Barkul, P.S - Hajigonj, Dast: Chandpur', 'House # 3/A, Road # 144, South Pirearbagh, Mirpur Dhaka,', '', '0', '15', '0', '0', '1');
INSERT INTO `tbl_employee_profile` VALUES ('1', '9', '21', '58', 'RS563', 'Md. Sunnatul Jihad', '', 'male', '1990-02-04', 'Md. Mahabubur Rahman', 'Most. Samsun Nahar Begum', '', '2016-08-28', '01754093355', 'O+', '5\'4\"', '56Kg', 'unmarried', '', '', '19903222401000022', '', '56/A Bridge Road, Gaibandha', 'Kazipara, Mirpur, Dhaka', '', '0', '15', '0', '0', '1');
INSERT INTO `tbl_employee_profile` VALUES ('1', '9', '22', '59', 'RS482', 'Md. Hossain', '', 'male', '2000-05-24', 'Md. Badrul Islam Badal', 'Hosnera Ara', '', '2015-12-03', '01747407140', 'n/a', '5\'5\"', '51 KG', 'unmarried', '', '', '-', '', 'Gaffargaon, mymensingh', 'Barobari, Gazipur', '', '0', '15', '0', '0', '1');
INSERT INTO `tbl_employee_profile` VALUES ('1', '9', '21', '60', 'RS577', 'Md Alauddin', '', 'male', '1990-01-01', 'Md. Mostafa', 'Fatema', '', '2017-02-19', '01631479542', 'A+', '', '', 'unmarried', '', '', '7510756552882', '', 'Shindur Kaith, Chowdhury Bari, Bangla Bazar , Begum gonj, Noakhali.', '', '', '0', '15', '0', '0', '1');
INSERT INTO `tbl_employee_profile` VALUES ('1', '9', '21', '61', 'RS126', 'Md.Salim Reza', '', 'male', '1988-02-27', 'MD. Jalal Uddin', 'Halima Begum', '', '2017-02-19', '01725663324', 'AB+', '5\'7\"', '62Kg', 'unmarried', '', '', '1014047952682', '', 'Vill - Sultanpur, PO - Kagoil, PS - Gabtali, Dist - Bogra', '', '', '0', '15', '0', '0', '1');
INSERT INTO `tbl_employee_profile` VALUES ('1', '10', '20', '62', 'RS072', 'Mithun Kumer Saha', '', 'male', '1988-01-08', 'Madhu Sudan Saha', 'Dipali Rani Saha', '', '2017-02-19', '01714350943', 'O+', '5\'7\"', '73KG', 'n/a', '', '', '695106149695', '', 'Gogon Goli, Doptorkhana Road, Barisal-8200', 'Gogon Goli, Doptorkhana Road, Barisal - 8200', '', '0', '15', '0', '0', '1');
INSERT INTO `tbl_employee_profile` VALUES ('1', '10', '20', '63', 'RS513', 'Mahmudul Hasan', '', 'male', '1987-05-06', 'Md. Mojammel Haque', 'Mst. Firoja Haque', '', '2016-03-01', '01918876676', 'B+', '5\'5\"', '63 Kg', 'unmarried', '', '', '5027102469250', '', '22/23 Durgapur, Kumarkhali, Kushtia', 'Godhuli, Munsur Quarter, Bottola, Barisal - 8200', '', '0', '15', '0', '0', '1');
INSERT INTO `tbl_employee_profile` VALUES ('1', '10', '22', '64', 'RS593', 'Md. Nizam Khan', '', 'male', '1990-08-15', 'Md.Nuru Hossain Khan', 'Mas. Ferozia Begum', '', '2016-12-01', '01742942892', 'n/a', '5\' 10\"', '65 KG', 'unmarried', '', '', '19900610767000184', '', 'Vill-Bagdia, P.o-Kolaskatia,  Thana-Bakergonj,  Dist-Barisal.', 'Sagordi, Dokhein Alekandda, Barisal.', '', '0', '15', '0', '0', '1');
INSERT INTO `tbl_employee_profile` VALUES ('1', '10', '22', '65', 'RS070', 'Shariful Islam', '', 'male', '1989-08-03', 'Babul Sarder', 'Beauti  Begum', '', '2017-02-19', '01787508561', 'O+', '5\'1\"', '50 KG', 'unmarried', '', '', '19895414011000057', '', 'Vill-Uttar Kolchori Sosttal,  P,o-Fashiotola. Thana-Kalkini. Dist-Madharipur.', 'Kala Khan Shorok, Kaoniya, Barisal', '', '0', '15', '0', '0', '1');
INSERT INTO `tbl_employee_profile` VALUES ('1', '10', '21', '66', 'RS071', 'Mehedi Hasan', '', 'male', '1985-01-01', 'Delower Hossain', 'Rokeya Begum', '', '2017-02-19', '01712293766', 'B+', '5\'6\"', '69 KG', 'unmarried', '', '', '4795123427986', '', 'Vill - Aoz, P/O - Charmugria, P/S - Madaripur, Dist - Madaripur', 'Monosha Bari Lane,Kawnia Main Road,Barisal', '', '0', '15', '0', '0', '1');
INSERT INTO `tbl_employee_profile` VALUES ('1', '11', '21', '67', 'RS077', 'Syed Kamrul Hasan', 'Kamrul', 'male', '1975-01-20', 'Syed Mojibur Rahman', 'Zohura Begum', 'kamrul.ryans@gmail.com', '2011-08-02', '01791501031', 'O+', '5\'9\"', '69 KG', 'married', '', '', '9316639883036', '', 'Gorail,Mirzapur,Tangail', 'Kalitolahat Bogra', 'Novel Computer Ltd.', '0', '15', '0', '0', '1');
INSERT INTO `tbl_employee_profile` VALUES ('1', '11', '20', '68', 'RS319', 'Sujan Kumar Mohanta', '', 'male', '1984-06-29', 'Lats: Nitay Chandra Mohanta', 'Sandha Mohanta', 'sujan.ryans@gmail.com', '2017-02-20', '01951 987898', 'B+', '5\' 10\"', '65 KG', 'married', '', '', '1022003024221', '', 'Shibbati G.G Roy Lane , Bogra', '', '', '0', '15', '0', '0', '1');
INSERT INTO `tbl_employee_profile` VALUES ('1', '11', '22', '69', 'RS413', 'Md. Morshed Alam', 'Tomal', 'male', '1994-03-17', 'Md. Alamgir Hosan (Alam)', 'Beauty Begum', '', '2015-04-01', '01754 157193', 'O+', '5\'7\"', '57Kg', 'unmarried', '', '', '19941022003000157', '', 'Katnarpara , Bogra', 'Katnarpara , Bogra', '', '0', '15', '0', '0', '1');
INSERT INTO `tbl_employee_profile` VALUES ('1', '11', '21', '70', 'RS075', 'Md.Mizanur Rahman', '', 'male', '1983-04-26', 'Md. Saiduzzaman', 'Rabia Begum', 'mizan.ryans@gmail.com', '2011-04-01', '01727954020', 'O+', '5\'5\"', '60 KG', 'married', '', '', '6914127039426', '', 'Vill - Khamarpathuria, Post - Naopara Hat, P.S - Gurudashpur, Natore', 'Katnar Para, Bogra', '', '0', '15', '0', '0', '1');
INSERT INTO `tbl_employee_profile` VALUES ('1', '11', '22', '71', 'RS572', 'Md. Ajharul Islam', '', 'male', '1999-06-17', 'Md. Asim Uddin', 'Anowra Begum', '', '2017-02-20', '01761 290864', 'n/a', '5\'2\"', '45Kg', 'unmarried', '', '', '859247199900363', '', 'Dhakhin Hazi Pur, Taragonj, Rangpur', '', '', '0', '15', '0', '0', '1');
INSERT INTO `tbl_employee_profile` VALUES ('1', '11', '22', '72', 'RS455', 'Md. Moksedul  Islam', '', 'male', '1993-03-10', 'Abdur Salam', 'Monoara Begum', '', '2015-10-04', '01878389554', 'n/a', '5\'3\"', '55Kg', 'unmarried', '', '', '19938519247001662', '', 'Mina Nagor Matelpara , Taragonj, Rangpur', 'Katnarpara, Bogra', '', '0', '15', '0', '0', '1');
INSERT INTO `tbl_employee_profile` VALUES ('1', '11', '20', '73', 'RS429', 'Md. Kamrul Hasan', '', 'male', '1974-07-31', 'Md. Delower Hossain', 'Late- Ranowara', '', '2015-08-01', '01916 363904', 'O+', '5\'6\"', '65 KG', 'married', '', '', '2693622416213', '', 'Haydarabad Hosnar tek, Gazipur Sadar, Gazipur', 'Katnarpara, Bogra', 'Delta System Ltd.', '0', '15', '0', '0', '1');
INSERT INTO `tbl_employee_profile` VALUES ('1', '11', '21', '74', 'RS578', 'Md. Zakir Hossain', '', 'male', '1984-05-10', 'Md. Ramjan Ali', 'Josna Begum', '', '2017-02-20', '01727973144', 'B+', '5\'7\"', '68 KG', 'married', '', '', '1022003028222', '', 'Shibbati Shahi Mosque Len, Bogra', 'Kalitola Hat, Bogra.', '', '0', '15', '0', '0', '1');
INSERT INTO `tbl_employee_profile` VALUES ('1', '12', '20', '75', 'RS566', 'Md. Anowar Hossain', '', 'male', '1996-07-18', 'Md. Momtaz Uddin', 'Mst. Nasima Khatun', '', '2016-09-19', '01768987772', 'B+', '5\'8\"', '68 KG', 'unmarried', '', '', '20076112282045280', '', 'Vill - Pukuria, P.O - Gofargaon, P.S - Gofargaon, Dist - Mymenshingh', '37/1 Natok Gharlen, Mymenshingh', '', '0', '15', '0', '0', '1');
INSERT INTO `tbl_employee_profile` VALUES ('1', '12', '22', '76', 'RS581', 'Md. Imran Hosain', '', 'male', '1998-06-10', 'Md. Samsul Huda', 'Mst.Shefali Khatun', '', '2016-10-04', '01738568712', 'O+', '5\'2\"', '52 KG', 'unmarried', '', '', '19986112225105428', '', 'Vill - Goraber, P.O - Dugasiya, P.S - Gaffargaon, Dist - Mymenshingh', '37/1 Natok Ghorlen,Mymenshingh', '', '0', '15', '0', '0', '1');
INSERT INTO `tbl_employee_profile` VALUES ('1', '12', '21', '77', 'RS092', 'Md.Al Zamil', '', 'male', '1987-01-06', 'Md. Monem', 'Fahima Khatun', 'zamil.ryans@gmail.com', '2012-03-01', '01718355147', 'B+', '5\'6\"', '62Kg', 'n/a', '', '', '5112269122452', '', '\"Vill - Shandaian, P.O - Rasulpur\nP.S. - Gafargaon, Dist. - Mymensingh\"', 'A.B.Siddique Mansion (Ground Floor). 38/3 R.K Mission Road, Mymensingh', '', '0', '15', '0', '0', '1');
INSERT INTO `tbl_employee_profile` VALUES ('1', '12', '21', '78', 'RS583', 'Md.Motiur Rahman', ' Mamun', 'male', '1992-08-06', 'Md.Momtaz Uddin', 'Rahma Khatun', '', '2016-10-16', '01798020834', 'B+', '5\'7\"', '65 KG', 'unmarried', '', '', '1996211225000309', '', '\"Vill - Gafargaon, P.O - Gafargaon\nP.S. - Gafargaon, Dist. - Mymensingh\"', '37/1 Natok  Ghorlen Mymensingh', '', '0', '15', '0', '0', '1');
INSERT INTO `tbl_employee_profile` VALUES ('1', '12', '22', '79', 'RS091', 'Md. Asraful Islam', 'Bulbul', 'male', '1987-05-18', 'Md.Nurul Huda', 'Rahima katuna', '', '2011-03-24', '01763030988', 'B+', '5\'5\"', '55Kg', 'unmarried', '', '', '6112225984752', '', '\"Vill - Garabera, P.O - Dugachiya\nP.S. - Gafargaon, Dist. - Mymensingh\"', '37/1 Natok  Ghorlen Mymensingh,', '', '0', '15', '0', '0', '1');
INSERT INTO `tbl_employee_profile` VALUES ('1', '12', '21', '80', 'RS094', 'Rajat Paul', '', 'male', '1992-03-10', 'Ratan Paul', 'Chanda Paul', '', '2011-09-12', '01736991972', 'A+', '5\'8\"', '60 KG', 'unmarried', '', '', '19926125210000121', '', '5/B , Girish Chakraborty Road, Mymensingh', '5/B , Girish Chakraborty Road,Mymensingh', '', '0', '15', '0', '0', '1');
INSERT INTO `tbl_employee_profile` VALUES ('1', '12', '20', '81', 'RS524', 'Md. Rajib Chowdhury', '', 'male', '1988-02-02', 'Md. Rafiqul Islam', 'MST. Sefali Begum', '', '2016-03-29', '01859523689', 'O+', '5\'3\"', '54 KG', 'unmarried', '', '', '2695041742283', '', '76, (3rd flor) West Agargaon, Sher-e Bangla Nagor, Dhaka - 1207', '37/1 Natok Gharlen,Mymenshingh', '', '0', '15', '0', '0', '1');
INSERT INTO `tbl_employee_profile` VALUES ('1', '13', '21', '82', 'RS539', 'Md.Hainf Sarder', '', 'male', '1995-01-02', 'Abdur Rob Sarder', 'Rijia Bagum', '', '2017-02-20', '01616610413', 'A+', '5\'4\"', '49Kg', 'unmarried', '', '', '199506140009450', '', 'C/O - Osman Sarder, Village - Hastisunda, Post - Hastisunda, Thana - Ujirpur, Dist - Barisal', 'Dia Bari Mirpur 1 Dhaka.', '', '0', '15', '0', '0', '1');
INSERT INTO `tbl_employee_profile` VALUES ('1', '13', '21', '83', 'RS501', 'Md.Mahfizur Rahman', ' Rasel', 'male', '1989-09-06', 'Late. Moslem Uddin', 'Mst. Monwara Begum', 'mahfizur.ryans@gmail.com', '2016-02-05', '01717424984', 'O+', '5\'9\"', '71 KG', 'unmarried', '', '', '8119454731431', '', 'C/O - Late-Moslim Uddin, H - 31, Villlage - Headbilli, Post Office - Chokhor, Police station - Thanor,  District - Rajshahi', 'Chamelibagh,Shantinagar,Dhaka', '', '0', '15', '0', '0', '1');
INSERT INTO `tbl_employee_profile` VALUES ('1', '13', '21', '84', 'RS536', 'Ashikul Haque', '', 'male', '1995-12-14', 'Muzahidul Salim', 'Jahanara Khanam', '', '2016-06-01', '01715350926', 'O+', '5\'6\"', '58 Kg', 'unmarried', '', '', '-', '', 'Airon, Kawkhali, Pirojpur', 'Malibag , Dhaka.', '', '0', '15', '0', '0', '1');
INSERT INTO `tbl_employee_profile` VALUES ('1', '13', '21', '85', 'RS366', 'Sonia Akter', '', 'female', '1989-09-08', 'Md. Monir Hossain', 'Sahanaj Bagum', '', '2017-02-20', '01914905060', 'AB+', '5\'5\"', '50 KG', 'married', '', '', '19892696402545691', '', '317/4, A, Khilgaon, Tilpapara, Dhaka - 1219', '317/4, A, Khilgaon, Tilpapara, Dhaka - 1219', 'Businesslink Compters Ltd.', '0', '15', '0', '0', '1');
INSERT INTO `tbl_employee_profile` VALUES ('1', '13', '20', '86', 'RS148', 'Md. Mizanur Rahman', '', 'male', '1992-07-08', 'Md. Moniruzzaman.', 'Asma Begum.', 'mizanur.ryans@gmail.com', '2017-02-20', '01715348263', 'O+', '5\'8\"', '62Kg', 'unmarried', '', '', '19922613235000652', '', '1914, South Dania, Kadamtoli, Dhaka - 1236', '', '', '0', '15', '0', '0', '1');
INSERT INTO `tbl_employee_profile` VALUES ('1', '13', '20', '87', 'RS565', 'Anamul Haque', '', 'male', '1989-02-21', 'Abdur Rawf Molla', 'Ms. Sufiya Begum', '', '2016-09-19', '01717631299', 'B+', '5\'5\"', '60 KG', 'unmarried', '', '', '2916278995641', '', 'Vill - Road, Nidhiprotti, Kholishadubi, PO - Bahirdiya - 7860, Faridpur', '391, East Goran, Khilgaon, Dhaka-1219', '', '0', '15', '0', '0', '1');
INSERT INTO `tbl_employee_profile` VALUES ('1', '13', '21', '88', 'RS564', 'Farabe Al Mahrub', '', 'male', '1993-10-23', 'Mirza Majbah Uddin Ahamed', 'Kohinoor Begum', '', '2016-09-19', '01916501318', 'B+', '5\' 10\"', '80 KG', 'unmarried', '', '', '19932696402000749', '', 'House - 28, Road - 25, Block - D, Section -12, Mirpur, Dhaka - 1216', 'House - 28, Road - 25, Block - D, Section -12, Mirpur, Dhaka -1216', '', '0', '15', '0', '0', '1');
INSERT INTO `tbl_employee_profile` VALUES ('1', '14', '21', '89', 'RS 504', 'Foyazur Rahman', '', 'male', '1991-09-21', 'Md. Fazlur Rahman', 'Mst. Bilkis Ara', '', '2017-02-20', '01912133323', 'O+', '5\'8\"', '58 Kg', 'unmarried', '', '', '19914114789000430', '', 'Jessore', 'Rajshahi', '', '0', '15', '0', '0', '1');
INSERT INTO `tbl_employee_profile` VALUES ('1', '14', '21', '90', 'RS098', 'Md. Monsur Rahman', '', 'male', '1986-08-22', 'Md. Bulu Pk', 'Munjuara Begum', 'monsur.ryans@gmail.com', '2010-12-20', '01738738173', 'B+', '5\'4\"', '68 KG', 'married', '', '', '6914127039414', '', 'Khamarpathuria, Nowparahat, Gurudashpur, Natore', 'Tikapara, Bowalia, Rajshahi.', '', '0', '15', '0', '0', '1');
INSERT INTO `tbl_employee_profile` VALUES ('1', '14', '22', '91', 'RS096', 'Abu Bakor Siddek', '', 'male', '1989-12-07', 'Md. Kamal Uddin', 'Momotaz Begum', '', '2013-03-17', '01918375338', 'B+', '5\'2\"', '65 KG', 'unmarried', '', '', '19896112225000042', '', 'Goraber, Dugachia, Gaforgon, Mymensingh', 'Sadurmor, Rajshahi.', '', '0', '15', '0', '0', '1');
INSERT INTO `tbl_employee_profile` VALUES ('1', '14', '21', '92', 'RS134', 'Shaikh Md. Raju', '', 'male', '1987-04-14', 'Shaikh md. Baboar Ali', 'Nargis Begum', 'razu.ryans@gmail.com', '2014-04-11', '01719973941', 'AB+', '5\'6\"', '72Kg', 'married', '', '', '6515218542545', '', 'Kumerdainga, Mokimpur, lohagara, Naraial', 'Sdurmor, Rajshahi', '', '0', '15', '0', '0', '1');
INSERT INTO `tbl_employee_profile` VALUES ('1', '14', '20', '93', 'RS504', 'Foyazur Rahman', '', 'male', '1991-09-21', 'Fazlur rahman', '', '', '2017-02-20', '', 'O+', '', '', 'unmarried', '', '', '19914114789000430', '', '-', '', 'Global brand Pvt. ltd', '0', '15', '0', '0', '1');
INSERT INTO `tbl_employee_profile` VALUES ('1', '15', '21', '94', 'RS079', 'Md.Abdur Rahim', '', 'male', '2017-09-17', 'Late Fazlul Hoq', 'Mrs.Norjohan Begum', 'arahim.ryans@gmail.com', '2011-06-15', '0171561977, 01981711699', 'O+', '5\'7\"', '82 KG', 'married', '', '', '19852696402549021', '', 'Vill - Nimdapara, Post - Shamkur,Thana - Moheshpur, Dist - Jhenaidah', '23/29, D Block, Mirpur - 12, Dhaka - 1216', 'Dibalok Multipurpose Cooperative society', '0', '15', '0', '0', '1');
INSERT INTO `tbl_employee_profile` VALUES ('1', '6', '2', '95', 'RS595', 'Mohammad Jahirul Islam', 'Raju', 'male', '2017-02-22', 'Saidul Haque', '', '', '2016-12-03', '0', 'A+', '', '', 'married', '', '', '19842695029000012', '', '-', '', '', '0', '15', '0', '0', '1');
INSERT INTO `tbl_employee_profile` VALUES ('1', '15', '21', '96', 'RS587', 'Sajib Halder', '', 'male', '1989-12-06', 'Syata Ranjan Halder', 'Knak Rani Halder', '', '2016-11-01', '01775928840', 'B+', '5\'6\"', '74Kg', 'unmarried', '', '', '120808135315', '', 'Bashibati, Dratana, Bagerhat, Bagerhat', 'Mirpur-12, Uttar Kalsi (Hundu para), Dhaka - 1216', '', '0', '15', '0', '0', '1');
INSERT INTO `tbl_employee_profile` VALUES ('1', '15', '21', '97', 'RS074', 'Ibrahim Rubel', '', 'male', '1994-06-09', 'Md. Sukkur Ali', 'Umme Kulsum', '', '2016-06-01', '01711440447', 'AB+', '5\'3\"', '45Kg', 'unmarried', '', '', '-', '', 'Vill+PO - Anurag, Ps - Nolcity, Dis - Jalakati, Barishal', 'House - 243/1A, Agergaon, Taltola, Dhaka', '', '0', '15', '0', '0', '1');
INSERT INTO `tbl_employee_profile` VALUES ('1', '15', '21', '98', 'RS537', 'Md. Bariul Sheikh', '', 'male', '1995-02-10', 'Md. Bala Meha Sheikh', 'Riba Begum', '', '2016-06-08', '01714667261', 'B+', '5\'3\"', '45Kg', 'unmarried', '', '', '19963090807134425', '', 'Vill - Kumar Danga, Po - Mokkem Pur, Ps - Lohogara, Dis - Narail', 'House 5/49, Mirpur Zoo Rood, Muktizuddha Complex, Dhaka - 1216', '', '0', '15', '0', '0', '0');
INSERT INTO `tbl_employee_profile` VALUES ('1', '15', '20', '99', 'RS582', 'Ali Mortuza', '', 'male', '1988-10-30', 'Md. Khalilur Rahaman', 'Anwara Begum', '', '2016-10-04', '01710240134', 'A+', '5\'8\"', '70 KG', 'unmarried', '', '', '8712515606011', '', 'Vill+Po+Ps - Debhaata, Dis - Satkhira', '13 Shakertak, house 30, 2th floor, Adabor, Dhaka', '', '0', '15', '0', '0', '1');
INSERT INTO `tbl_employee_profile` VALUES ('1', '15', '20', '100', 'RS475', 'Md. Muslem Uddin', '', 'male', '1987-03-27', 'Md. Nazim Uddin', 'Momotaz Begum', '', '2015-12-01', '01716596487', 'O+', '5\'4\"', '57 KG', 'n/a', '', '', '19872692858539734', '', 'House no-46/a, Shamim Sharoni, Agargaon, Taltola, Dhaka', 'House - 463, Shamim Saroni, Panir pamper goli, Porchim shawrapara, Dhaka', '', '0', '15', '0', '0', '1');
INSERT INTO `tbl_employee_profile` VALUES ('1', '15', '21', '101', 'RS562', 'Md.Omar Faruk', '', 'male', '1985-03-03', 'Md. Abdul Hai', 'Mst. Aleya Begum', '', '2017-02-22', '01910136103', 'n/a', '5\'4\"', '55Kg', 'unmarried', '', '', '2696402547366', '', 'PA Block, North Kalshi, Mirpur-12, Pallabi, Dhaka', '', '', '0', '15', '0', '0', '1');
INSERT INTO `tbl_employee_profile` VALUES ('1', '15', '21', '102', 'RS434', 'A.S.M Kamrul Ahsan', '', 'male', '1982-11-20', 'Abul Kashem', 'Maleka Parvin', '', '2017-02-22', '01914804904', 'O+', '5\'5\"', '64 Kg', 'married', '', '', '5114340901297', '', 'Abdus Slam Master Bari,Vill- Dattapara,Post - Dattapara,Thana - Laxmipur,Dist- Laxmipur', '473/6 Shamim Sharani Panir Pump,West Shawrapara,', '', '0', '15', '0', '0', '1');
INSERT INTO `tbl_employee_profile` VALUES ('1', '16', '21', '103', 'RS260', 'Razib Karmokar', '', 'male', '1985-06-05', 'Aymol karmokar', 'Tulu Karmokar', 'karmokar.ryans@gmail.com', '2013-06-23', '01715713718', 'B+', '5\' 10\"', '85 Kg', 'n/a', '', '', '4792105064811', '', 'Parchim Safipur, Bamna,Barguna.', 'Uttar Bawonia,Badaladi, Turag,Dhaka', '', '0', '15', '0', '0', '1');
INSERT INTO `tbl_employee_profile` VALUES ('1', '16', '21', '104', 'RS545', 'Mohammad Bablu Hossain', '', 'male', '1984-06-27', 'Late: Md. Abul Hossain', 'Asma Akter', '', '2016-07-01', '01711408016', 'B+', '5\'6\"', '64 Kg', 'married', '', '', '2693016110152', '', 'Vill: Tunisar, P.O: Bagiabazar, P.S: Tongi Bari, Dis: Munshigonj.', '218/ka-2, West Kafrul Taltola Dhaka-1207', '', '0', '15', '0', '0', '1');
INSERT INTO `tbl_employee_profile` VALUES ('1', '16', '4', '105', 'RS576', 'Al-amin', '', 'male', '1992-06-16', 'Md Abdul Karim', 'Monjuara Begum', '', '2017-02-22', '01814655921', 'B+', '5\'6\"', '64 Kg', 'unmarried', '', '', '19927613342000127', '', 'House#708,West kazipara,Mirpur-10,Dhaka-1216.', 'House#708,West kazipara,Mirpur-10,Dhaka-1216.', '', '0', '15', '0', '0', '1');
INSERT INTO `tbl_employee_profile` VALUES ('1', '16', '22', '106', 'RS523', 'Md. Eliyas Ahmed', '', 'male', '1998-01-01', 'Badol Ahmed', 'Hosnath', '', '2016-04-16', '1747407140', 'B+', '5\'4\"', '47 Kg', 'unmarried', '', '', '19986112225108972', '', 'Gorabar Morol Bari Gofargoan, Mymenshing', 'Gazipur Borobari.', '', '0', '15', '0', '0', '1');
INSERT INTO `tbl_employee_profile` VALUES ('1', '16', '22', '107', 'RS535', 'Md. Robiul Islam', '', 'male', '1996-01-01', 'Fazlur rahman', 'Rowshon Ara Begum', '', '2016-06-08', '1914697379', 'O+', '5\'4\"', '50 KG', 'unmarried', '', '', 'NO 19962692502146755', '', 'Uttar Kalshe, Gatipara, Mirpur-12, Dhaka-1216', 'Uttar Kalshe, Gatipara, Mirpur-12, Dhaka-1216', '', '0', '15', '0', '0', '1');
INSERT INTO `tbl_employee_profile` VALUES ('1', '16', '21', '108', 'RS159', 'Badal Chandro Mondol', '', 'male', '1990-02-06', 'Radshsham Mandol', 'Nando Rani', '', '2008-05-22', '01714827549', 'n/a', '5\'6\"', '55Kg', 'unmarried', '', '', '19902619351000037', '', 'Mandura,Turag,Uttara,Dhaka', 'Mandura,Turag,Uttara,Dhaka', '', '0', '15', '0', '0', '1');
INSERT INTO `tbl_employee_profile` VALUES ('1', '16', '20', '109', 'RS459', 'Md. Safikul Islam', '', 'male', '1993-12-20', 'Md. Mannan Ali', 'Most: Lilima Begum', '', '2015-10-21', '1742196884', 'B+', '5\'9\"', '84 KG', 'unmarried', '', '', '19935213319000125', '', 'Velaguri,Hatibandha, Lalmonirhat.', 'H#144, R#6, East Kazipara, Mirpur Dhaka.', '', '0', '15', '0', '0', '1');
INSERT INTO `tbl_employee_profile` VALUES ('1', '16', '20', '110', 'RS588', 'Md. Yeskuruny', 'Babu', 'male', '1989-03-03', 'Md Oshamar Rahman', '(let) Lipy Rahman', '', '2016-11-01', '01912136244', 'B+', '5\'4\"', '47 Kg', 'unmarried', '', '', '19892693004777845', '', '81/6-Islam Monjil, Mohammad Pur, Magura', '826 East Shewrapara Kafrul Mirpur Dhaka', '', '0', '15', '0', '0', '1');
INSERT INTO `tbl_employee_profile` VALUES ('1', '16', '21', '111', 'RS543', 'Md.Saiful Islam', '', 'male', '1989-03-03', 'Abdul Kadir', 'Majatha Khatun', '', '2016-07-01', '1768706596', 'O+', '5\'9\"', '82 KG', 'unmarried', '', '', '19916112282000047', '', 'Pukuria,Gafargaon,Mymensing.', '395,Airport,Dhaka\n', '', '0', '15', '0', '0', '1');
INSERT INTO `tbl_employee_profile` VALUES ('1', '16', '21', '112', 'RS544', 'Razu Kumar Sarker', '', 'male', '1991-05-11', 'Prodip Kumar sarker', 'Bina Rani', '', '2016-07-01', '1717185599', 'A+', '5\'4\"', '50 KG', 'unmarried', '', '', '19917210923000244', '', 'Barhatta,Netrakona', '\"Taltola,Mirpur,Dhaka\n\"', '', '0', '15', '0', '0', '1');
INSERT INTO `tbl_employee_profile` VALUES ('1', '6', '14', '113', 'RS050', 'Lucky Akter', '', 'female', '1980-08-20', 'MD. Shamsul Hossen', 'Rahela Khatun', 'lucky.ryans@gmail.com', '2017-02-22', '01713062640', 'AB-', '5\'3\"', '58 Kg', 'n/a', '', '', '5624606133521', '', 'vill: Shodghata, Post.: Ghior, P.s: Ghior, Dist: Manikgonj', '', '', '0', '15', '0', '0', '1');
INSERT INTO `tbl_employee_profile` VALUES ('1', '6', '14', '114', 'RS447', 'Md.Rayhan', '', 'male', '1989-03-15', 'Md. Sahab Ali', 'Salina Bagum', '', '2015-09-01', '01959494846', 'A+', '5\'6\"', '55Kg', 'single', '', '', '2695041739530', '', 'B2, Level: 1, 136/3/C/3 west kafrul, Taltola, Dhaka', 'B2, Level: 1, 136/3/C/3 west kafrul, Taltola, Dhaka\n', '', '0', '15', '0', '0', '1');
INSERT INTO `tbl_employee_profile` VALUES ('1', '6', '14', '115', 'RS512', 'Md. Rezaul Karim', '', 'male', '1992-07-01', 'Md. Mofidar Rahman', 'Mrs. Razia Sultana', 'rezaul.ryans@gmail.com', '2016-02-01', '01732063680', 'B+', '5\'4\"', '61 KG', 'unmarried', '', '', '19927727306000012', '', 'Notun Bosti (Rajnagar)', 'House no: 16, Road no-1/B, Nikunjo-2, Khilkhet, Dhaka\n', '', '0', '15', '0', '0', '1');
INSERT INTO `tbl_employee_profile` VALUES ('1', '6', '14', '116', 'RS585', 'Mousumi Akter', '', 'female', '1992-08-02', 'Golam Mowla', 'Aleya Begum', '', '2016-10-29', '01610001364', 'O+', '5\"', '46 Kg', 'unmarried', '', '', '19927326404000006', '', 'Modho Harowa, Nowakhali Para, Nilphamari Sadar, Nilphamari-5300', '1276/East shewrapara, Matborer pukurpar, Kafrul, Dhaka-1216\n', '', '0', '15', '0', '0', '1');
INSERT INTO `tbl_employee_profile` VALUES ('1', '6', '14', '117', 'RS488', 'Sakhawat hosen', '', 'male', '2017-02-22', 'Bacchu Mia', 'Parul Begum', '', '2015-12-22', '1852268131', 'AB+', '5\'6\"', '53 KG', 'unmarried', '', '', '-', '', 'Nangalkot, comilla', 'East Kazipara, Dhaka\n', '', '0', '15', '0', '0', '1');
INSERT INTO `tbl_employee_profile` VALUES ('1', '6', '14', '118', 'RS517', 'Tanzila Akter', 'Tuli', 'female', '1996-12-21', 'Tofazzel Hossain', 'Helena parvin', 'tuli.ryans@gmail.com', '2016-03-09', '01628246731', 'AB+', '5\'3\"', '46 Kg', 'unmarried', '', '', '-', '', 'Vill: Coronshipur, Post.: Ishangopallur, P.S: Kotawalli, Dist.: Faridpur', '2/4 A west perer bag, Mirpur-1\n', '', '0', '15', '0', '0', '1');
INSERT INTO `tbl_employee_profile` VALUES ('1', '6', '14', '119', 'RS598', 'Shakila Islam', '', 'female', '1991-01-04', 'Md. Saidul Islam', 'Hasnu Ara Begum', '', '2016-12-27', '01820514549', 'A+', '4\'11\"', '40 Kg', 'unmarried', '', '', '19912694813000466', '', '418, South Monipur, Mirpur- 1226', '418, South Monipur, Mirpur- 1226\n', '', '0', '15', '0', '0', '1');
INSERT INTO `tbl_employee_profile` VALUES ('1', '3', '22', '120', 'RS547', 'Md. Rana Mia', '', 'male', '2017-02-22', 'Late Abdul Khalek', 'Asia Begum', '', '2007-08-01', '01718715430', 'O+', '5\'3\"', '52 KG', 'unmarried', '', '', '19892694313631233', '', 'Vill+ Post- Raj Narayan Pur, Ps- Bera, Dist- Pabna', '20/4, Tinshed Collony PWD, Taltola, Agargaon, Dhaka', '', '0', '15', '0', '0', '1');
INSERT INTO `tbl_employee_profile` VALUES ('1', '3', '22', '121', 'RS162', 'Md.  Mahfuz', '', 'male', '1988-05-11', 'Md.sirajul Islam', 'Arjuna Akter', '', '2017-02-22', '01775224202', 'A+', '5\'4\"', '52 KG', 'unmarried', '', '', '6112225989886', '', 'Vill- Ghagra, Posr- Mirbari, Ps- Gaforgaon, Dist- Mymensing', '71 West Taltola, Dhaka', '', '0', '15', '0', '0', '1');
INSERT INTO `tbl_employee_profile` VALUES ('1', '3', '22', '122', 'RS167', 'Md. Kamal Joarder', '', 'male', '1985-05-10', 'Md.Heriy Joarder', 'Fatema Begum', '', '2006-04-04', '01738357287', 'B+', '5\'3\"', '48Kg', 'unmarried', '', '', '-', '', 'Vill- Corjhikri, Post- Kacharipara, Ps- Pangsha, Dist- Rajbari', '627/1, Monipur Khejurtola, Kazipara, Dhaka', '', '0', '15', '0', '0', '1');
INSERT INTO `tbl_employee_profile` VALUES ('1', '3', '22', '123', 'RS538', 'Md. Masud Alam', '', 'male', '1997-07-19', 'Md. Delwar Hossain Hawlader', 'Miss Zahanara Begum', '', '2016-06-14', '01781441647', 'A+', '5\'4\"', '52 KG', 'unmarried', '', '', '-', '', 'Vill- Mehendigonj, Post- Kadirabad, Ps- Kazirhat, Dist- Barisal', '1283/1 West Shewrapara, Dhaka', '', '0', '15', '0', '0', '1');
INSERT INTO `tbl_employee_profile` VALUES ('1', '3', '22', '124', 'RS100', 'Harun Molla', '', 'male', '1981-01-01', 'Hanif Molla', 'Jayedh Begum', '', '2011-05-03', '01772685402', 'O+', '5\'6\"', '74Kg', 'married', '     ', '', '8622503512501', '', 'Vill-Bishakori, PO- Damudda, PS- Damudda, Dist- Shariatpur.', '', '', '0', '15', '0', '0', '1');
INSERT INTO `tbl_employee_profile` VALUES ('1', '3', '22', '125', 'RS173', 'Rubel Ahmed', 'Atiq', 'male', '1994-06-17', 'Md. Lal Mia', 'Most. Rabiya Khatun', '', '2011-10-07', '01734889115', 'B+', '5\'5\"', '52 KG', 'unmarried', '', '', '19882696406697125', '', 'Vill- Podrokola, Post- Ramsree, Ps- Bahubal, Dist- Hobigong', '29/1, West Pirerbag, Mirpur, Dhaka', '', '0', '15', '0', '0', '1');
INSERT INTO `tbl_employee_profile` VALUES ('1', '3', '22', '126', 'RS160', 'Gazi Md. Hossain Kabir', '', 'male', '1990-01-08', 'Gazi Md. Abul Kashem', 'Monoara Begum', '', '2006-12-01', '01879134652', 'A+', '5\'3\"', '54 Kg', 'unmarried', '', '', '19902694814000186', '', 'Vill+Post- Chorbongshi, Ps- Raipur, Dist- Laxmipur', '29/1, west pirerbag, Mirpur, Dhaka', '', '0', '15', '0', '0', '1');
INSERT INTO `tbl_employee_profile` VALUES ('1', '3', '22', '127', 'RS158', 'Arjun Kumar Das', '', 'male', '1975-05-12', 'Gagodesh Karmoker', 'Lokkhi Rani', '', '2004-06-05', '01760178959', 'O+', '5\'4\"', '58 Kg', 'married', '', '', '2694807846599', '', 'Vill- Baghabari, Post- Baghabari, Ps- Shajadpur, Dist- Sirajgonj', '65/D, Moddhow Pirerbag, Mirpur, Dhaka', '', '0', '15', '0', '0', '1');
INSERT INTO `tbl_employee_profile` VALUES ('1', '3', '22', '128', 'RS556', 'Rani', '', 'female', '1988-12-15', 'Md. Shiraj Uddin', 'Shahida Begum', '', '2017-02-22', '', 'B+', '', '49Kg', 'married', '', '', '19852690243789888', '', 'Vill- Uddumdi, Post- Bordia, PS- Motlob, Dist- Chandpur', '1064 Malibagh, Dhaka', '', '0', '15', '0', '0', '1');
INSERT INTO `tbl_employee_profile` VALUES ('1', '3', '22', '129', 'RS548', 'Md. Ismail Khan', '', 'male', '2017-02-22', 'Late Tannes khan', 'Morzina Begum', '', '2017-02-22', '01914805852', 'AB+', '', '', 'n/a', '', '', '-', '', '18, Jahurabad, Mirpur-1, Dhaka-1216', '', '', '0', '15', '0', '0', '1');
INSERT INTO `tbl_employee_profile` VALUES ('1', '3', '22', '130', 'RS328', 'Md. Jamirul Islam', '', 'male', '1994-10-02', 'Farid Ali', 'Sona Vanu', '', '2014-03-15', '', 'A+', '5\'5\"', '55Kg', 'unmarried', '', '', '19945013913119438', '', '-', '', '', '0', '15', '0', '0', '1');
INSERT INTO `tbl_employee_profile` VALUES ('1', '3', '17', '131', 'RS166', 'Md. Joshim Uddin', '', 'male', '1986-01-01', 'Late Abdul Latif Patowary', 'Razia Khatun', '', '2017-02-22', '01918425285', 'O+', '5\'3\"', '50 KG', 'unmarried', '', '', '2694807846599', '', '-', '', '', '0', '15', '0', '0', '1');
INSERT INTO `tbl_employee_profile` VALUES ('1', '3', '10', '132', 'RS130', 'Narendra Nath Das', '', 'male', '1986-03-10', 'Nikhil Kumar Das', 'Sabita Rani Das', '', '2013-05-01', '01762341411', 'n/a', '', '', 'married', '', '', '220005516', '', 'Vill:Batika mari, Post:Batika mari,PS: Muksudpur,Dist:Gopalgonj', '59/4,Mirpur 11', '', '0', '15', '0', '0', '1');
INSERT INTO `tbl_employee_profile` VALUES ('1', '3', '10', '133', 'RS046', 'Abu Sayeed Md. Moshiur Rahman', 'Abid', 'male', '1983-08-15', 'Md.Abul Hasem Talukder', '', '', '2010-11-11', '1835109694', 'O+', '', '', 'married', '', '', '-', '', '-', '1089/shawrapara,Jamtola pump,kafrul', '', '0', '15', '0', '0', '1');
INSERT INTO `tbl_employee_profile` VALUES ('1', '3', '10', '134', 'RS164', 'Md. Faruq Hossain', '', 'male', '1990-09-09', 'Md. idris Ali', 'Zahanara Begum', '', '2008-05-22', '01914805852', 'B+', '5\'4\"', '', 'married', '', '', '269351196541', '', '-', '', '', '0', '15', '0', '0', '1');
INSERT INTO `tbl_employee_profile` VALUES ('2', '6', '6', '135', 'RS106', 'Abdul Mazid', '', 'male', '1977-10-10', 'Md.Lal Miah', 'Mrs.Rabeya Khatun', '', '2012-01-01', '01755513973', 'O+', '5\'3\"', '', 'married', '', '', '3610547320634', '', 'Vill:Padrokhola, PO:Ramshree,PS:Bahubal, Dist:Habiganj', '', '', '0', '15', '0', '0', '1');
INSERT INTO `tbl_employee_profile` VALUES ('1', '3', '4', '136', 'RS307', 'Ezma Parvin', '', 'female', '1989-01-01', 'Late Mozammel Haque', 'Mst. Feroza Begum', '', '2014-01-01', '01725289309', 'AB+', '5\'2\"', '49Kg', 'married', '', '', '6415076479967', '', '-', '', '', '0', '15', '0', '0', '1');
INSERT INTO `tbl_employee_profile` VALUES ('1', '3', '4', '137', 'RS322', 'Susmita Mondal Mitu', '', 'female', '1988-06-16', 'Santosh Kumar Mondal', '', '', '2017-02-22', '01734801441', 'n/a', '', '', 'n/a', '', '', '2696655316113', '', '-', '', '', '0', '15', '0', '0', '1');
INSERT INTO `tbl_employee_profile` VALUES ('2', '6', '6', '138', 'RS045', 'A.K.M Foysal Kabir', '', 'male', '1991-01-01', 'Md. Humayun Kabir', 'Jahanara Ferdousi', '', '2012-04-01', '01673 723269', 'A+', '', '', 'unmarried', '', 'Vill- Jaleswer, P.O & P.S- Gaffargaon, Dist - Mymensingh', '19916112282000292', '', '238/b( 4th Floor), West Nakhalpara, Tejgaon, Dhaka - 1215', '', '', '0', '15', '0', '0', '1');
INSERT INTO `tbl_employee_profile` VALUES ('1', '3', '4', '139', 'RS318', 'Jamila Akter', '', 'female', '1990-06-06', 'Md.Mizanur Rahman', 'Mono Ara Begum', '', '2014-02-07', '01680179897', 'n/a', '', '', 'n/a', '', '', '19902694813000948', '', '-', '', '', '0', '15', '0', '0', '1');
INSERT INTO `tbl_employee_profile` VALUES ('1', '6', '4', '140', 'RS596', 'Md. Rasel Hossain.', '', 'male', '2017-02-22', '-', '', '', '2016-12-10', '', 'n/a', '', '', 'n/a', '', '', '-', '', '-', '', '', '0', '15', '0', '0', '1');
INSERT INTO `tbl_employee_profile` VALUES ('1', '3', '4', '141', 'RS115', 'Md. Monir Hossain', '', 'male', '1983-02-05', 'Md.Moklesur Rahman', '', '', '2017-02-22', '01833754878', 'O+', '', '', 'married', '', '', '2696402015082', '', '-', '2091/10,Pallabi, Mirpur', '', '0', '15', '0', '0', '1');
INSERT INTO `tbl_employee_profile` VALUES ('1', '3', '4', '142', 'RS182', 'Resma Khatun', '', 'female', '1986-10-26', 'Tokam Mallik', 'Momena begum', '', '2017-02-22', '01686505980', 'A+', '4\'10\"', '', 'married', '', '', '4794515197165', '', '1 No. Navy gate, khalishpur, Khulna', '', '\"Ryans Archives Limited\njoining date:21.11.2012\"', '0', '15', '0', '0', '1');
INSERT INTO `tbl_employee_profile` VALUES ('1', '3', '4', '143', 'RS117', 'Rubina Ahter', '', 'female', '1984-11-18', 'Late Shahjahan Mian', '', 'ela.ryans@gmail.com', '2013-06-01', '1710099523', 'B+', '', '', 'married', '', '', '-', '', '-', '52,west vashantek,Dhaka.', '', '0', '15', '0', '0', '1');
INSERT INTO `tbl_employee_profile` VALUES ('1', '3', '23', '144', 'RS047', 'Anayet Hossain', 'Simul', 'male', '1985-12-25', 'Neseruddin Howlader', 'Mazeda Khatun', 'anayet@ryansplus.com', '2007-04-19', '01712630377', 'A+', '5\'3\"', '57 KG', 'unmarried', '', '', '2694813494683', '', 'Vill: Aoz, Post: Pearpur, Thana: Madaripur,  Dist: Madaripur', '143,South Shewrapara, Mirpur, Dhaka', '', '0', '15', '0', '0', '1');
INSERT INTO `tbl_employee_profile` VALUES ('1', '3', '23', '145', 'RS153', 'Afsana Mithun', '', 'female', '1982-12-24', 'Md.Amjad Hossain', 'Mrs. Mahmuda Hossain', '', '2010-01-07', '01921091005', 'O+', '5\'4\"', '48Kg', 'married', '', '', '2699238604895', '', 'Vill: Mamud Patti, Post+thana:Louhojong, Dist:Munshigong', '277 East Nakhalpara (1st floor)\n Tejgaon,Dhaka-1215.', 'Advanced Software Development.', '0', '15', '0', '0', '1');
INSERT INTO `tbl_employee_profile` VALUES ('1', '3', '23', '146', 'RS463', 'K.M. Ragib Ahsan', '', 'male', '1992-09-01', 'Late. KM Nazmul Ahsan', 'Late.  Runa Laila', '', '2015-11-06', '01711107085', 'A+', '5\'3\"', '46 Kg', 'unmarried', '', '', '19926418584000119', '', 'Vill: Raninagar, Post: Raninagar, Thana: Raninagar, Dist: Naogaon.', 'H#76, R#04, Block#Ka, PC Culture Husing, Shamoly, Dhaka', '', '0', '15', '0', '0', '1');
INSERT INTO `tbl_employee_profile` VALUES ('1', '3', '23', '147', 'RS155', 'Kartik Chandra Mondol,', '', 'male', '1989-09-15', 'Upendra Nath Mondal', 'Ramsona Mondal', '', '2006-04-02', '01712503631', 'A+', '5\'7\"', '60 KG', 'unmarried', '', '', '2696402546748', '', 'North Kalshi,Hindupara,Pollabi,Dhaka', 'North Kalshi,Hindupara,Pollabi,Dhaka', '', '0', '15', '0', '0', '1');
INSERT INTO `tbl_employee_profile` VALUES ('1', '3', '23', '148', 'RS396', 'Md. Nazmul Hasan', '', 'male', '1991-10-24', 'Abdur Razzak', 'Kolpona Begum', '', '2015-01-01', '01916438928', 'A+', '5\'7\"', '65 KG', 'unmarried', '', '', '19918816147000164', '', 'Vill: Amshara, Post: Amshara, Thana: Solanga, Dist: Sirajgong', 'Shamim Saroni, Taltola, Mirpur', 'Souvenir Ltd.', '0', '15', '0', '0', '1');
INSERT INTO `tbl_employee_profile` VALUES ('1', '3', '23', '149', 'RS157', 'Md. Woahedul Islam', '', 'male', '1993-04-09', 'Md. Nurul Islam', 'Shahinur Begum', '', '2010-08-02', '01717480252', 'B+', '5\'7\"', '65 KG', 'unmarried', '', '', '-', '', 'Vill: Ramnagar, Post: Kafila, Thana: Bakergong, Dist: Barisal', '405/2, Bandhan Sarak, Shewrapara, Mirpur, Dhaka', '', '0', '15', '0', '0', '1');
INSERT INTO `tbl_employee_profile` VALUES ('1', '3', '23', '150', 'RS110', 'Musharaf Husain', '', 'male', '1993-03-05', 'Md.Abdus Salam', 'Ramija Khatun', '', '2012-11-20', '01736801857', 'B+', '5\'6\"', '58 Kg', 'unmarried', '', '', '19936112225000049', '', 'Garaber, Dugacia, Gafargaon, Mymensingh.', '817, East Kazipara, Mirpur', '', '0', '15', '0', '0', '1');
INSERT INTO `tbl_employee_profile` VALUES ('1', '3', '23', '151', 'RS152', 'Abul Hasan', '', 'male', '1984-08-10', 'Md.Shahadat Hossain', 'Rokeya Begum', '', '2011-04-07', '01726674351', 'B+', '5\'4\"', '61 KG', 'married', '', '', '6515218534404', '', 'Vill: Kumardanga, Post: Mokimpur, Thana: Lohagora, Dist: Narail', '52/2 Muktijoddha Complex, Mirpur-2, Dhaka', '', '0', '15', '0', '0', '1');
INSERT INTO `tbl_employee_profile` VALUES ('1', '3', '23', '152', 'RS279', 'Md.Bappy Akon', '', 'male', '1991-04-28', 'Khorshed Akon', 'Sofuron Akon', '', '2013-09-17', '01703261086,  01783609797', 'A+', '5\'7\"', '52Kg', 'married', '    ', '', '19910619410000172', '', 'Vill- Hostishondo, PO- Hostishondo, PS- Uzirpur, Barisal.', '766 West Kafrul, Kazipara, Mirpur, Dhaka', '', '0', '15', '0', '0', '1');
INSERT INTO `tbl_employee_profile` VALUES ('2', '6', '11', '153', 'RS246', 'Md. Rashed Mia', '', 'male', '1989-01-02', 'Rahamot Ali', 'Rahela Begum', '', '2014-08-06', '1743474538', 'AB+', '5\'4\"', '50 KG', 'unmarried', '', '', '1917287662239', '', 'vill- Monpal, P.S- Laksham, P.O- Uttorda, Comilla', 'H#10, Road- 6, P.O- Gulshan-1, P.S- Gulshan-1, Dhaka-1212', '', '0', '15', '0', '0', '1');
INSERT INTO `tbl_employee_profile` VALUES ('2', '6', '11', '154', 'RS360', 'Md.Kamruzzaman', '', 'male', '1989-01-01', 'Md. Abul Hasem Midda', 'Rahima khatun', '', '2014-06-09', '01736047008', 'n/a', '5\'7\"', '60 KG', 'unmarried', '', '', '19896112225989072', '', 'Vill : Gagra, P.O : Mir Bari, Dist : Mymensingh.', '288/1, West Nakhal Para, Tej Gaon.', '', '0', '15', '0', '0', '1');
INSERT INTO `tbl_employee_profile` VALUES ('2', '6', '11', '155', 'RS424', 'Md. Torikul Islam', '', 'male', '1991-10-18', 'Md.Firoz Ali', 'Most.Rina Begum', '', '2015-05-15', '01722-866301', 'A+', '5\'6\"', '65 KG', 'unmarried', '', '', '19917011818000435', '', 'Vill:Kanarhat, Post:Bozratek, Thana: Bholahat, Dist: Chapai Nawabgonj', 'h-10, B-c, R-12, Mirpur-11', '', '0', '15', '0', '0', '1');
INSERT INTO `tbl_employee_profile` VALUES ('2', '6', '11', '156', 'RS553', 'S.M. Nafi', '', 'male', '1991-07-23', 'S. M. Khasru', 'Nasima Akhter', '', '2017-02-25', '01721-605698', 'O-', '5\'7\"', '75', 'unmarried', '', '', '19912690233000030', '', 'Flat-602, Building 07, Japan Garden City, Mohammadpur,', '2nd Floor, House 114, Road-04, Mohammadua Housing Society, Mohammadpur, Dhaka.', '', '0', '15', '0', '0', '1');
INSERT INTO `tbl_employee_profile` VALUES ('2', '6', '11', '157', 'RS557', 'Sayeed ahmed Khan', '', 'male', '1992-12-14', 'Liaquat Ali Khan', 'Fatema Begum', '', '2016-08-24', '1670448566', 'A+', '5\'6\"', '60 KG', 'unmarried', '', '', '19922694811000703', '', 'Vill-Koarag; P.O- Upasi; P.S-Naria; ZIlla- Shariatpur', '171/2, Middle Paikpara, Mirpur Dhaka', '', '0', '15', '0', '0', '1');
INSERT INTO `tbl_employee_profile` VALUES ('2', '6', '24', '158', 'RS231', 'Arif Mahmud', '', 'male', '1981-12-31', 'Md. Ataur Rahman', 'Kazi Dulena', 'arif.ryans@gmail.com', '2017-02-25', '01718026263', 'O+', '5\'9\"', '84 KG', 'married', '', '', '4815459539311', '', 'Vill-Khilarbond, Post- Osmanpur, PS- Kulerchar, Dist- Kishoregonj', 'Sector-12, Road-04,House-45,Flat-B-4', '', '0', '15', '0', '0', '1');
INSERT INTO `tbl_employee_profile` VALUES ('2', '6', '24', '159', 'RS462', 'Mehedi Hasan', '', 'male', '1992-06-16', 'Momtaz Uddin', 'Rahima Khatun', '', '2015-11-01', '01987935269', 'B+', '5\'5\"', '65 KG', 'unmarried', '', '', '199361122250207700', '', 'Ward NO.1,Gafargaon, Mymensigh.', '167/1, Wast Sheurapara,Mirpur,Dhaka-1216.', '', '0', '15', '0', '0', '1');
INSERT INTO `tbl_employee_profile` VALUES ('2', '6', '24', '160', 'RS508', 'Akram Hossain', '', 'male', '1994-05-04', 'Khairul Islam', 'Mst. Shikha Akter', '', '2017-02-25', '1622804422', 'n/a', '5\'5\"', '68 KG', 'unmarried', '', '', '1994612209000009', '', '320/1,Ward-9,Gafargoan,Mymensingh', '', '', '0', '15', '0', '0', '1');
INSERT INTO `tbl_employee_profile` VALUES ('2', '6', '24', '161', 'RS550', 'Mahabub Fakir', '', 'male', '1992-10-16', 'Hasan Fakir', 'Ashrabon Begum', '', '2017-02-25', '01715222939', 'O+', '5\'6\"', '59 Kg', 'unmarried', '', '', '19922911015000014', '', '113, Azimnagar, Bhanga, Faridpur.', '536, East Kazipara, Mirpur, Dhaka-1216.', '', '0', '15', '0', '0', '1');
INSERT INTO `tbl_employee_profile` VALUES ('2', '6', '9', '162', 'RS217', 'Limon Hossain', '', 'male', '1992-06-12', 'Let. Tofazzel Hosen', 'Most. Masura Begum', '', '2017-02-25', '1929907464', 'O+', '5\'9\"', '57 KG', 'unmarried', '', '', '19924418012000150', '', 'Vill- Bogura, P.S- Abaipur,P.S- Shailkupa, Dist - Jhenaidah', '', '', '0', '15', '0', '0', '1');
INSERT INTO `tbl_employee_profile` VALUES ('2', '6', '12', '163', 'RS223', 'Mehedi Hasan Chowdhury', '', 'male', '1986-02-05', 'Abul Hashem Chowdhury', 'NurJahan Begum', '', '2017-02-25', '01616422400', 'A+', '5\'5\"', '74Kg', 'unmarried', '', '', '2694807847216', '', 'Flat 2A & B 1st floor,House 25,Lane-3,Block-A,Section-6,Mirpur,Dhaka-1216', '', '', '0', '15', '0', '0', '1');
INSERT INTO `tbl_employee_profile` VALUES ('2', '6', '12', '164', 'RS226', 'Md. Abul Khayer', '', 'male', '1985-01-05', 'Md. Mazibur Rahman Talukder', 'Mrs. Fatima Akter', 'khair.ryans@gmail.com', '2007-03-01', '01979457231', 'A+', '5\'4\"', '60 KG', 'unmarried', '', '', '1317656061343', '', 'Vill: Bockchar, PS: Pitambardi, Upazila: Matlab(South), Dist: Chandpur', '\"House No-17,Block - A, Ave-1, Section - 11,Mirpur, Dhaka -1216.', '', '0', '15', '0', '0', '1');
INSERT INTO `tbl_employee_profile` VALUES ('2', '6', '12', '165', 'RS233', 'Enamul Hasan', '', 'male', '1985-01-12', 'Md. Abdur Samad', 'Rowshan Ara Begum', '', '2007-07-25', '01716434763', 'O+', '5\'2\"', '62Kg', 'n/a', '', '', '6826302108150', '', 'Village- Sundoripara, P.O- Kusum Hati, P.S- Dohar,District- Dhaka.', '782/2, West Kazipara, Kafrul, Mirpur', '', '0', '15', '0', '0', '1');
INSERT INTO `tbl_employee_profile` VALUES ('2', '6', '25', '166', 'RS247', 'Reazul Islam', '', 'male', '2017-02-25', 'Lat Ansar Uddin', 'Mos. Momotaz Begum', '', '2017-02-25', '01911806388', 'B+', '5\'9\"', '55Kg', 'married', '', '', '2611038843349', '', 'Village: Bothla, Post: Bothla, PS: Bhandaria, District: Pirojpur', '', '', '0', '15', '0', '0', '1');
INSERT INTO `tbl_employee_profile` VALUES ('2', '6', '25', '167', 'RS234', 'Hasanur Rahman', '', 'male', '1993-06-10', 'Md. Boyen Uddin', 'Taslima Begum', '', '2012-01-01', '01710449498', 'B+', '', '', 'unmarried', '', '', '19937613973043468', '', 'Village: Shaker Dair, Post: Goynagor, PS: Ishwardi, Pabna', '782/2 West Kazi Para, Mirpur, Dhaka-1216', '', '0', '15', '0', '0', '1');
INSERT INTO `tbl_employee_profile` VALUES ('2', '6', '25', '168', 'RS241', 'Md. Sohag Hossain', '', 'male', '1992-11-21', 'Md. Abdul Kader', 'Nasima Akter', '', '2017-02-25', '1757977365', 'AB+', 'Md. Abdul Kader', 'Nasima Akter', 'unmarried', '', '', '19920919176000203', '', 'Village:Dhakkin Chappri, Post: Chappri, PS: Tazumuddin, Distict: Bhola', '', '', '0', '15', '0', '0', '1');
INSERT INTO `tbl_employee_profile` VALUES ('2', '6', '25', '169', 'RS273', 'Bushra Binte Islam', '', 'female', '1992-12-20', 'S.M. Nazrul Islam', 'Shahinur Parvin', '', '2017-02-25', '1775091081', 'O+', '', '', 'married', '', '', '1992061941000246', '', 'Village: Atipara, Post: Atipara, PS: Uzipuir, Distict: Barisal', '543/1, Middle Monipur, Mirpur, Dhaka-1216', '', '0', '15', '0', '0', '1');
INSERT INTO `tbl_employee_profile` VALUES ('2', '6', '25', '170', 'RS290', 'Md. Rubel', '', 'male', '1991-06-17', 'Md.Aslam', 'Ayesha', '', '2017-02-25', '1878701225', 'O+', '', '', 'unmarried', '', '', '1991732851000000086', '', 'Village: New Munshi Para, Post: Saidpur, PS: Saidpur, District: Nilphamari', 'House No: 05, Block-A, Road No: 20, Zone-02, Mirpur, Dhaka-1216', '', '0', '15', '0', '0', '1');
INSERT INTO `tbl_employee_profile` VALUES ('2', '6', '25', '171', 'RS291', 'Faisal Hossain', '', 'male', '1993-02-26', 'Shakh Jalal Uddin', 'Mrs.Farida Parvin', '', '2017-02-25', '1819847012', 'A+', '', '', 'unmarried', '', '', '19932695028000108', '', 'Village: 32 no Degrer Chor,Post: Karir Hat, Thana: Sodorpur, District: Foridpur', 'Hindol Kha 601,Taltola Colony,Dhaka-1207', '', '0', '15', '0', '0', '1');
INSERT INTO `tbl_employee_profile` VALUES ('2', '6', '25', '172', 'RS353', 'Zarom Tripura', '', 'male', '1991-01-15', 'Ramchardra Tripura', 'Maria Tirpura', '', '2017-02-25', '01551967633', 'AB+', '', '', 'unmarried', '', '', '-', '', 'Village: Kalaghata Tripura Para, Post: Bandarban, PS: Bandarban, District: Bandarban', '224/2/4 Baish Bari, Kazi Para, Mirpur Dhaka', '', '0', '15', '0', '0', '1');
INSERT INTO `tbl_employee_profile` VALUES ('2', '6', '25', '173', 'RS373', 'Md.Abul Kalam', '', 'male', '2017-02-26', '-', '', '', '2017-02-26', '', 'n/a', '', '', 'n/a', '', '', '-', '', '-', '', '', '0', '15', '0', '0', '1');
INSERT INTO `tbl_employee_profile` VALUES ('2', '6', '25', '174', 'RS378', 'Mahbubur Rahman Sakhkhar', '', 'male', '2017-02-26', '-', '', '', '2017-02-26', '', 'n/a', '', '', 'n/a', '', '', '-', '', '-', '', '', '0', '15', '0', '0', '1');
INSERT INTO `tbl_employee_profile` VALUES ('2', '6', '25', '175', 'RS392', 'Md.Faridul Islam', '', 'male', '2017-02-26', '-', '-', '', '2017-02-26', '', 'n/a', '', '', 'n/a', '', '', '-', '', '-', '', '', '0', '15', '0', '0', '1');
INSERT INTO `tbl_employee_profile` VALUES ('2', '6', '25', '176', 'RS416', 'Bappy Das', '', '', '2017-02-26', '', '', '', '2017-02-26', '', '', '', '', '', '', '', '', '', '-', '', '', '0', '15', '0', '0', '1');
INSERT INTO `tbl_employee_profile` VALUES ('2', '6', '25', '177', 'RS417', 'Md.Sakur Hossen', '', '', '2017-02-26', '', '', '', '2017-02-26', '', '', '', '', '', '', '', '', '', '-', '', '', '0', '15', '0', '0', '1');
INSERT INTO `tbl_employee_profile` VALUES ('2', '6', '25', '178', 'RS420', 'Farid Hossain Khan', '', '', '2017-02-26', '', '', '', '2017-02-26', '', '', '', '', '', '', '', '', '', '-', '', '', '0', '15', '0', '0', '1');
INSERT INTO `tbl_employee_profile` VALUES ('2', '6', '25', '179', 'RS368', 'Md. Jahangir Alam', '', '', '2017-02-26', '', '', '', '2017-02-26', '', '', '', '', '', '', '', '', '', '-', '', '', '0', '15', '0', '0', '1');
INSERT INTO `tbl_employee_profile` VALUES ('2', '6', '25', '180', 'RS458', 'Md. Maynuddin', '', '', '2017-02-26', '', '', '', '2017-02-26', '', '', '', '', '', '', '', '', '', '-', '', '', '0', '15', '0', '0', '1');
INSERT INTO `tbl_employee_profile` VALUES ('2', '6', '25', '181', 'RS483', 'Rintu Gharami', '', '', '2017-02-26', '', '', '', '2017-02-26', '', '', '', '', '', '', '', '', '', '-', '', '', '0', '15', '0', '0', '1');
INSERT INTO `tbl_employee_profile` VALUES ('2', '6', '25', '182', 'TR1604', 'Md. Abdur Rahaman', '', '', '2017-02-26', '', '', '', '2017-02-26', '', '', '', '', '', '', '', '', '', '-', '', '', '0', '15', '0', '0', '1');
INSERT INTO `tbl_employee_profile` VALUES ('2', '6', '25', '183', 'TR1605', 'Jahangir Alam', 'Joy', '', '2017-02-26', '', '', '', '2017-02-26', '', '', '', '', '', '', '', '', '', '-', '', '', '0', '15', '0', '0', '1');
INSERT INTO `tbl_employee_profile` VALUES ('2', '6', '25', '184', 'TR1606', 'Shahriar Ahmed', '', '', '2017-02-26', '', '', '', '2017-02-26', '', '', '', '', '', '', '', '', '', '-', '', '', '0', '15', '0', '0', '1');
INSERT INTO `tbl_employee_profile` VALUES ('2', '6', '25', '185', 'TR1609', 'Md. Alamgir Hossain', '', '', '2017-02-26', '', '', '', '2017-02-26', '', '', '', '', '', '', '', '', '', '-', '', '', '0', '15', '0', '0', '1');
INSERT INTO `tbl_employee_profile` VALUES ('2', '6', '25', '186', 'TR1611', 'Md. Masud Hossain', '', '', '2017-02-26', '', '', '', '2017-02-26', '', '', '', '', '', '', '', '', '', '-', '', '', '0', '15', '0', '0', '1');
INSERT INTO `tbl_employee_profile` VALUES ('2', '6', '25', '187', 'TR1616', 'Md. Ashikur Rahman', '', '', '2017-02-26', '', '', '', '2017-02-26', '', '', '', '', '', '', '', '', '', '-', '', '', '0', '15', '0', '0', '1');
INSERT INTO `tbl_employee_profile` VALUES ('2', '6', '25', '188', 'TR1617', 'Md.Shamim Ahmed', '', '', '2017-02-26', '', '', '', '2017-02-26', '', '', '', '', '', '', '', '', '', '-', '', '', '0', '15', '0', '0', '1');
INSERT INTO `tbl_employee_profile` VALUES ('2', '6', '25', '189', 'TR1618', 'Rafiqul Prodhan', '', '', '2017-02-26', '', '', '', '2017-02-26', '', '', '', '', '', '', '', '', '', '-', '', '', '0', '15', '0', '0', '1');
INSERT INTO `tbl_employee_profile` VALUES ('2', '6', '25', '190', 'TR1619', 'Jibon Ali Raja', '', '', '2017-02-26', '', '', '', '2017-02-26', '', '', '', '', '', '', '', '', '', '-', '', '', '0', '15', '0', '0', '1');
INSERT INTO `tbl_employee_profile` VALUES ('2', '6', '25', '191', 'TR1623', 'Md. Mazharul Islam', '', '', '2017-02-26', '', '', '', '2017-02-26', '', '', '', '', '', '', '', '', '', '-', '', '', '0', '15', '0', '0', '1');
INSERT INTO `tbl_employee_profile` VALUES ('2', '6', '25', '192', 'TR1627', 'Real Barua', '', '', '2017-02-26', '', '', '', '2017-02-26', '', '', '', '', '', '', '', '', '', '-', '', '', '0', '15', '0', '0', '1');
INSERT INTO `tbl_employee_profile` VALUES ('2', '6', '25', '193', 'TR1626', 'Md. Shahidul Islam', '', '', '2017-02-26', '', '', '', '2017-02-26', '', '', '', '', '', '', '', '', '', '-', '', '', '0', '15', '0', '0', '1');
INSERT INTO `tbl_employee_profile` VALUES ('2', '6', '11', '194', 'TR1701', 'Md. Rezaul Karim', '', '', '2017-02-26', '', '', '', '2017-02-26', '', '', '', '', '', '', '', '', '', '-', '', '', '0', '15', '0', '0', '1');
INSERT INTO `tbl_employee_profile` VALUES ('2', '6', '26', '195', 'RS335', 'Md.Biddut Hossain', '', '', '2017-02-26', '', '', '', '2017-02-26', '', '', '', '', '', '', '', '', '', '-', '', '', '0', '15', '0', '0', '1');
INSERT INTO `tbl_employee_profile` VALUES ('2', '6', '26', '196', 'RS376', 'Md. Badhon Hossain', '', '', '2017-02-26', '', '', '', '2017-02-26', '', '', '', '', '', '', '', '', '', '-', '', '', '0', '15', '0', '0', '1');
INSERT INTO `tbl_employee_profile` VALUES ('2', '6', '26', '197', 'RS393', 'Ms.Nupur Akter Tahani', '', '', '2017-02-26', '', '', '', '2017-02-26', '', '', '', '', '', '', '', '', '', '-', '', '', '0', '15', '0', '0', '1');
INSERT INTO `tbl_employee_profile` VALUES ('2', '6', '26', '198', 'RS423', 'Khandaker Fuad Hasan', '', '', '2017-02-26', '', '', '', '2017-02-26', '', '', '', '', '', '', '', '', '', '-', '', '', '0', '15', '0', '0', '1');
INSERT INTO `tbl_employee_profile` VALUES ('2', '6', '26', '199', 'RS433', 'Asiul Islam', '', '', '2017-02-26', '', '', '', '2017-02-26', '', '', '', '', '', '', '', '', '', '-', '', '', '0', '15', '0', '0', '1');
INSERT INTO `tbl_employee_profile` VALUES ('2', '6', '26', '200', 'RS441', 'Md. Imran Nazir', '', '', '2017-02-26', '', '', '', '2017-02-26', '', '', '', '', '', '', '', '', '', '-', '', '', '0', '15', '0', '0', '1');
INSERT INTO `tbl_employee_profile` VALUES ('2', '6', '26', '201', 'TR1602', 'Md. Abdur Rahim Riyad', '', '', '2017-02-26', '', '', '', '2017-02-26', '', '', '', '', '', '', '', '', '', '-', '', '', '0', '15', '0', '0', '1');
INSERT INTO `tbl_employee_profile` VALUES ('2', '6', '26', '202', 'TR1612', 'Md. Mamunur Rahman', '', '', '2017-02-26', '', '', '', '2017-02-26', '', '', '', '', '', '', '', '', '', '-', '', '', '0', '15', '0', '0', '1');
INSERT INTO `tbl_employee_profile` VALUES ('2', '6', '26', '203', 'TR1615', 'Shamim Ahmed', '', '', '2017-02-26', '', '', '', '2017-02-26', '', '', '', '', '', '', '', '', '', '-', '', '', '0', '15', '0', '0', '1');
INSERT INTO `tbl_employee_profile` VALUES ('2', '6', '26', '204', 'TR1621', 'Ataullah', '', '', '2017-02-26', '', '', '', '2017-02-26', '', '', '', '', '', '', '', '', '', '-', '', '', '0', '15', '0', '0', '1');
INSERT INTO `tbl_employee_profile` VALUES ('2', '6', '26', '205', 'Farhan La', 'Farhan Labib Lemon', '', '', '2017-02-26', '', '', '', '2017-02-26', '', '', '', '', '', '', '', '', '', '-', '', '', '0', '15', '0', '0', '1');
INSERT INTO `tbl_employee_profile` VALUES ('2', '6', '26', '206', 'TR1624', 'Masum Khan', '', '', '2017-02-26', '', '', '', '2017-02-26', '', '', '', '', '', '', '', '', '', '-', '', '', '0', '15', '0', '0', '1');
INSERT INTO `tbl_employee_profile` VALUES ('2', '6', '26', '207', 'TR1625', 'Md. Arifur Rahman', '', '', '2017-02-26', '', '', '', '2017-02-26', '', '', '', '', '', '', '', '', '', '-', '', '', '0', '15', '0', '0', '1');
INSERT INTO `tbl_employee_profile` VALUES ('2', '6', '8', '208', 'RS567', 'Md. Mahfus Ali', '', '', '2017-02-26', '', '', '', '2017-02-26', '', '', '', '', '', '', '', '', '', '-', '', '', '0', '15', '0', '0', '1');
INSERT INTO `tbl_employee_profile` VALUES ('2', '6', '8', '209', 'RS570', 'Tanviruzzaman Tonay', '', '', '2017-02-26', '', '', '', '2017-02-26', '', '', '', '', '', '', '', '', '', '-', '', '', '0', '15', '0', '0', '1');
INSERT INTO `tbl_employee_profile` VALUES ('2', '6', '8', '210', 'RS591', 'Md. Danial Zaman', '', '', '2017-02-26', '', '', '', '2017-02-26', '', '', '', '', '', '', '', '', '', '-', '', '', '0', '15', '0', '0', '1');
INSERT INTO `tbl_employee_profile` VALUES ('2', '6', '8', '211', 'RS599', 'Liyad Salem', '', '', '2017-02-26', '', '', '', '2017-02-26', '', '', '', '', '', '', '', '', '', '-', '', '', '0', '15', '0', '0', '1');
INSERT INTO `tbl_employee_profile` VALUES ('2', '6', '8', '212', 'RS600', 'Md. Kawser Mamun', '', '', '2017-02-26', '', '', '', '2017-02-26', '', '', '', '', '', '', '', '', '', '-', '', '', '0', '15', '0', '0', '1');
INSERT INTO `tbl_employee_profile` VALUES ('2', '6', '8', '213', 'RS605', 'Z.R.M Zakir', '', '', '2017-02-26', '', '', '', '2017-02-26', '', '', '', '', '', '', '', '', '', '-', '', '', '0', '15', '0', '0', '1');
INSERT INTO `tbl_employee_profile` VALUES ('2', '6', '13', '214', 'RS497', 'Md. Moniruzzaman', '', '', '2017-02-26', '', '', '', '2017-02-26', '', '', '', '', '', '', '', '', '', '-', '', '', '0', '15', '0', '0', '1');
INSERT INTO `tbl_employee_profile` VALUES ('2', '6', '13', '215', 'RS521', 'Md. Asaduzzaman', '', '', '2017-02-26', '', '', '', '2017-02-26', '', '', '', '', '', '', '', '', '', '-', '', '', '0', '15', '0', '0', '1');
INSERT INTO `tbl_employee_profile` VALUES ('2', '6', '13', '216', 'RS443', 'Md.Enamul Haque', '', '', '2017-02-26', '', '', '', '2017-02-26', '', '', '', '', '', '', '', '', '', '-', '', '', '0', '15', '0', '0', '1');
INSERT INTO `tbl_employee_profile` VALUES ('2', '6', '13', '217', 'RS200', 'Md. Amirul Islam', '', '', '2017-02-26', '', '', '', '2017-02-26', '', '', '', '', '', '', '', '', '', '-', '', '', '0', '15', '0', '0', '1');
INSERT INTO `tbl_employee_profile` VALUES ('2', '6', '13', '218', 'RS266', 'Md. Abu Bakar Rony', '', '', '2017-02-26', '', '', '', '2017-02-26', '', '', '', '', '', '', '', '', '', '-', '', '', '0', '15', '0', '0', '1');
INSERT INTO `tbl_employee_profile` VALUES ('2', '6', '13', '219', 'RS296', 'Shamim Reza', '', '', '2017-02-26', '', '', '', '2017-02-26', '', '', '', '', '', '', '', '', '', '-', '', '', '0', '15', '0', '0', '1');
INSERT INTO `tbl_employee_profile` VALUES ('2', '6', '13', '220', 'RS312', 'Md.Abu Sufian Rony', '', '', '2017-02-26', '', '', '', '2017-02-26', '', '', '', '', '', '', '', '', '', '-', '', '', '0', '15', '0', '0', '1');
INSERT INTO `tbl_employee_profile` VALUES ('2', '6', '13', '221', 'RS426', 'Mohammad Mosharef Hossain', '', '', '2017-02-26', '', '', '', '2017-02-26', '', '', '', '', '', '', '', '', '', '-', '', '', '0', '15', '0', '0', '1');
INSERT INTO `tbl_employee_profile` VALUES ('2', '6', '13', '222', 'RS440', 'Aktaruzzaman', '', '', '2017-02-26', '', '', '', '2017-02-26', '', '', '', '', '', '', '', '', '', '-', '', '', '0', '15', '0', '0', '1');
INSERT INTO `tbl_employee_profile` VALUES ('2', '6', '13', '223', 'RS468', 'Md. Maruful alam', '', '', '2017-02-26', '', '', '', '2017-02-26', '', '', '', '', '', '', '', '', '', '-', '', '', '0', '15', '0', '0', '1');
INSERT INTO `tbl_employee_profile` VALUES ('2', '6', '13', '224', 'RS489', 'Md. Shofiqul Islam', '', '', '2017-02-26', '', '', '', '2017-02-26', '', '', '', '', '', '', '', '', '', '-', '', '', '0', '15', '0', '0', '1');
INSERT INTO `tbl_employee_profile` VALUES ('2', '6', '13', '225', 'RS495', 'Mir Forhad', '', '', '2017-02-26', '', '', '', '2017-02-26', '', '', '', '', '', '', '', '', '', '-', '', '', '0', '15', '0', '0', '1');
INSERT INTO `tbl_employee_profile` VALUES ('2', '6', '13', '226', 'RS528', 'Al Amin Ahmed', '', '', '2017-02-26', '', '', '', '2017-02-26', '', '', '', '', '', '', '', '', '', '-', '', '', '0', '15', '0', '0', '1');
INSERT INTO `tbl_employee_profile` VALUES ('2', '6', '13', '227', 'RS529', 'Md. Sumon', '', '', '2017-02-26', '', '', '', '2017-02-26', '', '', '', '', '', '', '', '', '', '-', '', '', '0', '15', '0', '0', '1');
INSERT INTO `tbl_employee_profile` VALUES ('2', '6', '13', '228', 'RS412', 'Md. Samaun Reza', '', '', '2017-02-26', '', '', '', '2017-02-26', '', '', '', '', '', '', '', '', '', '---', '', '', '0', '15', '0', '0', '1');
INSERT INTO `tbl_employee_profile` VALUES ('2', '6', '13', '229', 'RS552', 'Aslam', '', '', '2017-02-26', '', '', '', '2017-02-26', '', '', '', '', '', '', '', '', '', '----', '', '', '0', '15', '0', '0', '1');
INSERT INTO `tbl_employee_profile` VALUES ('2', '6', '28', '230', 'RS192', 'Ali Hossain', '', '', '2017-02-26', '', '', '', '2017-02-26', '', '', '', '', '', '', '', '', '', '-', '', '', '0', '15', '0', '0', '1');
INSERT INTO `tbl_employee_profile` VALUES ('2', '6', '28', '231', 'RS405', 'Lutfur Rahman Shahin', '', '', '2017-02-26', '', '', '', '2017-02-26', '', '', '', '', '', '', '', '', '', '---', '', '', '0', '15', '0', '0', '1');
INSERT INTO `tbl_employee_profile` VALUES ('2', '6', '28', '232', 'RS321', 'Md. jahangir Hossen', '', '', '2017-02-26', '', '', '', '2017-02-26', '', '', '', '', '', '', '', '', '', '-', '', '', '0', '15', '0', '0', '1');
INSERT INTO `tbl_employee_profile` VALUES ('2', '6', '29', '233', 'RS108', 'Md. Yusuf', '', '', '2017-02-26', '', '', '', '2017-02-26', '', '', '', '', '', '', '', '', '', '-', '', '', '0', '15', '0', '0', '1');
INSERT INTO `tbl_employee_profile` VALUES ('2', '6', '29', '234', 'RS107', 'Yunus', '', '', '2017-02-26', '', '', '', '2017-02-26', '', '', '', '', '', '', '', '', '', '-', '', '', '0', '15', '0', '0', '1');
INSERT INTO `tbl_employee_profile` VALUES ('1', '6', '20', '235', 'RS399', 'Hasan Tariqul Hoque', '', '', '2017-02-26', '', '', '', '2017-02-26', '', '', '', '', '', '', '', '', '', '--', '', '', '0', '15', '0', '0', '1');
INSERT INTO `tbl_employee_profile` VALUES ('1', '3', '3', '236', 'RS177', 'S.M Arifuzzaman', '', '', '2017-02-26', '', '', '', '2017-02-26', '', '', '', '', '', '', '', '', '', '---', '', '', '0', '15', '0', '0', '1');
INSERT INTO `tbl_employee_profile` VALUES ('1', '3', '16', '237', 'RS476', 'Shofiqul Islam', '', '', '2017-02-26', '', '', '', '2017-02-26', '', '', '', '', '', '', '', '', '', '----', '', '', '0', '15', '0', '0', '1');
INSERT INTO `tbl_employee_profile` VALUES ('1', '3', '16', '238', 'RS244', 'MD. Raju Ahmed', '', '', '2017-02-26', '', '', '', '2017-02-26', '', '', '', '', '', '', '', '', '', '----', '', '', '0', '15', '0', '0', '1');
INSERT INTO `tbl_employee_profile` VALUES ('1', '3', '16', '239', 'RS150', 'Pankaj Chandra Das', '', '', '2017-02-26', '', '', '', '2017-02-26', '', '', '', '', '', '', '', '', '', '---', '', '', '0', '15', '0', '0', '1');
INSERT INTO `tbl_employee_profile` VALUES ('1', '3', '16', '240', 'RS505', 'Md. Al Mamun', '', '', '2017-02-26', '', '', '', '2017-02-26', '', '', '', '', '', '', '', '', '', '--', '', '', '0', '15', '0', '0', '1');
INSERT INTO `tbl_employee_profile` VALUES ('1', '3', '16', '241', 'RS147', 'Md. Mehedi Hasan', '', '', '2017-02-26', '', '', '', '2017-02-26', '', '', '', '', '', '', '', '', '', '-', '', '', '0', '15', '0', '0', '1');
INSERT INTO `tbl_employee_profile` VALUES ('1', '3', '16', '242', 'RS149', 'Md. Tariqul Islam', '', '', '2017-02-26', '', '', '', '2017-02-26', '', '', '', '', '', '', '', '', '', '---', '', '', '0', '15', '0', '0', '1');
INSERT INTO `tbl_employee_profile` VALUES ('1', '3', '16', '243', 'RS076', 'Rimon Chowdhury', '', '', '2017-02-26', '', '', '', '2017-02-26', '', '', '', '', '', '', '', '', '', '----', '', '', '0', '15', '0', '0', '1');
INSERT INTO `tbl_employee_profile` VALUES ('1', '3', '16', '244', 'RS151', 'Shah Md.Tajul Islam', '', '', '2017-02-26', '', '', '', '2017-02-26', '', '', '', '', '', '', '', '', '', '---', '', '', '0', '15', '0', '0', '1');
INSERT INTO `tbl_employee_profile` VALUES ('1', '4', '17', '245', 'RS258', 'Jamal Uddin', '', '', '2017-02-26', '', '', '', '2017-02-26', '', '', '', '', '', '', '', '', '', '---', '', '', '0', '15', '0', '0', '1');
INSERT INTO `tbl_employee_profile` VALUES ('1', '4', '17', '246', 'RS101', 'Khokon Miah', '', '', '2017-02-26', '', '', '', '2017-02-26', '', '', '', '', '', '', '', '', '', '-----', '', '', '0', '15', '0', '0', '1');
INSERT INTO `tbl_employee_profile` VALUES ('1', '3', '17', '247', 'RS163', 'Md. Alauddin', '', '', '2017-02-26', '', '', '', '2017-02-26', '', '', '', '', '', '', '', '', '', '-------', '', '', '0', '15', '0', '0', '1');
INSERT INTO `tbl_employee_profile` VALUES ('1', '3', '17', '248', 'RS546', 'Md. Ashraful Alam', '', '', '2017-02-26', '', '', '', '2017-02-26', '', '', '', '', '', '', '', '', '', '----------', '', '', '0', '15', '0', '0', '1');
INSERT INTO `tbl_employee_profile` VALUES ('1', '4', '17', '249', 'RS450', 'Md. Atikul islam', '', '', '2017-02-26', '', '', '', '2017-02-26', '', '', '', '', '', '', '', '', '', '-----', '', '', '0', '15', '0', '0', '1');
INSERT INTO `tbl_employee_profile` VALUES ('1', '4', '17', '250', 'RS123', 'Md. Emdadul Haque', '', '', '2017-02-26', '', '', '', '2017-02-26', '', '', '', '', '', '', '', '', '', '----', '', '', '0', '15', '0', '0', '1');
INSERT INTO `tbl_employee_profile` VALUES ('1', '4', '17', '251', 'RS142', 'Md. Farid Ahamed', '', '', '2017-02-26', '', '', '', '2017-02-26', '', '', '', '', '', '', '', '', '', '----', '', '', '0', '15', '0', '0', '1');
INSERT INTO `tbl_employee_profile` VALUES ('1', '3', '17', '252', 'RS143', 'Md. Fazlul Haque', '', '', '2017-02-26', '', '', '', '2017-02-26', '', '', '', '', '', '', '', '', '', '---', '', '', '0', '15', '0', '0', '1');
INSERT INTO `tbl_employee_profile` VALUES ('1', '4', '17', '253', 'RS144', 'Md. Mainul Islam', '', '', '2017-02-26', '', '', '', '2017-02-26', '', '', '', '', '', '', '', '', '', '----', '', '', '0', '15', '0', '0', '1');
INSERT INTO `tbl_employee_profile` VALUES ('1', '4', '17', '254', 'RS301', 'Md. Nizam Uddin', '', '', '2017-02-26', '', '', '', '2017-02-26', '', '', '', '', '', '', '', '', '', '----', '', '', '0', '15', '0', '0', '1');
INSERT INTO `tbl_employee_profile` VALUES ('1', '3', '17', '255', 'RS169', 'Md. Rafiqul Islam', '', '', '2017-02-26', '', '', '', '2017-02-26', '', '', '', '', '', '', '', '', '', '----', '', '', '0', '15', '0', '0', '1');
INSERT INTO `tbl_employee_profile` VALUES ('1', '4', '17', '256', 'RS516', 'Md. Yeasin', '', '', '2017-02-26', '', '', '', '2017-02-26', '', '', '', '', '', '', '', '', '', '---', '', '', '0', '15', '0', '0', '1');
INSERT INTO `tbl_employee_profile` VALUES ('1', '3', '17', '257', 'RS118', 'Shahidul Islam', '', '', '2017-02-26', '', '', '', '2017-02-26', '', '', '', '', '', '', '', '', '', '---', '', '', '0', '15', '0', '0', '1');
INSERT INTO `tbl_employee_profile` VALUES ('1', '3', '15', '258', 'RS507', 'Md. Akram', '', '', '2017-02-26', '', '', '', '2017-02-26', '', '', '', '', '', '', '', '', '', '---', '', '', '0', '15', '0', '0', '1');
INSERT INTO `tbl_employee_profile` VALUES ('1', '3', '15', '259', 'RS597', 'Md. Emdadul Haque', '', '', '2017-02-26', '', '', '', '2017-02-26', '', '', '', '', '', '', '', '', '', '--', '', '', '0', '15', '0', '0', '1');
INSERT INTO `tbl_employee_profile` VALUES ('1', '3', '15', '260', '.RS444', 'Md. Joshim Uddin', '', '', '2017-02-26', '', '', '', '2017-02-26', '', '', '', '', '', '', '', '', '', '----', '', '', '0', '15', '0', '0', '1');
INSERT INTO `tbl_employee_profile` VALUES ('1', '3', '15', '261', 'RS255', 'Md. kamal Uddin Khan', '', '', '2017-02-26', '', '', '', '2017-02-26', '', '', '', '', '', '', '', '', '', '---', '', '', '0', '15', '0', '0', '1');
INSERT INTO `tbl_employee_profile` VALUES ('1', '3', '15', '262', '.RS270', 'Md. Masud Miah', '', '', '2017-02-26', '', '', '', '2017-02-26', '', '', '', '', '', '', '', '', '', '----', '', '', '0', '15', '0', '0', '1');
INSERT INTO `tbl_employee_profile` VALUES ('1', '3', '15', '263', 'RS589', 'Md. Munsur', '', '', '2017-02-26', '', '', '', '2017-02-26', '', '', '', '', '', '', '', '', '', '----', '', '', '0', '15', '0', '0', '1');
INSERT INTO `tbl_employee_profile` VALUES ('1', '3', '15', '264', 'RS256', 'Md. Rasel miaz', '', '', '2017-02-26', '', '', '', '2017-02-26', '', '', '', '', '', '', '', '', '', '----', '', '', '0', '15', '0', '0', '1');
INSERT INTO `tbl_employee_profile` VALUES ('1', '3', '15', '265', 'RS533', 'Md. Roni Ahmed', '', '', '2017-02-26', '', '', '', '2017-02-26', '', '', '', '', '', '', '', '', '', '---', '', '', '0', '15', '0', '0', '1');
INSERT INTO `tbl_employee_profile` VALUES ('1', '3', '15', '266', 'RS351', 'Mohammad Humaion Kabir', '', '', '2017-02-26', '', '', '', '2017-02-26', '', '', '', '', '', '', '', '', '', '---', '', '', '0', '15', '0', '0', '1');
INSERT INTO `tbl_employee_profile` VALUES ('1', '3', '15', '267', 'RS534', 'Mukul Chandra Barai', '', '', '2017-02-26', '', '', '', '2017-02-26', '', '', '', '', '', '', '', '', '', '---', '', '', '0', '15', '0', '0', '1');
INSERT INTO `tbl_employee_profile` VALUES ('1', '3', '15', '268', 'RS436', 'Raju Ahmed', '', '', '2017-02-26', '', '', '', '2017-02-26', '', '', '', '', '', '', '', '', '', '----', '', '', '0', '15', '0', '0', '1');
INSERT INTO `tbl_employee_profile` VALUES ('2', '6', '15', '269', 'RS105', 'Rezaul Mollah', '', '', '2017-02-26', '', '', '', '2017-02-26', '', '', '', '', '', '', '', '', '', '----', '', '', '0', '15', '0', '0', '1');
INSERT INTO `tbl_employee_profile` VALUES ('1', '6', '2', '270', 'RS586', 'Titas Uddin', '', '', '2017-02-26', '', '', '', '2017-02-26', '', '', '', '', '', '', '', '', '', '----', '', '', '0', '15', '0', '0', '1');
INSERT INTO `tbl_employee_profile` VALUES ('1', '3', '20', '271', 'RS418', 'Anayet Ullah', '', '', '2017-02-26', '', '', '', '2017-02-26', '', '', '', '', '', '', '', '', '', '----', '', '', '0', '15', '0', '0', '1');
INSERT INTO `tbl_employee_profile` VALUES ('1', '3', '20', '272', 'RS059', 'Hossain Md. Abbas', '', '', '2017-02-26', '', '', '', '2017-02-26', '', '', '', '', '', '', '', '', '', '----', '', '', '0', '15', '0', '0', '1');
INSERT INTO `tbl_employee_profile` VALUES ('1', '3', '20', '273', 'RS514', 'Jasmin Chakma', '', '', '2017-02-26', '', '', '', '2017-02-26', '', '', '', '', '', '', '', '', '', '----', '', '', '0', '15', '0', '0', '1');
INSERT INTO `tbl_employee_profile` VALUES ('1', '3', '20', '274', 'RS145', 'Md. Humayun Kabir.', '', '', '2017-02-26', '', '', '', '2017-02-26', '', '', '', '', '', '', '', '', '', '---', '', '', '0', '15', '0', '0', '1');
INSERT INTO `tbl_employee_profile` VALUES ('1', '3', '20', '275', 'RS559', 'Md. Jakir Hossin', '', '', '2017-02-26', '', '', '', '2017-02-26', '', '', '', '', '', '', '', '', '', '----', '', '', '0', '15', '0', '0', '1');
INSERT INTO `tbl_employee_profile` VALUES ('1', '3', '20', '276', 'RS306', 'Md. Kamrul Miah', '', '', '2017-02-26', '', '', '', '2017-02-26', '', '', '', '', '', '', '', '', '', '---', '', '', '0', '15', '0', '0', '1');
INSERT INTO `tbl_employee_profile` VALUES ('1', '3', '20', '277', 'RS560', 'Md. Moklesur Rahman', '', '', '2017-02-26', '', '', '', '2017-02-26', '', '', '', '', '', '', '', '', '', '--------', '', '', '0', '15', '0', '0', '1');
INSERT INTO `tbl_employee_profile` VALUES ('1', '3', '20', '278', 'RS604', 'Md. Moneruzzaman', '', '', '2017-02-26', '', '', '', '2017-02-26', '', '', '', '', '', '', '', '', '', '-------', '', '', '0', '15', '0', '0', '1');
INSERT INTO `tbl_employee_profile` VALUES ('1', '3', '20', '279', 'RS063', 'Md. Shariful Islam', '', '', '2017-02-26', '', '', '', '2017-02-26', '', '', '', '', '', '', '', '', '', '-----', '', '', '0', '15', '0', '0', '1');
INSERT INTO `tbl_employee_profile` VALUES ('1', '3', '20', '280', 'RS171', 'Milon Hossain', '', '', '2017-02-26', '', '', '', '2017-02-26', '', '', '', '', '', '', '', '', '', '-----------', '', '', '0', '15', '0', '0', '1');
INSERT INTO `tbl_employee_profile` VALUES ('1', '3', '20', '281', 'RS064', 'Moutushi Akther', '', '', '2017-02-26', '', '', '', '2017-02-26', '', '', '', '', '', '', '', '', '', '-----------', '', '', '0', '15', '0', '0', '1');
INSERT INTO `tbl_employee_profile` VALUES ('1', '3', '20', '282', 'RS065', 'Prodip Kumar das', '', '', '2017-02-26', '', '', '', '2017-02-26', '', '', '', '', '', '', '', '', '', '----', '', '', '0', '15', '0', '0', '1');
INSERT INTO `tbl_employee_profile` VALUES ('1', '3', '20', '283', 'RS460', 'S M Hassanuzzaman', '', '', '2017-02-26', '', '', '', '2017-02-26', '', '', '', '', '', '', '', '', '', '----', '', '', '0', '15', '0', '0', '1');
INSERT INTO `tbl_employee_profile` VALUES ('1', '3', '20', '284', 'RS067', 'Sheikh Riazuddin', '', '', '2017-02-26', '', '', '', '2017-02-26', '', '', '', '', '', '', '', '', '', '--------', '', '', '0', '15', '0', '0', '1');
INSERT INTO `tbl_employee_profile` VALUES ('1', '3', '20', '285', 'RS068', 'Shuvo Mahmud', '', '', '2017-02-26', '', '', '', '2017-02-26', '', '', '', '', '', '', '', '', '', '----', '', '', '0', '15', '0', '0', '1');
INSERT INTO `tbl_employee_profile` VALUES ('1', '3', '20', '286', 'RS554', 'Tahomina Akter', '', '', '2017-02-26', '', '', '', '2017-02-26', '', '', '', '', '', '', '', '', '', '------', '', '', '0', '15', '0', '0', '1');
INSERT INTO `tbl_employee_profile` VALUES ('1', '3', '20', '287', 'RS069', 'Tapon Kumar', '', '', '2017-02-26', '', '', '', '2017-02-26', '', '', '', '', '', '', '', '', '', '---', '', '', '0', '15', '0', '0', '1');
INSERT INTO `tbl_employee_profile` VALUES ('1', '4', '20', '288', 'RS055', 'A B M Nazmul Huda', '', '', '2017-02-26', '', '', '', '2017-02-26', '', '', '', '', '', '', '', '', '', '----', '', '', '0', '15', '0', '0', '');
INSERT INTO `tbl_employee_profile` VALUES ('1', '4', '20', '289', 'RS056', 'Faisal Habib', '', '', '2017-02-26', '', '', '', '2017-02-26', '', '', '', '', '', '', '', '', '', '----', '', '', '0', '15', '0', '0', '1');
INSERT INTO `tbl_employee_profile` VALUES ('1', '4', '20', '290', 'RS156', 'Md. Ali Mortoza', '', '', '2017-02-26', '', '', '', '2017-02-26', '', '', '', '', '', '', '', '', '', '---', '', '', '0', '15', '0', '0', '1');
INSERT INTO `tbl_employee_profile` VALUES ('1', '4', '20', '291', 'RS492', 'Md. Habibullah', '', '', '2017-02-26', '', '', '', '2017-02-26', '', '', '', '', '', '', '', '', '', '-----', '', '', '0', '15', '0', '0', '1');
INSERT INTO `tbl_employee_profile` VALUES ('1', '4', '19', '292', 'RS061', 'Md. Ismail Hossain', '', '', '2017-02-26', '', '', '', '2017-02-26', '', '', '', '', '', '', '', '', '', '-------', '', '', '0', '15', '0', '0', '1');
INSERT INTO `tbl_employee_profile` VALUES ('1', '4', '20', '293', '.RS057', 'Md. Jashim Uddin Polash', '', '', '2017-02-26', '', '', '', '2017-02-26', '', '', '', '', '', '', '', '', '', '---', '', '', '0', '15', '0', '0', '1');
INSERT INTO `tbl_employee_profile` VALUES ('1', '4', '20', '294', 'RS099', 'Nasir Ahmed', '', '', '2017-02-26', '', '', '', '2017-02-26', '', '', '', '', '', '', '', '', '', '----------', '', '', '0', '15', '0', '0', '1');
INSERT INTO `tbl_employee_profile` VALUES ('1', '4', '20', '295', 'RS066', 'Shafayet Hossain', '', '', '2017-02-26', '', '', '', '2017-02-26', '', '', '', '', '', '', '', '', '', '-----------', '', '', '0', '15', '0', '0', '1');
INSERT INTO `tbl_employee_profile` VALUES ('1', '3', '21', '296', 'RS532', 'Abdullah Al Mamun', '', '', '2017-02-26', '', '', '', '2017-02-26', '', '', '', '', '', '', '', '', '', '----------', '', '', '0', '15', '0', '0', '1');
INSERT INTO `tbl_employee_profile` VALUES ('1', '3', '21', '297', 'RS128', 'Aklatul Islam Shamol', '', '', '2017-02-26', '', '', '', '2017-02-26', '', '', '', '', '', '', '', '', '', '--', '', '', '0', '15', '0', '0', '1');
INSERT INTO `tbl_employee_profile` VALUES ('1', '3', '21', '298', 'RS120', 'Bayazid Miah', '', '', '2017-02-26', '', '', '', '2017-02-26', '', '', '', '', '', '', '', '', '', '---------', '', '', '0', '15', '0', '0', '1');
INSERT INTO `tbl_employee_profile` VALUES ('1', '3', '21', '299', '.RS313', 'Jannatul Ferdous (Dollar)', '', '', '2017-02-26', '', '', '', '2017-02-26', '', '', '', '', '', '', '', '', '', '---------', '', '', '0', '15', '0', '0', '1');
INSERT INTO `tbl_employee_profile` VALUES ('1', '3', '20', '300', 'RS122', 'Md. Anowar Hossain', '', '', '2017-02-26', '', '', '', '2017-02-26', '', '', '', '', '', '', '', '', '', '---', '', '', '0', '15', '0', '0', '1');
INSERT INTO `tbl_employee_profile` VALUES ('1', '3', '21', '301', 'RS124', 'Md. Nazrul Islam.', '', '', '2017-02-26', '', '', '', '2017-02-26', '', '', '', '', '', '', '', '', '', '------', '', '', '0', '15', '0', '0', '1');
INSERT INTO `tbl_employee_profile` VALUES ('1', '3', '21', '302', 'RS481', 'Md. Rezaul Kabir', '', '', '2017-02-26', '', '', '', '2017-02-26', '', '', '', '', '', '', '', '', '', '-------', '', '', '0', '15', '0', '0', '1');
INSERT INTO `tbl_employee_profile` VALUES ('1', '3', '21', '303', 'RS127', 'Md. Sarwor Hossain', '', '', '2017-02-26', '', '', '', '2017-02-26', '', '', '', '', '', '', '', '', '', '---', '', '', '0', '15', '0', '0', '1');
INSERT INTO `tbl_employee_profile` VALUES ('1', '3', '21', '304', 'RS129', 'Mohammad Motaleb Sarder', '', '', '2017-02-26', '', '', '', '2017-02-26', '', '', '', '', '', '', '', '', '', '---', '', '', '0', '15', '0', '0', '1');
INSERT INTO `tbl_employee_profile` VALUES ('1', '3', '21', '305', 'RS300', 'Most. Rikta Khatun', '', '', '2017-02-26', '', '', '', '2017-02-26', '', '', '', '', '', '', '', '', '', '----', '', '', '0', '15', '0', '0', '1');
INSERT INTO `tbl_employee_profile` VALUES ('1', '3', '21', '306', 'RS131', 'Raiyhan Ahmed', '', '', '2017-02-26', '', '', '', '2017-02-26', '', '', '', '', '', '', '', '', '', '---', '', '', '0', '15', '0', '0', '1');
INSERT INTO `tbl_employee_profile` VALUES ('1', '3', '21', '307', 'RS181', 'Rajon Chandra Das', '', '', '2017-02-26', '', '', '', '2017-02-26', '', '', '', '', '', '', '', '', '', '---', '', '', '0', '15', '0', '0', '1');
INSERT INTO `tbl_employee_profile` VALUES ('1', '3', '21', '308', 'RS132', 'Rohijur Rahman', '', '', '2017-02-26', '', '', '', '2017-02-26', '', '', '', '', '', '', '', '', '', '-----', '', '', '0', '15', '0', '0', '1');
INSERT INTO `tbl_employee_profile` VALUES ('1', '3', '21', '309', 'RS095', 'S.M Harun or Rashid (Zahid)', '', '', '2017-02-26', '', '', '', '2017-02-26', '', '', '', '', '', '', '', '', '', '-----', '', '', '0', '15', '0', '0', '1');
INSERT INTO `tbl_employee_profile` VALUES ('1', '3', '21', '310', 'RS135', 'Shariful Islam', '', '', '2017-02-26', '', '', '', '2017-02-26', '', '', '', '', '', '', '', '', '', '-----', '', '', '0', '15', '0', '0', '1');
INSERT INTO `tbl_employee_profile` VALUES ('1', '3', '21', '311', 'RS136', 'Shopon Chandra Dash', '', '', '2017-02-26', '', '', '', '2017-02-26', '', '', '', '', '', '', '', '', '', '-----', '', '', '0', '15', '0', '0', '1');
INSERT INTO `tbl_employee_profile` VALUES ('1', '3', '21', '312', 'RS137', 'Sumon Sikder', '', '', '2017-02-26', '', '', '', '2017-02-26', '', '', '', '', '', '', '', '', '', '----', '', '', '0', '15', '0', '0', '1');
INSERT INTO `tbl_employee_profile` VALUES ('1', '3', '21', '313', 'RS316', 'Tajmira Khatun Liza', '', '', '2017-02-26', '', '', '', '2017-02-26', '', '', '', '', '', '', '', '', '', '---', '', '', '0', '15', '0', '0', '1');
INSERT INTO `tbl_employee_profile` VALUES ('1', '3', '21', '314', 'RS141', 'Zabaer Hussain Sakil.', '', '', '2017-02-26', '', '', '', '2017-02-26', '', '', '', '', '', '', '', '', '', '----', '', '', '0', '15', '0', '0', '1');
INSERT INTO `tbl_employee_profile` VALUES ('1', '3', '21', '315', 'RS138', 'Zahirul Islam Bablu', '', '', '2017-02-26', '', '', '', '2017-02-26', '', '', '', '', '', '', '', '', '', '----', '', '', '0', '15', '0', '0', '1');
INSERT INTO `tbl_employee_profile` VALUES ('1', '3', '21', '316', 'RS140', 'Zakir Hossain', '', '', '2017-02-26', '', '', '', '2017-02-26', '', '', '', '', '', '', '', '', '', '----', '', '', '0', '15', '0', '0', '1');
INSERT INTO `tbl_employee_profile` VALUES ('1', '3', '22', '317', 'RS602', 'Md. Anwar Hossain', '', '', '2017-02-26', '', '', '', '2017-02-26', '', '', '', '', '', '', '', '', '', '---', '', '', '0', '15', '0', '0', '1');
INSERT INTO `tbl_employee_profile` VALUES ('1', '3', '22', '318', 'RS603', 'Md. Mubarok Hussain', '', '', '2017-02-26', '', '', '', '2017-02-26', '', '', '', '', '', '', '', '', '', '----', '', '', '0', '15', '0', '0', '1');
INSERT INTO `tbl_employee_profile` VALUES ('1', '3', '22', '319', 'RS419', 'Md. Sadikul Islam', '', '', '2017-02-26', '', '', '', '2017-02-26', '', '', '', '', '', '', '', '', '', '---', '', '', '0', '15', '0', '0', '1');
INSERT INTO `tbl_employee_profile` VALUES ('2', '6', '26', '320', 'TR1622', 'Farhan Labib Lemon', '', '', '2017-02-26', '', '', '', '2017-02-26', '', '', '', '', '', '', '', '', '', '---', '', '', '0', '15', '0', '0', '1');

-- ----------------------------
-- Table structure for `tbl_hierarchy_info`
-- ----------------------------
DROP TABLE IF EXISTS `tbl_hierarchy_info`;
CREATE TABLE `tbl_hierarchy_info` (
  `F_Employee_ID` mediumint(9) NOT NULL,
  `F_User_ID` mediumint(9) DEFAULT NULL,
  `H_ID` mediumint(9) NOT NULL AUTO_INCREMENT,
  `Designation` varchar(100) NOT NULL,
  `Supervisor1_ID` mediumint(9) NOT NULL,
  `Supervisor2_ID` mediumint(9) DEFAULT NULL,
  `Supervisor3_ID` mediumint(9) DEFAULT NULL,
  `Is_Void` enum('1','0') NOT NULL DEFAULT '0',
  `Is_Processed` enum('1','0') NOT NULL DEFAULT '0',
  `Is_Exist` enum('1','0') NOT NULL DEFAULT '1',
  PRIMARY KEY (`H_ID`),
  KEY `H_F_User_ID` (`F_User_ID`) USING BTREE
) ENGINE=MyISAM AUTO_INCREMENT=3 DEFAULT CHARSET=utf8;

-- ----------------------------
-- Records of tbl_hierarchy_info
-- ----------------------------
INSERT INTO `tbl_hierarchy_info` VALUES ('17', null, '1', '', '21', '1', '1', '0', '0', '1');
INSERT INTO `tbl_hierarchy_info` VALUES ('18', null, '2', '', '21', '1', '1', '0', '0', '1');

-- ----------------------------
-- Table structure for `tbl_holiday_info`
-- ----------------------------
DROP TABLE IF EXISTS `tbl_holiday_info`;
CREATE TABLE `tbl_holiday_info` (
  `Holiday_ID` mediumint(9) NOT NULL AUTO_INCREMENT,
  `Holiday_Name` varchar(100) NOT NULL,
  `Holiday_Type` varchar(100) NOT NULL,
  `From_Date` date NOT NULL,
  `To_Date` date NOT NULL,
  `Is_Void` enum('1','0') NOT NULL DEFAULT '0',
  `Is_Processed` enum('1','0') NOT NULL DEFAULT '0',
  `Is_Exist` enum('1','0') NOT NULL DEFAULT '1',
  PRIMARY KEY (`Holiday_ID`)
) ENGINE=MyISAM AUTO_INCREMENT=2 DEFAULT CHARSET=utf8;

-- ----------------------------
-- Records of tbl_holiday_info
-- ----------------------------
INSERT INTO `tbl_holiday_info` VALUES ('1', 'Victory Day', 'Government Holiday', '2015-12-16', '2015-12-16', '0', '0', '1');

-- ----------------------------
-- Table structure for `tbl_leave_info`
-- ----------------------------
DROP TABLE IF EXISTS `tbl_leave_info`;
CREATE TABLE `tbl_leave_info` (
  `Leave_Type_ID` mediumint(9) NOT NULL AUTO_INCREMENT,
  `Leave_Type` varchar(200) NOT NULL,
  `Is_Void` enum('1','0') NOT NULL DEFAULT '0',
  `Is_Processed` enum('1','0') NOT NULL DEFAULT '0',
  `Is_Exist` enum('1','0') NOT NULL DEFAULT '1',
  PRIMARY KEY (`Leave_Type_ID`)
) ENGINE=MyISAM AUTO_INCREMENT=4 DEFAULT CHARSET=utf8;

-- ----------------------------
-- Records of tbl_leave_info
-- ----------------------------
INSERT INTO `tbl_leave_info` VALUES ('1', 'Casual', '0', '0', '1');
INSERT INTO `tbl_leave_info` VALUES ('2', 'Medical', '0', '0', '1');
INSERT INTO `tbl_leave_info` VALUES ('3', 'Maternity', '0', '0', '1');

-- ----------------------------
-- Table structure for `tbl_leave_record`
-- ----------------------------
DROP TABLE IF EXISTS `tbl_leave_record`;
CREATE TABLE `tbl_leave_record` (
  `F_User_ID` mediumint(9) NOT NULL,
  `Leave_ID` mediumint(9) NOT NULL AUTO_INCREMENT,
  `Leave_Type_ID` mediumint(9) NOT NULL,
  `Leave_Reason` text NOT NULL,
  `From_Date` date NOT NULL,
  `To_Date` date NOT NULL,
  `Day` float(4,0) NOT NULL,
  `Recommend` varchar(200) DEFAULT NULL,
  `Status` varchar(255) NOT NULL DEFAULT 'unread',
  `Is_Void` enum('1','0') NOT NULL DEFAULT '0',
  `Is_Processed` enum('1','0') NOT NULL DEFAULT '0',
  `Is_Exist` enum('1','0') NOT NULL DEFAULT '1',
  PRIMARY KEY (`Leave_ID`),
  KEY `L_F_User_ID` (`F_User_ID`) USING BTREE
) ENGINE=MyISAM AUTO_INCREMENT=5 DEFAULT CHARSET=utf8;

-- ----------------------------
-- Records of tbl_leave_record
-- ----------------------------
INSERT INTO `tbl_leave_record` VALUES ('7', '1', '1', 'ABCD', '2017-02-20', '2017-02-20', '1', null, 'unread', '0', '0', '1');
INSERT INTO `tbl_leave_record` VALUES ('11', '2', '2', 'I was very ill.', '2017-02-17', '2017-02-18', '2', '7,', 'read', '0', '1', '1');
INSERT INTO `tbl_leave_record` VALUES ('7', '3', '1', 'illness', '2017-02-25', '2017-02-25', '0', null, 'unread', '0', '0', '1');
INSERT INTO `tbl_leave_record` VALUES ('12', '4', '1', 'test', '2017-02-07', '2017-02-07', '1', null, 'read', '0', '1', '1');

-- ----------------------------
-- Table structure for `tbl_location_info`
-- ----------------------------
DROP TABLE IF EXISTS `tbl_location_info`;
CREATE TABLE `tbl_location_info` (
  `Location_ID` tinyint(4) NOT NULL AUTO_INCREMENT,
  `Location_Name` varchar(100) NOT NULL,
  `Leave` tinyint(4) DEFAULT NULL,
  `Is_Void` enum('1','0') NOT NULL DEFAULT '0',
  `Is_Processed` enum('1','0') NOT NULL DEFAULT '0',
  `Is_Exist` enum('1','0') NOT NULL DEFAULT '1',
  PRIMARY KEY (`Location_ID`)
) ENGINE=MyISAM AUTO_INCREMENT=17 DEFAULT CHARSET=utf8;

-- ----------------------------
-- Records of tbl_location_info
-- ----------------------------
INSERT INTO `tbl_location_info` VALUES ('3', 'IDB', null, '0', '0', '1');
INSERT INTO `tbl_location_info` VALUES ('4', 'Taltola', null, '0', '0', '1');
INSERT INTO `tbl_location_info` VALUES ('5', 'Care', null, '0', '0', '1');
INSERT INTO `tbl_location_info` VALUES ('6', 'KB,Taltola', null, '0', '0', '1');
INSERT INTO `tbl_location_info` VALUES ('7', 'Rangpur Branch', null, '0', '0', '1');
INSERT INTO `tbl_location_info` VALUES ('8', 'Chittagoang Branch', null, '0', '0', '1');
INSERT INTO `tbl_location_info` VALUES ('9', 'Banani Branch', null, '0', '0', '1');
INSERT INTO `tbl_location_info` VALUES ('10', 'Barisal Branch', null, '0', '0', '1');
INSERT INTO `tbl_location_info` VALUES ('11', 'Bogra Branch', null, '0', '0', '1');
INSERT INTO `tbl_location_info` VALUES ('12', 'Mymensing Branch', null, '0', '0', '1');
INSERT INTO `tbl_location_info` VALUES ('13', 'EPL Branch', null, '0', '0', '1');
INSERT INTO `tbl_location_info` VALUES ('14', 'Rajshahi Branch', null, '0', '0', '1');
INSERT INTO `tbl_location_info` VALUES ('15', 'MPL Branch', null, '0', '0', '1');
INSERT INTO `tbl_location_info` VALUES ('16', 'Uttara Branch', null, '0', '0', '1');

-- ----------------------------
-- Table structure for `tbl_login_info`
-- ----------------------------
DROP TABLE IF EXISTS `tbl_login_info`;
CREATE TABLE `tbl_login_info` (
  `F_User_ID` mediumint(9) NOT NULL,
  `F_User_Permission_ID` mediumint(9) NOT NULL,
  `Login_ID` mediumint(9) NOT NULL AUTO_INCREMENT,
  `User_Name` varchar(100) NOT NULL,
  `Password` varchar(150) NOT NULL,
  `Is_Void` enum('1','0') NOT NULL DEFAULT '0',
  `Is_Processed` enum('1','0') NOT NULL DEFAULT '0',
  `Is_Exist` enum('1','0') NOT NULL DEFAULT '1',
  PRIMARY KEY (`Login_ID`),
  KEY `F_User_ID` (`F_User_ID`) USING BTREE,
  KEY `L_F_User_Permission_ID` (`F_User_Permission_ID`) USING BTREE
) ENGINE=MyISAM AUTO_INCREMENT=102 DEFAULT CHARSET=utf8;

-- ----------------------------
-- Records of tbl_login_info
-- ----------------------------
INSERT INTO `tbl_login_info` VALUES ('1', '1', '2', 'upal', '2dbj1dHn', '0', '0', '1');
INSERT INTO `tbl_login_info` VALUES ('6', '5', '9', 'shiplu', 'naejlQ', '0', '0', '1');
INSERT INTO `tbl_login_info` VALUES ('5', '2', '1', 'admin', 'naejlQ', '0', '0', '1');
INSERT INTO `tbl_login_info` VALUES ('7', '6', '10', 'monsur', 'naejlQ', '0', '0', '1');
INSERT INTO `tbl_login_info` VALUES ('8', '5', '11', 'Samiron', 'naejlQ', '0', '0', '1');
INSERT INTO `tbl_login_info` VALUES ('9', '5', '12', 'mofizul', 'naejlQ', '0', '0', '1');
INSERT INTO `tbl_login_info` VALUES ('10', '5', '13', 'sani', 'naejlQ', '0', '0', '1');
INSERT INTO `tbl_login_info` VALUES ('11', '5', '14', 'fahim', 'naejlQ', '0', '0', '1');
INSERT INTO `tbl_login_info` VALUES ('12', '5', '15', 'nasir', 'pa2nkZ6mow', '0', '0', '1');
INSERT INTO `tbl_login_info` VALUES ('13', '6', '16', 'RS194', 'naejlQ', '0', '0', '1');
INSERT INTO `tbl_login_info` VALUES ('14', '5', '17', 'rs247', 'naejlQ', '0', '0', '1');
INSERT INTO `tbl_login_info` VALUES ('15', '5', '18', 'rs210', 'naejlQ', '0', '0', '1');
INSERT INTO `tbl_login_info` VALUES ('16', '5', '19', 'rs223', 'naejlQ', '0', '0', '1');
INSERT INTO `tbl_login_info` VALUES ('17', '5', '20', 'rs246', 'naejlQ', '0', '0', '1');
INSERT INTO `tbl_login_info` VALUES ('18', '5', '21', 'rs360', 'naejlQ', '0', '0', '1');
INSERT INTO `tbl_login_info` VALUES ('19', '5', '22', 'rs424', 'naejlQ', '0', '0', '1');
INSERT INTO `tbl_login_info` VALUES ('20', '5', '23', 'rs553', 'naejlQ', '0', '0', '1');
INSERT INTO `tbl_login_info` VALUES ('21', '5', '24', 'rs557', 'naejlQ', '0', '0', '1');
INSERT INTO `tbl_login_info` VALUES ('22', '5', '25', 'rs234', 'naejlQ', '0', '0', '1');
INSERT INTO `tbl_login_info` VALUES ('23', '5', '26', 'rs416', 'naejlQ', '0', '0', '1');
INSERT INTO `tbl_login_info` VALUES ('24', '5', '27', 'rs273', 'naejlQ', '0', '0', '1');
INSERT INTO `tbl_login_info` VALUES ('25', '5', '28', 'rs420', 'naejlQ', '0', '0', '1');
INSERT INTO `tbl_login_info` VALUES ('26', '5', '29', 'tr1605', 'naejlQ', '0', '0', '1');
INSERT INTO `tbl_login_info` VALUES ('27', '5', '30', 'tr1619', 'naejlQ', '0', '0', '1');
INSERT INTO `tbl_login_info` VALUES ('28', '5', '31', 'tr1604', 'naejlQ', '0', '0', '1');
INSERT INTO `tbl_login_info` VALUES ('29', '5', '32', 'rs373', 'naejlQ', '0', '0', '1');
INSERT INTO `tbl_login_info` VALUES ('30', '5', '33', 'tr1609', 'naejlQ', '0', '0', '1');
INSERT INTO `tbl_login_info` VALUES ('31', '5', '34', 'tr1616', 'naejlQ', '0', '0', '1');
INSERT INTO `tbl_login_info` VALUES ('32', '5', '35', 'rs291', 'naejlQ', '0', '0', '1');
INSERT INTO `tbl_login_info` VALUES ('33', '5', '36', 'rs392', 'naejlQ', '0', '0', '1');
INSERT INTO `tbl_login_info` VALUES ('34', '5', '37', 'rs368', 'naejlQ', '0', '0', '1');
INSERT INTO `tbl_login_info` VALUES ('35', '5', '38', 'rs378', 'naejlQ', '0', '0', '1');
INSERT INTO `tbl_login_info` VALUES ('36', '5', '39', 'tr1611', 'naejlQ', '0', '0', '1');
INSERT INTO `tbl_login_info` VALUES ('37', '5', '40', 'rs458', 'naejlQ', '0', '0', '1');
INSERT INTO `tbl_login_info` VALUES ('38', '5', '41', 'tr1623', 'naejlQ', '0', '0', '1');
INSERT INTO `tbl_login_info` VALUES ('39', '5', '42', 'tr1701', 'naejlQ', '0', '0', '1');
INSERT INTO `tbl_login_info` VALUES ('40', '5', '43', 'rs290', 'naejlQ', '0', '0', '1');
INSERT INTO `tbl_login_info` VALUES ('41', '5', '44', 'tr1626', 'naejlQ', '0', '0', '1');
INSERT INTO `tbl_login_info` VALUES ('42', '5', '45', 'rs241', 'naejlQ', '0', '0', '1');
INSERT INTO `tbl_login_info` VALUES ('43', '5', '46', 'tr1617', 'naejlQ', '0', '0', '1');
INSERT INTO `tbl_login_info` VALUES ('44', '5', '47', 'tr1618', 'naejlQ', '0', '0', '1');
INSERT INTO `tbl_login_info` VALUES ('45', '5', '48', 'tr1627', 'naejlQ', '0', '0', '1');
INSERT INTO `tbl_login_info` VALUES ('46', '5', '49', 'rs483', 'naejlQ', '0', '0', '1');
INSERT INTO `tbl_login_info` VALUES ('47', '5', '50', 'rs417', 'naejlQ', '0', '0', '1');
INSERT INTO `tbl_login_info` VALUES ('48', '5', '51', 'tr1606', 'naejlQ', '0', '0', '1');
INSERT INTO `tbl_login_info` VALUES ('49', '5', '52', 'rs353', 'naejlQ', '0', '0', '1');
INSERT INTO `tbl_login_info` VALUES ('50', '5', '53', 'rs231', 'naejlQ', '0', '0', '1');
INSERT INTO `tbl_login_info` VALUES ('51', '5', '54', 'rs462', 'naejlQ', '0', '0', '1');
INSERT INTO `tbl_login_info` VALUES ('52', '5', '55', 'rs508', 'naejlQ', '0', '0', '1');
INSERT INTO `tbl_login_info` VALUES ('53', '5', '56', 'rs550', 'naejlQ', '0', '0', '1');
INSERT INTO `tbl_login_info` VALUES ('54', '5', '57', 'rs226', 'naejlQ', '0', '0', '1');
INSERT INTO `tbl_login_info` VALUES ('55', '5', '58', 'rs233', 'naejlQ', '0', '0', '1');
INSERT INTO `tbl_login_info` VALUES ('56', '5', '59', 'rs433', 'naejlQ', '0', '0', '1');
INSERT INTO `tbl_login_info` VALUES ('57', '5', '60', 'tr1621', 'naejlQ', '0', '0', '1');
INSERT INTO `tbl_login_info` VALUES ('58', '5', '61', 'tr1622', 'naejlQ', '0', '0', '1');
INSERT INTO `tbl_login_info` VALUES ('59', '5', '62', 'rs423', 'naejlQ', '0', '0', '1');
INSERT INTO `tbl_login_info` VALUES ('60', '5', '63', 'tr1624', 'naejlQ', '0', '0', '1');
INSERT INTO `tbl_login_info` VALUES ('61', '5', '64', 'tr1602', 'naejlQ', '0', '0', '1');
INSERT INTO `tbl_login_info` VALUES ('62', '5', '65', 'tr1625', 'naejlQ', '0', '0', '1');
INSERT INTO `tbl_login_info` VALUES ('63', '5', '66', 'rs376', 'naejlQ', '0', '0', '1');
INSERT INTO `tbl_login_info` VALUES ('64', '5', '67', 'rs335', 'naejlQ', '0', '0', '1');
INSERT INTO `tbl_login_info` VALUES ('65', '5', '68', 'rs441', 'naejlQ', '0', '0', '1');
INSERT INTO `tbl_login_info` VALUES ('66', '5', '69', 'tr1612', 'naejlQ', '0', '0', '1');
INSERT INTO `tbl_login_info` VALUES ('67', '5', '70', 'rs393', 'naejlQ', '0', '0', '1');
INSERT INTO `tbl_login_info` VALUES ('68', '5', '71', 'tr1615', 'naejlQ', '0', '0', '1');
INSERT INTO `tbl_login_info` VALUES ('69', '5', '72', 'rs217', 'naejlQ', '0', '0', '1');
INSERT INTO `tbl_login_info` VALUES ('70', '5', '73', 'rs192', 'naejlQ', '0', '0', '1');
INSERT INTO `tbl_login_info` VALUES ('71', '5', '74', 'rs405', 'naejlQ', '0', '0', '1');
INSERT INTO `tbl_login_info` VALUES ('72', '5', '75', 'rs321', 'naejlQ', '0', '0', '1');
INSERT INTO `tbl_login_info` VALUES ('73', '5', '76', 'rs567', 'naejlQ', '0', '0', '1');
INSERT INTO `tbl_login_info` VALUES ('74', '5', '77', 'rs570', 'naejlQ', '0', '0', '1');
INSERT INTO `tbl_login_info` VALUES ('75', '5', '78', 'rs591', 'naejlQ', '0', '0', '1');
INSERT INTO `tbl_login_info` VALUES ('76', '5', '79', 'rs599', 'naejlQ', '0', '0', '1');
INSERT INTO `tbl_login_info` VALUES ('77', '5', '80', 'rs600', 'naejlQ', '0', '0', '1');
INSERT INTO `tbl_login_info` VALUES ('78', '5', '81', 'rs497', 'naejlQ', '0', '0', '1');
INSERT INTO `tbl_login_info` VALUES ('79', '5', '82', 'rs521', 'naejlQ', '0', '0', '1');
INSERT INTO `tbl_login_info` VALUES ('80', '5', '83', 'rs443', 'naejlQ', '0', '0', '1');
INSERT INTO `tbl_login_info` VALUES ('81', '5', '84', 'rs200', 'naejlQ', '0', '0', '1');
INSERT INTO `tbl_login_info` VALUES ('82', '5', '85', 'rs204', 'naejlQ', '0', '0', '1');
INSERT INTO `tbl_login_info` VALUES ('83', '5', '86', 'rs266', 'naejlQ', '0', '0', '1');
INSERT INTO `tbl_login_info` VALUES ('84', '5', '87', 'rs296', 'naejlQ', '0', '0', '1');
INSERT INTO `tbl_login_info` VALUES ('85', '5', '88', 'rs312', 'naejlQ', '0', '0', '1');
INSERT INTO `tbl_login_info` VALUES ('86', '5', '89', 'rs426', 'naejlQ', '0', '0', '1');
INSERT INTO `tbl_login_info` VALUES ('87', '5', '90', 'rs440', 'naejlQ', '0', '0', '1');
INSERT INTO `tbl_login_info` VALUES ('88', '5', '91', 'rs468', 'naejlQ', '0', '0', '1');
INSERT INTO `tbl_login_info` VALUES ('89', '5', '92', 'rs489', 'naejlQ', '0', '0', '1');
INSERT INTO `tbl_login_info` VALUES ('90', '5', '93', 'rs495', 'naejlQ', '0', '0', '1');
INSERT INTO `tbl_login_info` VALUES ('91', '5', '94', 'rs528', 'naejlQ', '0', '0', '1');
INSERT INTO `tbl_login_info` VALUES ('92', '5', '95', 'rs529', 'naejlQ', '0', '0', '1');
INSERT INTO `tbl_login_info` VALUES ('93', '5', '96', 'rs412', 'naejlQ', '0', '0', '1');
INSERT INTO `tbl_login_info` VALUES ('94', '5', '97', 'rs552', 'naejlQ', '0', '0', '1');
INSERT INTO `tbl_login_info` VALUES ('95', '5', '98', 'rs108', 'naejlQ', '0', '0', '1');
INSERT INTO `tbl_login_info` VALUES ('96', '5', '99', 'rs107', 'naejlQ', '0', '0', '1');
INSERT INTO `tbl_login_info` VALUES ('97', '5', '100', 'rs517', 'naejlQ', '0', '0', '1');
INSERT INTO `tbl_login_info` VALUES ('98', '5', '101', 'rs605', 'naejlQ', '0', '0', '1');

-- ----------------------------
-- Table structure for `tbl_login_record`
-- ----------------------------
DROP TABLE IF EXISTS `tbl_login_record`;
CREATE TABLE `tbl_login_record` (
  `F_User_ID` mediumint(9) NOT NULL,
  `Login_Record_ID` int(11) NOT NULL AUTO_INCREMENT,
  `Date` date NOT NULL,
  `In_Time` time NOT NULL,
  `Out_Time` time DEFAULT '00:00:00',
  `Remarks` text,
  PRIMARY KEY (`Login_Record_ID`),
  KEY `LR_F_User_ID` (`F_User_ID`) USING BTREE
) ENGINE=MyISAM AUTO_INCREMENT=167 DEFAULT CHARSET=utf8;

-- ----------------------------
-- Records of tbl_login_record
-- ----------------------------
INSERT INTO `tbl_login_record` VALUES ('1', '46', '2016-08-15', '15:45:18', '00:00:00', '');
INSERT INTO `tbl_login_record` VALUES ('2', '47', '2016-08-15', '15:55:48', '00:00:00', '');
INSERT INTO `tbl_login_record` VALUES ('1', '48', '2017-01-04', '13:59:48', '00:00:00', '');
INSERT INTO `tbl_login_record` VALUES ('1', '49', '2017-01-18', '12:54:44', '00:00:00', '');
INSERT INTO `tbl_login_record` VALUES ('1', '50', '2017-01-19', '09:26:02', '00:00:00', '');
INSERT INTO `tbl_login_record` VALUES ('1', '51', '2017-01-21', '10:11:07', '00:00:00', '');
INSERT INTO `tbl_login_record` VALUES ('2', '52', '2017-01-21', '10:00:12', '00:00:00', '');
INSERT INTO `tbl_login_record` VALUES ('1', '53', '2017-01-22', '02:57:52', '00:00:00', '');
INSERT INTO `tbl_login_record` VALUES ('2', '54', '2017-01-22', '02:58:03', '00:00:00', '');
INSERT INTO `tbl_login_record` VALUES ('3', '55', '2017-01-22', '04:25:24', '00:00:00', '');
INSERT INTO `tbl_login_record` VALUES ('2', '56', '2017-01-23', '03:33:26', '00:00:00', '');
INSERT INTO `tbl_login_record` VALUES ('3', '57', '2017-01-23', '10:52:49', '00:00:00', '');
INSERT INTO `tbl_login_record` VALUES ('1', '58', '2017-01-23', '10:56:18', '00:00:00', '');
INSERT INTO `tbl_login_record` VALUES ('3', '59', '2017-01-25', '03:03:10', '00:00:00', '');
INSERT INTO `tbl_login_record` VALUES ('1', '60', '2017-01-25', '03:03:24', '00:00:00', '');
INSERT INTO `tbl_login_record` VALUES ('2', '61', '2017-01-25', '06:32:55', '00:00:00', '');
INSERT INTO `tbl_login_record` VALUES ('1', '62', '2017-01-26', '06:36:29', '00:00:00', '');
INSERT INTO `tbl_login_record` VALUES ('2', '63', '2017-01-26', '06:40:28', '00:00:00', '');
INSERT INTO `tbl_login_record` VALUES ('3', '64', '2017-01-29', '05:47:31', '00:00:00', '');
INSERT INTO `tbl_login_record` VALUES ('2', '65', '2017-01-29', '05:52:42', '00:00:00', '');
INSERT INTO `tbl_login_record` VALUES ('1', '66', '2017-01-29', '08:26:40', '00:00:00', '');
INSERT INTO `tbl_login_record` VALUES ('3', '67', '2017-02-05', '05:50:17', '00:00:00', '');
INSERT INTO `tbl_login_record` VALUES ('1', '68', '2017-02-05', '05:50:48', '00:00:00', '');
INSERT INTO `tbl_login_record` VALUES ('2', '69', '2017-02-05', '05:51:33', '00:00:00', '');
INSERT INTO `tbl_login_record` VALUES ('1', '70', '2017-02-06', '05:12:34', '00:00:00', '');
INSERT INTO `tbl_login_record` VALUES ('3', '71', '2017-02-06', '07:27:11', '00:00:00', '');
INSERT INTO `tbl_login_record` VALUES ('2', '72', '2017-02-07', '05:46:25', '00:00:00', '');
INSERT INTO `tbl_login_record` VALUES ('3', '73', '2017-02-07', '06:01:22', '00:00:00', '');
INSERT INTO `tbl_login_record` VALUES ('1', '74', '2017-02-07', '06:01:46', '00:00:00', '');
INSERT INTO `tbl_login_record` VALUES ('2', '75', '2017-02-08', '03:19:05', '00:00:00', '');
INSERT INTO `tbl_login_record` VALUES ('3', '76', '2017-02-12', '11:50:25', '00:00:00', '');
INSERT INTO `tbl_login_record` VALUES ('5', '77', '2017-02-12', '11:50:40', '00:00:00', '');
INSERT INTO `tbl_login_record` VALUES ('5', '78', '2017-02-13', '03:56:03', '00:00:00', '');
INSERT INTO `tbl_login_record` VALUES ('1', '79', '2017-02-13', '07:21:04', '00:00:00', '');
INSERT INTO `tbl_login_record` VALUES ('3', '80', '2017-02-13', '08:36:40', '00:00:00', '');
INSERT INTO `tbl_login_record` VALUES ('5', '81', '2017-02-14', '07:52:37', '00:00:00', '');
INSERT INTO `tbl_login_record` VALUES ('1', '82', '2017-02-15', '04:22:37', '00:00:00', '');
INSERT INTO `tbl_login_record` VALUES ('1', '90', '2017-02-16', '17:03:03', '00:00:00', '');
INSERT INTO `tbl_login_record` VALUES ('7', '91', '2017-02-16', '17:03:34', '00:00:00', '');
INSERT INTO `tbl_login_record` VALUES ('1', '92', '2017-02-18', '08:43:04', '00:00:00', '');
INSERT INTO `tbl_login_record` VALUES ('7', '93', '2017-02-18', '09:16:30', '00:00:00', '');
INSERT INTO `tbl_login_record` VALUES ('5', '94', '2017-02-18', '09:45:38', '00:00:00', '');
INSERT INTO `tbl_login_record` VALUES ('12', '95', '2017-02-18', '14:09:08', '00:00:00', '');
INSERT INTO `tbl_login_record` VALUES ('7', '96', '2017-02-19', '09:31:16', '00:00:00', '');
INSERT INTO `tbl_login_record` VALUES ('5', '97', '2017-02-19', '09:32:04', '00:00:00', '');
INSERT INTO `tbl_login_record` VALUES ('1', '98', '2017-02-19', '09:42:50', '00:00:00', '');
INSERT INTO `tbl_login_record` VALUES ('12', '99', '2017-02-19', '11:52:54', '00:00:00', '');
INSERT INTO `tbl_login_record` VALUES ('10', '100', '2017-02-19', '16:27:11', '00:00:00', '');
INSERT INTO `tbl_login_record` VALUES ('11', '101', '2017-02-19', '16:30:55', '00:00:00', '');
INSERT INTO `tbl_login_record` VALUES ('7', '102', '2017-02-20', '09:18:31', '00:00:00', '');
INSERT INTO `tbl_login_record` VALUES ('5', '103', '2017-02-20', '09:19:21', '00:00:00', '');
INSERT INTO `tbl_login_record` VALUES ('12', '104', '2017-02-20', '09:19:49', '00:00:00', '');
INSERT INTO `tbl_login_record` VALUES ('11', '105', '2017-02-20', '09:47:55', '00:00:00', '');
INSERT INTO `tbl_login_record` VALUES ('10', '106', '2017-02-20', '10:07:18', '00:00:00', '');
INSERT INTO `tbl_login_record` VALUES ('5', '107', '2017-02-22', '09:08:47', '00:00:00', '');
INSERT INTO `tbl_login_record` VALUES ('7', '108', '2017-02-22', '09:21:54', '00:00:00', '');
INSERT INTO `tbl_login_record` VALUES ('10', '109', '2017-02-22', '10:19:51', '00:00:00', '');
INSERT INTO `tbl_login_record` VALUES ('7', '110', '2017-02-23', '09:21:33', '00:00:00', '');
INSERT INTO `tbl_login_record` VALUES ('5', '111', '2017-02-23', '09:22:03', '00:00:00', '');
INSERT INTO `tbl_login_record` VALUES ('10', '112', '2017-02-23', '10:13:58', '00:00:00', '');
INSERT INTO `tbl_login_record` VALUES ('11', '113', '2017-02-23', '10:22:37', '00:00:00', '');
INSERT INTO `tbl_login_record` VALUES ('12', '114', '2017-02-23', '10:23:12', '00:00:00', '');
INSERT INTO `tbl_login_record` VALUES ('1', '124', '2017-02-25', '14:10:32', '00:00:00', '');
INSERT INTO `tbl_login_record` VALUES ('12', '116', '2017-02-25', '03:44:25', '00:00:00', '');
INSERT INTO `tbl_login_record` VALUES ('5', '125', '2017-02-26', '09:26:19', '00:00:00', '');
INSERT INTO `tbl_login_record` VALUES ('5', '118', '2017-02-25', '03:58:14', '00:00:00', '');
INSERT INTO `tbl_login_record` VALUES ('7', '119', '2017-02-25', '04:15:04', '00:00:00', '');
INSERT INTO `tbl_login_record` VALUES ('10', '126', '2017-02-26', '10:07:01', '00:00:00', '');
INSERT INTO `tbl_login_record` VALUES ('12', '129', '2017-02-26', '14:17:51', '00:00:00', 'Late:&nbsp;ver sick');
INSERT INTO `tbl_login_record` VALUES ('7', '130', '2017-02-26', '16:20:52', '00:00:00', null);
INSERT INTO `tbl_login_record` VALUES ('1', '131', '2017-02-26', '16:22:15', '00:00:00', null);
INSERT INTO `tbl_login_record` VALUES ('8', '132', '2017-02-26', '17:17:46', '00:00:00', null);
INSERT INTO `tbl_login_record` VALUES ('13', '133', '2017-02-26', '17:36:40', '00:00:00', 'Late:&nbsp;Trail ');
INSERT INTO `tbl_login_record` VALUES ('14', '134', '2017-02-26', '17:38:33', '00:00:00', 'Late:&nbsp;First Day');
INSERT INTO `tbl_login_record` VALUES ('15', '135', '2017-02-26', '17:42:36', '00:00:00', null);
INSERT INTO `tbl_login_record` VALUES ('70', '136', '2017-02-27', '05:07:26', '00:00:00', null);
INSERT INTO `tbl_login_record` VALUES ('84', '137', '2017-02-27', '05:09:09', '00:00:00', 'Late:&nbsp;');
INSERT INTO `tbl_login_record` VALUES ('87', '138', '2017-02-27', '05:09:09', '00:00:00', null);
INSERT INTO `tbl_login_record` VALUES ('74', '139', '2017-02-27', '05:10:21', '00:00:00', 'Late:&nbsp;');
INSERT INTO `tbl_login_record` VALUES ('90', '140', '2017-02-27', '05:15:30', '00:00:00', null);
INSERT INTO `tbl_login_record` VALUES ('85', '141', '2017-02-27', '05:57:42', '00:00:00', 'Late:&nbsp;');
INSERT INTO `tbl_login_record` VALUES ('80', '142', '2017-02-27', '05:59:34', '00:00:00', 'Late:&nbsp;');
INSERT INTO `tbl_login_record` VALUES ('92', '143', '2017-02-27', '06:01:51', '00:00:00', 'Late:&nbsp;');
INSERT INTO `tbl_login_record` VALUES ('83', '144', '2017-02-27', '06:06:45', '00:00:00', 'Late:&nbsp;I have no idea about new software. so i can\'t login Actual time.');
INSERT INTO `tbl_login_record` VALUES ('82', '145', '2017-02-27', '06:06:47', '00:00:00', 'Late:&nbsp;Login mistake ');
INSERT INTO `tbl_login_record` VALUES ('89', '146', '2017-02-27', '06:07:02', '00:00:00', 'Late:&nbsp;Login lage for Software updated.');
INSERT INTO `tbl_login_record` VALUES ('78', '147', '2017-02-27', '06:07:04', '00:00:00', 'Late:&nbsp;Logging late for software updated');
INSERT INTO `tbl_login_record` VALUES ('93', '148', '2017-02-27', '06:07:37', '00:00:00', 'Late:&nbsp;');
INSERT INTO `tbl_login_record` VALUES ('73', '149', '2017-02-27', '06:12:12', '00:00:00', 'Late:&nbsp;I did not know about the new attendance software. ');
INSERT INTO `tbl_login_record` VALUES ('77', '150', '2017-02-27', '06:14:49', '00:00:00', 'Late:&nbsp;Software problem');
INSERT INTO `tbl_login_record` VALUES ('76', '151', '2017-02-27', '06:19:01', '00:00:00', 'Late:&nbsp;Forgot to login in the new attendance system.');
INSERT INTO `tbl_login_record` VALUES ('50', '152', '2017-02-27', '06:58:27', '00:00:00', null);
INSERT INTO `tbl_login_record` VALUES ('53', '153', '2017-02-27', '07:00:51', '00:00:00', null);
INSERT INTO `tbl_login_record` VALUES ('51', '154', '2017-02-27', '07:04:00', '00:00:00', null);
INSERT INTO `tbl_login_record` VALUES ('17', '155', '2017-02-27', '07:51:56', '00:00:00', null);
INSERT INTO `tbl_login_record` VALUES ('16', '156', '2017-02-27', '08:53:22', '00:00:00', null);
INSERT INTO `tbl_login_record` VALUES ('14', '157', '2017-02-27', '09:00:25', '00:00:00', 'Late:&nbsp;Not Late');
INSERT INTO `tbl_login_record` VALUES ('55', '158', '2017-02-27', '09:02:04', '00:00:00', 'Late:&nbsp;');
INSERT INTO `tbl_login_record` VALUES ('15', '159', '2017-02-27', '09:02:09', '00:00:00', null);
INSERT INTO `tbl_login_record` VALUES ('54', '160', '2017-02-27', '09:02:14', '00:00:00', 'Late:&nbsp;');
INSERT INTO `tbl_login_record` VALUES ('13', '161', '2017-02-27', '09:05:23', '00:00:00', null);
INSERT INTO `tbl_login_record` VALUES ('12', '162', '2017-02-27', '09:11:36', '00:00:00', null);
INSERT INTO `tbl_login_record` VALUES ('5', '163', '2017-02-27', '09:12:42', '00:00:00', null);
INSERT INTO `tbl_login_record` VALUES ('96', '164', '2017-02-27', '09:14:50', '00:00:00', 'Late:&nbsp;');
INSERT INTO `tbl_login_record` VALUES ('98', '165', '2017-02-27', '10:02:20', '00:00:00', null);
INSERT INTO `tbl_login_record` VALUES ('1', '166', '2017-02-27', '10:57:17', '00:00:00', null);

-- ----------------------------
-- Table structure for `tbl_office_time`
-- ----------------------------
DROP TABLE IF EXISTS `tbl_office_time`;
CREATE TABLE `tbl_office_time` (
  `ID` int(11) NOT NULL AUTO_INCREMENT,
  `F_Employee_ID` int(11) NOT NULL,
  `F_User_ID` mediumint(9) NOT NULL DEFAULT '0',
  `Weekday` tinyint(4) NOT NULL,
  `In` time NOT NULL,
  `Out` time NOT NULL,
  PRIMARY KEY (`ID`)
) ENGINE=MyISAM AUTO_INCREMENT=2249 DEFAULT CHARSET=utf8;

-- ----------------------------
-- Records of tbl_office_time
-- ----------------------------
INSERT INTO `tbl_office_time` VALUES ('1', '0', '1', '0', '10:00:00', '18:00:00');
INSERT INTO `tbl_office_time` VALUES ('9', '1', '0', '0', '09:00:00', '17:00:00');
INSERT INTO `tbl_office_time` VALUES ('10', '1', '0', '1', '09:00:00', '17:00:00');
INSERT INTO `tbl_office_time` VALUES ('11', '1', '0', '2', '09:00:00', '17:00:00');
INSERT INTO `tbl_office_time` VALUES ('12', '1', '0', '3', '09:00:00', '17:00:00');
INSERT INTO `tbl_office_time` VALUES ('13', '1', '0', '4', '09:00:00', '17:00:00');
INSERT INTO `tbl_office_time` VALUES ('14', '1', '0', '5', '00:00:00', '00:00:00');
INSERT INTO `tbl_office_time` VALUES ('15', '1', '0', '6', '08:30:00', '15:00:00');
INSERT INTO `tbl_office_time` VALUES ('16', '2', '0', '0', '09:00:00', '18:00:00');
INSERT INTO `tbl_office_time` VALUES ('17', '2', '0', '1', '09:00:00', '18:00:00');
INSERT INTO `tbl_office_time` VALUES ('18', '2', '0', '2', '09:00:00', '18:00:00');
INSERT INTO `tbl_office_time` VALUES ('19', '2', '0', '3', '09:00:00', '18:00:00');
INSERT INTO `tbl_office_time` VALUES ('20', '2', '0', '4', '09:00:00', '18:00:00');
INSERT INTO `tbl_office_time` VALUES ('21', '2', '0', '5', '00:00:00', '00:00:00');
INSERT INTO `tbl_office_time` VALUES ('22', '2', '0', '6', '09:00:00', '18:00:00');
INSERT INTO `tbl_office_time` VALUES ('23', '3', '0', '0', '10:00:00', '19:00:00');
INSERT INTO `tbl_office_time` VALUES ('24', '3', '0', '1', '10:00:00', '19:00:00');
INSERT INTO `tbl_office_time` VALUES ('25', '3', '0', '2', '10:00:00', '19:00:00');
INSERT INTO `tbl_office_time` VALUES ('26', '3', '0', '3', '10:00:00', '19:00:00');
INSERT INTO `tbl_office_time` VALUES ('27', '3', '0', '4', '10:00:00', '19:00:00');
INSERT INTO `tbl_office_time` VALUES ('28', '3', '0', '5', '00:00:00', '00:00:00');
INSERT INTO `tbl_office_time` VALUES ('29', '3', '0', '6', '10:00:00', '19:00:00');
INSERT INTO `tbl_office_time` VALUES ('30', '4', '0', '0', '09:00:00', '18:00:00');
INSERT INTO `tbl_office_time` VALUES ('31', '4', '0', '1', '09:00:00', '18:00:00');
INSERT INTO `tbl_office_time` VALUES ('32', '4', '0', '2', '09:00:00', '18:00:00');
INSERT INTO `tbl_office_time` VALUES ('33', '4', '0', '3', '09:00:00', '18:00:00');
INSERT INTO `tbl_office_time` VALUES ('34', '4', '0', '4', '09:00:00', '18:00:00');
INSERT INTO `tbl_office_time` VALUES ('35', '4', '0', '5', '00:00:00', '00:00:00');
INSERT INTO `tbl_office_time` VALUES ('36', '4', '0', '6', '09:00:00', '18:00:00');
INSERT INTO `tbl_office_time` VALUES ('37', '5', '0', '0', '09:00:00', '18:00:00');
INSERT INTO `tbl_office_time` VALUES ('38', '5', '0', '1', '09:00:00', '18:00:00');
INSERT INTO `tbl_office_time` VALUES ('39', '5', '0', '2', '09:00:00', '18:00:00');
INSERT INTO `tbl_office_time` VALUES ('40', '5', '0', '3', '09:00:00', '18:00:00');
INSERT INTO `tbl_office_time` VALUES ('41', '5', '0', '4', '09:00:00', '18:00:00');
INSERT INTO `tbl_office_time` VALUES ('42', '5', '0', '5', '00:00:00', '00:00:00');
INSERT INTO `tbl_office_time` VALUES ('43', '5', '0', '6', '09:00:00', '18:00:00');
INSERT INTO `tbl_office_time` VALUES ('44', '6', '0', '0', '10:00:00', '19:00:00');
INSERT INTO `tbl_office_time` VALUES ('45', '6', '0', '1', '10:00:00', '19:00:00');
INSERT INTO `tbl_office_time` VALUES ('46', '6', '0', '2', '10:00:00', '19:00:00');
INSERT INTO `tbl_office_time` VALUES ('47', '6', '0', '3', '10:00:00', '19:00:00');
INSERT INTO `tbl_office_time` VALUES ('48', '6', '0', '4', '10:00:00', '19:00:00');
INSERT INTO `tbl_office_time` VALUES ('49', '6', '0', '5', '00:00:00', '00:00:00');
INSERT INTO `tbl_office_time` VALUES ('50', '6', '0', '6', '10:00:00', '19:00:00');
INSERT INTO `tbl_office_time` VALUES ('51', '7', '0', '0', '10:00:00', '19:00:00');
INSERT INTO `tbl_office_time` VALUES ('52', '7', '0', '1', '10:00:00', '19:00:00');
INSERT INTO `tbl_office_time` VALUES ('53', '7', '0', '2', '10:00:00', '19:00:00');
INSERT INTO `tbl_office_time` VALUES ('54', '7', '0', '3', '10:00:00', '19:00:00');
INSERT INTO `tbl_office_time` VALUES ('55', '7', '0', '4', '10:00:00', '19:00:00');
INSERT INTO `tbl_office_time` VALUES ('56', '7', '0', '5', '00:00:00', '00:00:00');
INSERT INTO `tbl_office_time` VALUES ('57', '7', '0', '6', '10:00:00', '19:00:00');
INSERT INTO `tbl_office_time` VALUES ('58', '8', '0', '0', '10:00:00', '19:00:00');
INSERT INTO `tbl_office_time` VALUES ('59', '8', '0', '1', '10:00:00', '19:00:00');
INSERT INTO `tbl_office_time` VALUES ('60', '8', '0', '2', '10:00:00', '19:00:00');
INSERT INTO `tbl_office_time` VALUES ('61', '8', '0', '3', '10:00:00', '19:00:00');
INSERT INTO `tbl_office_time` VALUES ('62', '8', '0', '4', '10:00:00', '19:00:00');
INSERT INTO `tbl_office_time` VALUES ('63', '8', '0', '5', '00:00:00', '19:00:00');
INSERT INTO `tbl_office_time` VALUES ('64', '8', '0', '6', '10:00:00', '19:00:00');
INSERT INTO `tbl_office_time` VALUES ('65', '9', '0', '0', '10:00:00', '19:00:00');
INSERT INTO `tbl_office_time` VALUES ('66', '9', '0', '1', '10:00:00', '19:00:00');
INSERT INTO `tbl_office_time` VALUES ('67', '9', '0', '2', '10:00:00', '19:00:00');
INSERT INTO `tbl_office_time` VALUES ('68', '9', '0', '3', '10:00:00', '19:00:00');
INSERT INTO `tbl_office_time` VALUES ('69', '9', '0', '4', '10:00:00', '19:00:00');
INSERT INTO `tbl_office_time` VALUES ('70', '9', '0', '5', '00:00:00', '00:00:00');
INSERT INTO `tbl_office_time` VALUES ('71', '9', '0', '6', '10:00:00', '19:00:00');
INSERT INTO `tbl_office_time` VALUES ('72', '10', '0', '0', '09:00:00', '18:00:00');
INSERT INTO `tbl_office_time` VALUES ('73', '10', '0', '1', '09:00:00', '18:00:00');
INSERT INTO `tbl_office_time` VALUES ('74', '10', '0', '2', '09:00:00', '18:00:00');
INSERT INTO `tbl_office_time` VALUES ('75', '10', '0', '3', '09:00:00', '18:00:00');
INSERT INTO `tbl_office_time` VALUES ('76', '10', '0', '4', '09:00:00', '18:00:00');
INSERT INTO `tbl_office_time` VALUES ('77', '10', '0', '5', '00:00:00', '00:00:00');
INSERT INTO `tbl_office_time` VALUES ('78', '10', '0', '6', '09:00:00', '18:00:00');
INSERT INTO `tbl_office_time` VALUES ('79', '11', '0', '0', '09:00:00', '18:00:00');
INSERT INTO `tbl_office_time` VALUES ('80', '11', '0', '1', '09:00:00', '18:00:00');
INSERT INTO `tbl_office_time` VALUES ('81', '11', '0', '2', '09:00:00', '18:00:00');
INSERT INTO `tbl_office_time` VALUES ('82', '11', '0', '3', '09:00:00', '18:00:00');
INSERT INTO `tbl_office_time` VALUES ('83', '11', '0', '4', '09:00:00', '18:00:00');
INSERT INTO `tbl_office_time` VALUES ('84', '11', '0', '5', '00:00:00', '00:00:00');
INSERT INTO `tbl_office_time` VALUES ('85', '11', '0', '6', '09:00:00', '18:00:00');
INSERT INTO `tbl_office_time` VALUES ('86', '12', '0', '0', '09:00:00', '18:00:00');
INSERT INTO `tbl_office_time` VALUES ('87', '12', '0', '1', '09:00:00', '18:00:00');
INSERT INTO `tbl_office_time` VALUES ('88', '12', '0', '2', '09:00:00', '18:00:00');
INSERT INTO `tbl_office_time` VALUES ('89', '12', '0', '3', '09:00:00', '18:00:00');
INSERT INTO `tbl_office_time` VALUES ('90', '12', '0', '4', '09:00:00', '18:00:00');
INSERT INTO `tbl_office_time` VALUES ('91', '12', '0', '5', '00:00:00', '00:00:00');
INSERT INTO `tbl_office_time` VALUES ('92', '12', '0', '6', '09:00:00', '18:00:00');
INSERT INTO `tbl_office_time` VALUES ('93', '13', '0', '0', '11:00:00', '20:00:00');
INSERT INTO `tbl_office_time` VALUES ('94', '13', '0', '1', '11:00:00', '20:00:00');
INSERT INTO `tbl_office_time` VALUES ('95', '13', '0', '2', '11:00:00', '20:00:00');
INSERT INTO `tbl_office_time` VALUES ('96', '13', '0', '3', '11:00:00', '20:00:00');
INSERT INTO `tbl_office_time` VALUES ('97', '13', '0', '4', '11:00:00', '20:00:00');
INSERT INTO `tbl_office_time` VALUES ('98', '13', '0', '5', '00:00:00', '00:00:00');
INSERT INTO `tbl_office_time` VALUES ('99', '13', '0', '6', '11:00:00', '20:00:00');
INSERT INTO `tbl_office_time` VALUES ('100', '14', '0', '0', '00:00:00', '00:00:00');
INSERT INTO `tbl_office_time` VALUES ('101', '14', '0', '1', '10:00:00', '20:00:00');
INSERT INTO `tbl_office_time` VALUES ('102', '14', '0', '2', '10:00:00', '20:00:00');
INSERT INTO `tbl_office_time` VALUES ('103', '14', '0', '3', '10:00:00', '20:00:00');
INSERT INTO `tbl_office_time` VALUES ('104', '14', '0', '4', '10:00:00', '20:00:00');
INSERT INTO `tbl_office_time` VALUES ('105', '14', '0', '5', '10:00:00', '20:00:00');
INSERT INTO `tbl_office_time` VALUES ('106', '14', '0', '6', '10:00:00', '20:00:00');
INSERT INTO `tbl_office_time` VALUES ('107', '15', '0', '0', '10:00:00', '19:00:00');
INSERT INTO `tbl_office_time` VALUES ('108', '15', '0', '1', '10:00:00', '19:00:00');
INSERT INTO `tbl_office_time` VALUES ('109', '15', '0', '2', '10:00:00', '19:00:00');
INSERT INTO `tbl_office_time` VALUES ('110', '15', '0', '3', '10:00:00', '19:00:00');
INSERT INTO `tbl_office_time` VALUES ('111', '15', '0', '4', '10:00:00', '19:00:00');
INSERT INTO `tbl_office_time` VALUES ('112', '15', '0', '5', '00:00:00', '00:00:00');
INSERT INTO `tbl_office_time` VALUES ('113', '15', '0', '6', '10:00:00', '19:00:00');
INSERT INTO `tbl_office_time` VALUES ('114', '16', '0', '0', '09:00:00', '18:00:00');
INSERT INTO `tbl_office_time` VALUES ('115', '16', '0', '1', '09:00:00', '18:00:00');
INSERT INTO `tbl_office_time` VALUES ('116', '16', '0', '2', '09:00:00', '18:00:00');
INSERT INTO `tbl_office_time` VALUES ('117', '16', '0', '3', '09:00:00', '18:00:00');
INSERT INTO `tbl_office_time` VALUES ('118', '16', '0', '4', '09:00:00', '18:00:00');
INSERT INTO `tbl_office_time` VALUES ('119', '16', '0', '5', '00:00:00', '00:00:00');
INSERT INTO `tbl_office_time` VALUES ('120', '16', '0', '6', '09:00:00', '18:00:00');
INSERT INTO `tbl_office_time` VALUES ('121', '17', '0', '0', '10:00:00', '20:00:00');
INSERT INTO `tbl_office_time` VALUES ('122', '17', '0', '1', '10:00:00', '20:00:00');
INSERT INTO `tbl_office_time` VALUES ('123', '17', '0', '2', '10:00:00', '20:00:00');
INSERT INTO `tbl_office_time` VALUES ('124', '17', '0', '3', '10:00:00', '20:00:00');
INSERT INTO `tbl_office_time` VALUES ('125', '17', '0', '4', '10:00:00', '20:00:00');
INSERT INTO `tbl_office_time` VALUES ('126', '17', '0', '5', '00:00:00', '00:00:00');
INSERT INTO `tbl_office_time` VALUES ('127', '17', '0', '6', '10:00:00', '20:00:00');
INSERT INTO `tbl_office_time` VALUES ('128', '18', '0', '0', '09:00:00', '18:00:00');
INSERT INTO `tbl_office_time` VALUES ('129', '18', '0', '1', '09:00:00', '18:00:00');
INSERT INTO `tbl_office_time` VALUES ('130', '18', '0', '2', '09:00:00', '18:00:00');
INSERT INTO `tbl_office_time` VALUES ('131', '18', '0', '3', '09:00:00', '18:00:00');
INSERT INTO `tbl_office_time` VALUES ('132', '18', '0', '4', '09:00:00', '18:00:00');
INSERT INTO `tbl_office_time` VALUES ('133', '18', '0', '5', '00:00:00', '00:00:00');
INSERT INTO `tbl_office_time` VALUES ('134', '18', '0', '6', '09:00:00', '18:00:00');
INSERT INTO `tbl_office_time` VALUES ('135', '19', '0', '0', '09:00:00', '18:00:00');
INSERT INTO `tbl_office_time` VALUES ('136', '19', '0', '1', '09:00:00', '18:00:00');
INSERT INTO `tbl_office_time` VALUES ('137', '19', '0', '2', '09:00:00', '18:00:00');
INSERT INTO `tbl_office_time` VALUES ('138', '19', '0', '3', '09:00:00', '18:00:00');
INSERT INTO `tbl_office_time` VALUES ('139', '19', '0', '4', '09:00:00', '18:00:00');
INSERT INTO `tbl_office_time` VALUES ('140', '19', '0', '5', '00:00:00', '00:00:00');
INSERT INTO `tbl_office_time` VALUES ('141', '19', '0', '6', '09:00:00', '18:00:00');
INSERT INTO `tbl_office_time` VALUES ('142', '20', '0', '0', '00:00:00', '18:00:00');
INSERT INTO `tbl_office_time` VALUES ('143', '20', '0', '1', '09:00:00', '18:00:00');
INSERT INTO `tbl_office_time` VALUES ('144', '20', '0', '2', '09:00:00', '18:00:00');
INSERT INTO `tbl_office_time` VALUES ('145', '20', '0', '3', '09:00:00', '18:00:00');
INSERT INTO `tbl_office_time` VALUES ('146', '20', '0', '4', '09:00:00', '18:00:00');
INSERT INTO `tbl_office_time` VALUES ('147', '20', '0', '5', '09:00:00', '18:00:00');
INSERT INTO `tbl_office_time` VALUES ('148', '20', '0', '6', '09:00:00', '18:00:00');
INSERT INTO `tbl_office_time` VALUES ('149', '21', '0', '0', '09:00:00', '18:00:00');
INSERT INTO `tbl_office_time` VALUES ('150', '21', '0', '1', '09:00:00', '18:00:00');
INSERT INTO `tbl_office_time` VALUES ('151', '21', '0', '2', '09:00:00', '18:00:00');
INSERT INTO `tbl_office_time` VALUES ('152', '21', '0', '3', '09:00:00', '18:00:00');
INSERT INTO `tbl_office_time` VALUES ('153', '21', '0', '4', '09:00:00', '18:00:00');
INSERT INTO `tbl_office_time` VALUES ('154', '21', '0', '5', '00:00:00', '00:00:00');
INSERT INTO `tbl_office_time` VALUES ('155', '21', '0', '6', '09:00:00', '18:00:00');
INSERT INTO `tbl_office_time` VALUES ('156', '22', '0', '0', '09:00:00', '18:00:00');
INSERT INTO `tbl_office_time` VALUES ('157', '22', '0', '1', '09:00:00', '18:00:00');
INSERT INTO `tbl_office_time` VALUES ('158', '22', '0', '2', '09:00:00', '18:00:00');
INSERT INTO `tbl_office_time` VALUES ('159', '22', '0', '3', '09:00:00', '18:00:00');
INSERT INTO `tbl_office_time` VALUES ('160', '22', '0', '4', '09:00:00', '18:00:00');
INSERT INTO `tbl_office_time` VALUES ('161', '22', '0', '5', '00:00:00', '00:00:00');
INSERT INTO `tbl_office_time` VALUES ('162', '22', '0', '6', '09:00:00', '18:00:00');
INSERT INTO `tbl_office_time` VALUES ('163', '23', '0', '0', '06:00:00', '15:00:00');
INSERT INTO `tbl_office_time` VALUES ('164', '23', '0', '1', '06:00:00', '15:00:00');
INSERT INTO `tbl_office_time` VALUES ('165', '23', '0', '2', '06:00:00', '15:00:00');
INSERT INTO `tbl_office_time` VALUES ('166', '23', '0', '3', '06:00:00', '15:00:00');
INSERT INTO `tbl_office_time` VALUES ('167', '23', '0', '4', '06:00:00', '15:00:00');
INSERT INTO `tbl_office_time` VALUES ('168', '23', '0', '5', '00:00:00', '00:00:00');
INSERT INTO `tbl_office_time` VALUES ('169', '23', '0', '6', '06:00:00', '15:00:00');
INSERT INTO `tbl_office_time` VALUES ('170', '24', '0', '0', '10:00:00', '20:00:00');
INSERT INTO `tbl_office_time` VALUES ('171', '24', '0', '1', '10:00:00', '20:00:00');
INSERT INTO `tbl_office_time` VALUES ('172', '24', '0', '2', '10:00:00', '20:00:00');
INSERT INTO `tbl_office_time` VALUES ('173', '24', '0', '3', '10:00:00', '20:00:00');
INSERT INTO `tbl_office_time` VALUES ('174', '24', '0', '4', '10:00:00', '20:00:00');
INSERT INTO `tbl_office_time` VALUES ('175', '24', '0', '5', '00:00:00', '00:00:00');
INSERT INTO `tbl_office_time` VALUES ('176', '24', '0', '6', '10:00:00', '20:00:00');
INSERT INTO `tbl_office_time` VALUES ('177', '25', '0', '0', '10:00:00', '10:00:00');
INSERT INTO `tbl_office_time` VALUES ('178', '25', '0', '1', '10:00:00', '10:00:00');
INSERT INTO `tbl_office_time` VALUES ('179', '25', '0', '2', '10:00:00', '10:00:00');
INSERT INTO `tbl_office_time` VALUES ('180', '25', '0', '3', '10:00:00', '10:00:00');
INSERT INTO `tbl_office_time` VALUES ('181', '25', '0', '4', '10:00:00', '10:00:00');
INSERT INTO `tbl_office_time` VALUES ('182', '25', '0', '5', '00:00:00', '00:00:00');
INSERT INTO `tbl_office_time` VALUES ('183', '25', '0', '6', '10:00:00', '10:00:00');
INSERT INTO `tbl_office_time` VALUES ('184', '26', '0', '0', '10:00:00', '20:00:00');
INSERT INTO `tbl_office_time` VALUES ('185', '26', '0', '1', '10:00:00', '20:00:00');
INSERT INTO `tbl_office_time` VALUES ('186', '26', '0', '2', '10:00:00', '20:00:00');
INSERT INTO `tbl_office_time` VALUES ('187', '26', '0', '3', '10:00:00', '20:00:00');
INSERT INTO `tbl_office_time` VALUES ('188', '26', '0', '4', '10:00:00', '20:00:00');
INSERT INTO `tbl_office_time` VALUES ('189', '26', '0', '5', '00:00:00', '00:00:00');
INSERT INTO `tbl_office_time` VALUES ('190', '26', '0', '6', '10:00:00', '20:00:00');
INSERT INTO `tbl_office_time` VALUES ('191', '27', '0', '0', '10:00:00', '20:00:00');
INSERT INTO `tbl_office_time` VALUES ('192', '27', '0', '1', '10:00:00', '20:00:00');
INSERT INTO `tbl_office_time` VALUES ('193', '27', '0', '2', '10:00:00', '20:00:00');
INSERT INTO `tbl_office_time` VALUES ('194', '27', '0', '3', '10:00:00', '20:00:00');
INSERT INTO `tbl_office_time` VALUES ('195', '27', '0', '4', '10:00:00', '20:00:00');
INSERT INTO `tbl_office_time` VALUES ('196', '27', '0', '5', '00:00:00', '00:00:00');
INSERT INTO `tbl_office_time` VALUES ('197', '27', '0', '6', '10:00:00', '20:00:00');
INSERT INTO `tbl_office_time` VALUES ('198', '28', '0', '0', '10:00:00', '20:00:00');
INSERT INTO `tbl_office_time` VALUES ('199', '28', '0', '1', '10:00:00', '20:00:00');
INSERT INTO `tbl_office_time` VALUES ('200', '28', '0', '2', '10:00:00', '20:00:00');
INSERT INTO `tbl_office_time` VALUES ('201', '28', '0', '3', '10:00:00', '20:00:00');
INSERT INTO `tbl_office_time` VALUES ('202', '28', '0', '4', '10:00:00', '20:00:00');
INSERT INTO `tbl_office_time` VALUES ('203', '28', '0', '5', '00:00:00', '00:00:00');
INSERT INTO `tbl_office_time` VALUES ('204', '28', '0', '6', '10:00:00', '20:00:00');
INSERT INTO `tbl_office_time` VALUES ('205', '29', '0', '0', '10:00:00', '20:00:00');
INSERT INTO `tbl_office_time` VALUES ('206', '29', '0', '1', '10:00:00', '20:00:00');
INSERT INTO `tbl_office_time` VALUES ('207', '29', '0', '2', '10:00:00', '20:00:00');
INSERT INTO `tbl_office_time` VALUES ('208', '29', '0', '3', '10:00:00', '20:00:00');
INSERT INTO `tbl_office_time` VALUES ('209', '29', '0', '4', '10:00:00', '20:00:00');
INSERT INTO `tbl_office_time` VALUES ('210', '29', '0', '5', '00:00:00', '00:00:00');
INSERT INTO `tbl_office_time` VALUES ('211', '29', '0', '6', '10:00:00', '20:00:00');
INSERT INTO `tbl_office_time` VALUES ('212', '30', '0', '0', '10:00:00', '20:00:00');
INSERT INTO `tbl_office_time` VALUES ('213', '30', '0', '1', '10:00:00', '20:00:00');
INSERT INTO `tbl_office_time` VALUES ('214', '30', '0', '2', '10:00:00', '20:00:00');
INSERT INTO `tbl_office_time` VALUES ('215', '30', '0', '3', '10:00:00', '20:00:00');
INSERT INTO `tbl_office_time` VALUES ('216', '30', '0', '4', '10:00:00', '20:00:00');
INSERT INTO `tbl_office_time` VALUES ('217', '30', '0', '5', '00:00:00', '00:00:00');
INSERT INTO `tbl_office_time` VALUES ('218', '30', '0', '6', '10:00:00', '20:00:00');
INSERT INTO `tbl_office_time` VALUES ('219', '31', '0', '0', '10:00:00', '20:00:00');
INSERT INTO `tbl_office_time` VALUES ('220', '31', '0', '1', '10:00:00', '20:00:00');
INSERT INTO `tbl_office_time` VALUES ('221', '31', '0', '2', '10:00:00', '20:00:00');
INSERT INTO `tbl_office_time` VALUES ('222', '31', '0', '3', '10:00:00', '20:00:00');
INSERT INTO `tbl_office_time` VALUES ('223', '31', '0', '4', '10:00:00', '20:00:00');
INSERT INTO `tbl_office_time` VALUES ('224', '31', '0', '5', '00:00:00', '00:00:00');
INSERT INTO `tbl_office_time` VALUES ('225', '31', '0', '6', '10:00:00', '20:00:00');
INSERT INTO `tbl_office_time` VALUES ('226', '32', '0', '0', '10:00:00', '20:00:00');
INSERT INTO `tbl_office_time` VALUES ('227', '32', '0', '1', '10:00:00', '20:00:00');
INSERT INTO `tbl_office_time` VALUES ('228', '32', '0', '2', '10:00:00', '20:00:00');
INSERT INTO `tbl_office_time` VALUES ('229', '32', '0', '3', '10:00:00', '20:00:00');
INSERT INTO `tbl_office_time` VALUES ('230', '32', '0', '4', '10:00:00', '20:00:00');
INSERT INTO `tbl_office_time` VALUES ('231', '32', '0', '5', '00:00:00', '00:00:00');
INSERT INTO `tbl_office_time` VALUES ('232', '32', '0', '6', '10:00:00', '20:00:00');
INSERT INTO `tbl_office_time` VALUES ('233', '33', '0', '0', '10:00:00', '20:00:00');
INSERT INTO `tbl_office_time` VALUES ('234', '33', '0', '1', '10:00:00', '20:00:00');
INSERT INTO `tbl_office_time` VALUES ('235', '33', '0', '2', '10:00:00', '20:00:00');
INSERT INTO `tbl_office_time` VALUES ('236', '33', '0', '3', '10:00:00', '20:00:00');
INSERT INTO `tbl_office_time` VALUES ('237', '33', '0', '4', '10:00:00', '20:00:00');
INSERT INTO `tbl_office_time` VALUES ('238', '33', '0', '5', '00:00:00', '00:00:00');
INSERT INTO `tbl_office_time` VALUES ('239', '33', '0', '6', '10:00:00', '20:00:00');
INSERT INTO `tbl_office_time` VALUES ('240', '34', '0', '0', '10:00:00', '20:00:00');
INSERT INTO `tbl_office_time` VALUES ('241', '34', '0', '1', '10:00:00', '20:00:00');
INSERT INTO `tbl_office_time` VALUES ('242', '34', '0', '2', '10:00:00', '20:00:00');
INSERT INTO `tbl_office_time` VALUES ('243', '34', '0', '3', '10:00:00', '20:00:00');
INSERT INTO `tbl_office_time` VALUES ('244', '34', '0', '4', '10:00:00', '20:00:00');
INSERT INTO `tbl_office_time` VALUES ('245', '34', '0', '5', '00:00:00', '00:00:00');
INSERT INTO `tbl_office_time` VALUES ('246', '34', '0', '6', '10:00:00', '20:00:00');
INSERT INTO `tbl_office_time` VALUES ('247', '35', '0', '0', '10:00:00', '20:00:00');
INSERT INTO `tbl_office_time` VALUES ('248', '35', '0', '1', '10:00:00', '20:00:00');
INSERT INTO `tbl_office_time` VALUES ('249', '35', '0', '2', '10:00:00', '20:00:00');
INSERT INTO `tbl_office_time` VALUES ('250', '35', '0', '3', '10:00:00', '20:00:00');
INSERT INTO `tbl_office_time` VALUES ('251', '35', '0', '4', '10:00:00', '20:00:00');
INSERT INTO `tbl_office_time` VALUES ('252', '35', '0', '5', '00:00:00', '00:00:00');
INSERT INTO `tbl_office_time` VALUES ('253', '35', '0', '6', '10:00:00', '20:00:00');
INSERT INTO `tbl_office_time` VALUES ('254', '36', '0', '0', '10:00:00', '20:00:00');
INSERT INTO `tbl_office_time` VALUES ('255', '36', '0', '1', '10:00:00', '20:00:00');
INSERT INTO `tbl_office_time` VALUES ('256', '36', '0', '2', '10:00:00', '20:00:00');
INSERT INTO `tbl_office_time` VALUES ('257', '36', '0', '3', '10:00:00', '20:00:00');
INSERT INTO `tbl_office_time` VALUES ('258', '36', '0', '4', '10:00:00', '20:00:00');
INSERT INTO `tbl_office_time` VALUES ('259', '36', '0', '5', '00:00:00', '00:00:00');
INSERT INTO `tbl_office_time` VALUES ('260', '36', '0', '6', '10:00:00', '20:00:00');
INSERT INTO `tbl_office_time` VALUES ('261', '37', '0', '0', '10:00:00', '20:00:00');
INSERT INTO `tbl_office_time` VALUES ('262', '37', '0', '1', '10:00:00', '20:00:00');
INSERT INTO `tbl_office_time` VALUES ('263', '37', '0', '2', '10:00:00', '20:00:00');
INSERT INTO `tbl_office_time` VALUES ('264', '37', '0', '3', '10:00:00', '20:00:00');
INSERT INTO `tbl_office_time` VALUES ('265', '37', '0', '4', '10:00:00', '20:00:00');
INSERT INTO `tbl_office_time` VALUES ('266', '37', '0', '5', '00:00:00', '00:00:00');
INSERT INTO `tbl_office_time` VALUES ('267', '37', '0', '6', '10:00:00', '20:00:00');
INSERT INTO `tbl_office_time` VALUES ('268', '38', '0', '0', '10:00:00', '20:00:00');
INSERT INTO `tbl_office_time` VALUES ('269', '38', '0', '1', '10:00:00', '20:00:00');
INSERT INTO `tbl_office_time` VALUES ('270', '38', '0', '2', '10:00:00', '20:00:00');
INSERT INTO `tbl_office_time` VALUES ('271', '38', '0', '3', '10:00:00', '20:00:00');
INSERT INTO `tbl_office_time` VALUES ('272', '38', '0', '4', '10:00:00', '20:00:00');
INSERT INTO `tbl_office_time` VALUES ('273', '38', '0', '5', '00:00:00', '00:00:00');
INSERT INTO `tbl_office_time` VALUES ('274', '38', '0', '6', '10:00:00', '20:00:00');
INSERT INTO `tbl_office_time` VALUES ('275', '39', '0', '0', '10:00:00', '20:00:00');
INSERT INTO `tbl_office_time` VALUES ('276', '39', '0', '1', '10:00:00', '20:00:00');
INSERT INTO `tbl_office_time` VALUES ('277', '39', '0', '2', '10:00:00', '20:00:00');
INSERT INTO `tbl_office_time` VALUES ('278', '39', '0', '3', '10:00:00', '20:00:00');
INSERT INTO `tbl_office_time` VALUES ('279', '39', '0', '4', '10:00:00', '20:00:00');
INSERT INTO `tbl_office_time` VALUES ('280', '39', '0', '5', '00:00:00', '00:00:00');
INSERT INTO `tbl_office_time` VALUES ('281', '39', '0', '6', '10:00:00', '20:00:00');
INSERT INTO `tbl_office_time` VALUES ('282', '40', '0', '0', '10:00:00', '20:00:00');
INSERT INTO `tbl_office_time` VALUES ('283', '40', '0', '1', '10:00:00', '20:00:00');
INSERT INTO `tbl_office_time` VALUES ('284', '40', '0', '2', '10:00:00', '20:00:00');
INSERT INTO `tbl_office_time` VALUES ('285', '40', '0', '3', '10:00:00', '20:00:00');
INSERT INTO `tbl_office_time` VALUES ('286', '40', '0', '4', '00:00:00', '00:00:00');
INSERT INTO `tbl_office_time` VALUES ('287', '40', '0', '5', '14:00:00', '20:00:00');
INSERT INTO `tbl_office_time` VALUES ('288', '40', '0', '6', '10:00:00', '20:00:00');
INSERT INTO `tbl_office_time` VALUES ('289', '41', '0', '0', '10:00:00', '20:00:00');
INSERT INTO `tbl_office_time` VALUES ('290', '41', '0', '1', '10:00:00', '20:00:00');
INSERT INTO `tbl_office_time` VALUES ('291', '41', '0', '2', '10:00:00', '20:00:00');
INSERT INTO `tbl_office_time` VALUES ('292', '41', '0', '3', '10:00:00', '20:00:00');
INSERT INTO `tbl_office_time` VALUES ('293', '41', '0', '4', '00:00:00', '00:00:00');
INSERT INTO `tbl_office_time` VALUES ('294', '41', '0', '5', '14:00:00', '20:00:00');
INSERT INTO `tbl_office_time` VALUES ('295', '41', '0', '6', '10:00:00', '20:00:00');
INSERT INTO `tbl_office_time` VALUES ('296', '42', '0', '0', '10:00:00', '20:00:00');
INSERT INTO `tbl_office_time` VALUES ('297', '42', '0', '1', '10:00:00', '20:00:00');
INSERT INTO `tbl_office_time` VALUES ('298', '42', '0', '2', '10:00:00', '20:00:00');
INSERT INTO `tbl_office_time` VALUES ('299', '42', '0', '3', '10:00:00', '20:00:00');
INSERT INTO `tbl_office_time` VALUES ('300', '42', '0', '4', '00:00:00', '00:00:00');
INSERT INTO `tbl_office_time` VALUES ('301', '42', '0', '5', '14:00:00', '20:00:00');
INSERT INTO `tbl_office_time` VALUES ('302', '42', '0', '6', '10:00:00', '20:00:00');
INSERT INTO `tbl_office_time` VALUES ('303', '43', '0', '0', '10:00:00', '20:00:00');
INSERT INTO `tbl_office_time` VALUES ('304', '43', '0', '1', '10:00:00', '20:00:00');
INSERT INTO `tbl_office_time` VALUES ('305', '43', '0', '2', '10:00:00', '20:00:00');
INSERT INTO `tbl_office_time` VALUES ('306', '43', '0', '3', '10:00:00', '20:00:00');
INSERT INTO `tbl_office_time` VALUES ('307', '43', '0', '4', '00:00:00', '00:00:00');
INSERT INTO `tbl_office_time` VALUES ('308', '43', '0', '5', '14:00:00', '20:00:00');
INSERT INTO `tbl_office_time` VALUES ('309', '43', '0', '6', '10:00:00', '20:00:00');
INSERT INTO `tbl_office_time` VALUES ('310', '44', '0', '0', '10:00:00', '20:00:00');
INSERT INTO `tbl_office_time` VALUES ('311', '44', '0', '1', '10:00:00', '20:00:00');
INSERT INTO `tbl_office_time` VALUES ('312', '44', '0', '2', '11:00:00', '20:00:00');
INSERT INTO `tbl_office_time` VALUES ('313', '44', '0', '3', '10:00:00', '00:00:00');
INSERT INTO `tbl_office_time` VALUES ('314', '44', '0', '4', '00:00:00', '00:00:00');
INSERT INTO `tbl_office_time` VALUES ('315', '44', '0', '5', '14:00:00', '20:00:00');
INSERT INTO `tbl_office_time` VALUES ('316', '44', '0', '6', '10:00:00', '20:00:00');
INSERT INTO `tbl_office_time` VALUES ('317', '45', '0', '0', '10:00:00', '20:00:00');
INSERT INTO `tbl_office_time` VALUES ('318', '45', '0', '1', '10:00:00', '20:00:00');
INSERT INTO `tbl_office_time` VALUES ('319', '45', '0', '2', '10:00:00', '20:00:00');
INSERT INTO `tbl_office_time` VALUES ('320', '45', '0', '3', '10:00:00', '20:00:00');
INSERT INTO `tbl_office_time` VALUES ('321', '45', '0', '4', '00:00:00', '00:00:00');
INSERT INTO `tbl_office_time` VALUES ('322', '45', '0', '5', '14:00:00', '20:00:00');
INSERT INTO `tbl_office_time` VALUES ('323', '45', '0', '6', '10:00:00', '20:00:00');
INSERT INTO `tbl_office_time` VALUES ('324', '46', '0', '0', '10:00:00', '20:00:00');
INSERT INTO `tbl_office_time` VALUES ('325', '46', '0', '1', '10:00:00', '20:00:00');
INSERT INTO `tbl_office_time` VALUES ('326', '46', '0', '2', '10:00:00', '20:00:00');
INSERT INTO `tbl_office_time` VALUES ('327', '46', '0', '3', '10:00:00', '20:00:00');
INSERT INTO `tbl_office_time` VALUES ('328', '46', '0', '4', '00:00:00', '00:00:00');
INSERT INTO `tbl_office_time` VALUES ('329', '46', '0', '5', '14:00:00', '20:00:00');
INSERT INTO `tbl_office_time` VALUES ('330', '46', '0', '6', '20:00:00', '20:00:00');
INSERT INTO `tbl_office_time` VALUES ('331', '47', '0', '0', '10:00:00', '20:00:00');
INSERT INTO `tbl_office_time` VALUES ('332', '47', '0', '1', '10:00:00', '20:00:00');
INSERT INTO `tbl_office_time` VALUES ('333', '47', '0', '2', '10:00:00', '20:00:00');
INSERT INTO `tbl_office_time` VALUES ('334', '47', '0', '3', '10:00:00', '20:00:00');
INSERT INTO `tbl_office_time` VALUES ('335', '47', '0', '4', '00:00:00', '00:00:00');
INSERT INTO `tbl_office_time` VALUES ('336', '47', '0', '5', '14:00:00', '20:00:00');
INSERT INTO `tbl_office_time` VALUES ('337', '47', '0', '6', '10:00:00', '20:00:00');
INSERT INTO `tbl_office_time` VALUES ('338', '48', '0', '0', '10:00:00', '20:00:00');
INSERT INTO `tbl_office_time` VALUES ('339', '48', '0', '1', '10:00:00', '20:00:00');
INSERT INTO `tbl_office_time` VALUES ('340', '48', '0', '2', '10:00:00', '20:00:00');
INSERT INTO `tbl_office_time` VALUES ('341', '48', '0', '3', '10:00:00', '20:00:00');
INSERT INTO `tbl_office_time` VALUES ('342', '48', '0', '4', '00:00:00', '00:00:00');
INSERT INTO `tbl_office_time` VALUES ('343', '48', '0', '5', '14:00:00', '20:00:00');
INSERT INTO `tbl_office_time` VALUES ('344', '48', '0', '6', '10:00:00', '20:00:00');
INSERT INTO `tbl_office_time` VALUES ('345', '49', '0', '0', '10:00:00', '20:00:00');
INSERT INTO `tbl_office_time` VALUES ('346', '49', '0', '1', '10:00:00', '20:00:00');
INSERT INTO `tbl_office_time` VALUES ('347', '49', '0', '2', '10:00:00', '20:00:00');
INSERT INTO `tbl_office_time` VALUES ('348', '49', '0', '3', '10:00:00', '20:00:00');
INSERT INTO `tbl_office_time` VALUES ('349', '49', '0', '4', '00:00:00', '00:00:00');
INSERT INTO `tbl_office_time` VALUES ('350', '49', '0', '5', '14:00:00', '20:00:00');
INSERT INTO `tbl_office_time` VALUES ('351', '49', '0', '6', '10:00:00', '20:00:00');
INSERT INTO `tbl_office_time` VALUES ('352', '50', '0', '0', '10:00:00', '20:00:00');
INSERT INTO `tbl_office_time` VALUES ('353', '50', '0', '1', '10:00:00', '20:00:00');
INSERT INTO `tbl_office_time` VALUES ('354', '50', '0', '2', '10:00:00', '20:00:00');
INSERT INTO `tbl_office_time` VALUES ('355', '50', '0', '3', '10:00:00', '20:00:00');
INSERT INTO `tbl_office_time` VALUES ('356', '50', '0', '4', '00:00:00', '00:00:00');
INSERT INTO `tbl_office_time` VALUES ('357', '50', '0', '5', '14:00:00', '20:00:00');
INSERT INTO `tbl_office_time` VALUES ('358', '50', '0', '6', '10:00:00', '20:00:00');
INSERT INTO `tbl_office_time` VALUES ('359', '51', '0', '0', '10:00:00', '20:00:00');
INSERT INTO `tbl_office_time` VALUES ('360', '51', '0', '1', '10:00:00', '20:00:00');
INSERT INTO `tbl_office_time` VALUES ('361', '51', '0', '2', '10:00:00', '20:00:00');
INSERT INTO `tbl_office_time` VALUES ('362', '51', '0', '3', '00:00:00', '20:00:00');
INSERT INTO `tbl_office_time` VALUES ('363', '51', '0', '4', '10:00:00', '20:00:00');
INSERT INTO `tbl_office_time` VALUES ('364', '51', '0', '5', '10:00:00', '20:00:00');
INSERT INTO `tbl_office_time` VALUES ('365', '51', '0', '6', '10:00:00', '20:00:00');
INSERT INTO `tbl_office_time` VALUES ('366', '52', '0', '0', '10:00:00', '20:00:00');
INSERT INTO `tbl_office_time` VALUES ('367', '52', '0', '1', '10:00:00', '20:00:00');
INSERT INTO `tbl_office_time` VALUES ('368', '52', '0', '2', '10:00:00', '20:00:00');
INSERT INTO `tbl_office_time` VALUES ('369', '52', '0', '3', '10:00:00', '20:00:00');
INSERT INTO `tbl_office_time` VALUES ('370', '52', '0', '4', '00:00:00', '00:00:00');
INSERT INTO `tbl_office_time` VALUES ('371', '52', '0', '5', '10:00:00', '20:00:00');
INSERT INTO `tbl_office_time` VALUES ('372', '52', '0', '6', '10:00:00', '20:00:00');
INSERT INTO `tbl_office_time` VALUES ('373', '53', '0', '0', '00:00:00', '00:00:00');
INSERT INTO `tbl_office_time` VALUES ('374', '53', '0', '1', '10:00:00', '20:00:00');
INSERT INTO `tbl_office_time` VALUES ('375', '53', '0', '2', '10:00:00', '20:00:00');
INSERT INTO `tbl_office_time` VALUES ('376', '53', '0', '3', '10:00:00', '20:00:00');
INSERT INTO `tbl_office_time` VALUES ('377', '53', '0', '4', '10:00:00', '20:00:00');
INSERT INTO `tbl_office_time` VALUES ('378', '53', '0', '5', '10:00:00', '20:00:00');
INSERT INTO `tbl_office_time` VALUES ('379', '53', '0', '6', '10:00:00', '20:00:00');
INSERT INTO `tbl_office_time` VALUES ('380', '54', '0', '0', '10:00:00', '20:00:00');
INSERT INTO `tbl_office_time` VALUES ('381', '54', '0', '1', '10:00:00', '20:00:00');
INSERT INTO `tbl_office_time` VALUES ('382', '54', '0', '2', '00:00:00', '00:00:00');
INSERT INTO `tbl_office_time` VALUES ('383', '54', '0', '3', '10:00:00', '20:00:00');
INSERT INTO `tbl_office_time` VALUES ('384', '54', '0', '4', '10:00:00', '20:00:00');
INSERT INTO `tbl_office_time` VALUES ('385', '54', '0', '5', '10:00:00', '20:00:00');
INSERT INTO `tbl_office_time` VALUES ('386', '54', '0', '6', '10:00:00', '20:00:00');
INSERT INTO `tbl_office_time` VALUES ('387', '55', '0', '0', '10:00:00', '20:00:00');
INSERT INTO `tbl_office_time` VALUES ('388', '55', '0', '1', '00:00:00', '00:00:00');
INSERT INTO `tbl_office_time` VALUES ('389', '55', '0', '2', '10:00:00', '20:00:00');
INSERT INTO `tbl_office_time` VALUES ('390', '55', '0', '3', '10:00:00', '20:00:00');
INSERT INTO `tbl_office_time` VALUES ('391', '55', '0', '4', '10:00:00', '20:00:00');
INSERT INTO `tbl_office_time` VALUES ('392', '55', '0', '5', '10:00:00', '20:00:00');
INSERT INTO `tbl_office_time` VALUES ('393', '55', '0', '6', '10:00:00', '20:00:00');
INSERT INTO `tbl_office_time` VALUES ('394', '56', '0', '0', '10:00:00', '10:00:00');
INSERT INTO `tbl_office_time` VALUES ('395', '56', '0', '1', '10:00:00', '10:00:00');
INSERT INTO `tbl_office_time` VALUES ('396', '56', '0', '2', '10:00:00', '10:00:00');
INSERT INTO `tbl_office_time` VALUES ('397', '56', '0', '3', '11:00:00', '10:00:00');
INSERT INTO `tbl_office_time` VALUES ('398', '56', '0', '4', '10:00:00', '10:00:00');
INSERT INTO `tbl_office_time` VALUES ('399', '56', '0', '5', '10:00:00', '10:00:00');
INSERT INTO `tbl_office_time` VALUES ('400', '56', '0', '6', '00:00:00', '00:00:00');
INSERT INTO `tbl_office_time` VALUES ('401', '57', '0', '0', '10:00:00', '20:00:00');
INSERT INTO `tbl_office_time` VALUES ('402', '57', '0', '1', '10:00:00', '20:00:00');
INSERT INTO `tbl_office_time` VALUES ('403', '57', '0', '2', '10:00:00', '20:00:00');
INSERT INTO `tbl_office_time` VALUES ('404', '57', '0', '3', '10:00:00', '20:00:00');
INSERT INTO `tbl_office_time` VALUES ('405', '57', '0', '4', '10:00:00', '20:00:00');
INSERT INTO `tbl_office_time` VALUES ('406', '57', '0', '5', '10:00:00', '20:00:00');
INSERT INTO `tbl_office_time` VALUES ('407', '57', '0', '6', '10:00:00', '20:00:00');
INSERT INTO `tbl_office_time` VALUES ('408', '58', '0', '0', '10:00:00', '20:00:00');
INSERT INTO `tbl_office_time` VALUES ('409', '58', '0', '1', '10:00:00', '20:00:00');
INSERT INTO `tbl_office_time` VALUES ('410', '58', '0', '2', '10:00:00', '20:00:00');
INSERT INTO `tbl_office_time` VALUES ('411', '58', '0', '3', '10:00:00', '20:00:00');
INSERT INTO `tbl_office_time` VALUES ('412', '58', '0', '4', '10:00:00', '20:00:00');
INSERT INTO `tbl_office_time` VALUES ('413', '58', '0', '5', '10:00:00', '20:00:00');
INSERT INTO `tbl_office_time` VALUES ('414', '58', '0', '6', '10:00:00', '20:00:00');
INSERT INTO `tbl_office_time` VALUES ('415', '59', '0', '0', '10:00:00', '20:00:00');
INSERT INTO `tbl_office_time` VALUES ('416', '59', '0', '1', '10:00:00', '20:00:00');
INSERT INTO `tbl_office_time` VALUES ('417', '59', '0', '2', '10:00:00', '20:00:00');
INSERT INTO `tbl_office_time` VALUES ('418', '59', '0', '3', '10:00:00', '20:00:00');
INSERT INTO `tbl_office_time` VALUES ('419', '59', '0', '4', '10:00:00', '20:00:00');
INSERT INTO `tbl_office_time` VALUES ('420', '59', '0', '5', '10:00:00', '20:00:00');
INSERT INTO `tbl_office_time` VALUES ('421', '59', '0', '6', '10:00:00', '20:00:00');
INSERT INTO `tbl_office_time` VALUES ('422', '60', '0', '0', '10:00:00', '20:00:00');
INSERT INTO `tbl_office_time` VALUES ('423', '60', '0', '1', '10:00:00', '20:00:00');
INSERT INTO `tbl_office_time` VALUES ('424', '60', '0', '2', '10:00:00', '20:00:00');
INSERT INTO `tbl_office_time` VALUES ('425', '60', '0', '3', '10:00:00', '20:00:00');
INSERT INTO `tbl_office_time` VALUES ('426', '60', '0', '4', '10:00:00', '20:00:00');
INSERT INTO `tbl_office_time` VALUES ('427', '60', '0', '5', '10:00:00', '20:00:00');
INSERT INTO `tbl_office_time` VALUES ('428', '60', '0', '6', '10:00:00', '20:00:00');
INSERT INTO `tbl_office_time` VALUES ('429', '61', '0', '0', '10:00:00', '20:00:00');
INSERT INTO `tbl_office_time` VALUES ('430', '61', '0', '1', '10:00:00', '20:00:00');
INSERT INTO `tbl_office_time` VALUES ('431', '61', '0', '2', '10:00:00', '20:00:00');
INSERT INTO `tbl_office_time` VALUES ('432', '61', '0', '3', '10:00:00', '20:00:00');
INSERT INTO `tbl_office_time` VALUES ('433', '61', '0', '4', '10:00:00', '20:00:00');
INSERT INTO `tbl_office_time` VALUES ('434', '61', '0', '5', '10:00:00', '20:00:00');
INSERT INTO `tbl_office_time` VALUES ('435', '61', '0', '6', '10:00:00', '20:00:00');
INSERT INTO `tbl_office_time` VALUES ('436', '62', '0', '0', '10:00:00', '20:00:00');
INSERT INTO `tbl_office_time` VALUES ('437', '62', '0', '1', '10:00:00', '20:00:00');
INSERT INTO `tbl_office_time` VALUES ('438', '62', '0', '2', '10:00:00', '20:00:00');
INSERT INTO `tbl_office_time` VALUES ('439', '62', '0', '3', '10:00:00', '20:00:00');
INSERT INTO `tbl_office_time` VALUES ('440', '62', '0', '4', '10:00:00', '20:00:00');
INSERT INTO `tbl_office_time` VALUES ('441', '62', '0', '5', '00:00:00', '00:00:00');
INSERT INTO `tbl_office_time` VALUES ('442', '62', '0', '6', '10:00:00', '20:00:00');
INSERT INTO `tbl_office_time` VALUES ('443', '63', '0', '0', '10:00:00', '20:00:00');
INSERT INTO `tbl_office_time` VALUES ('444', '63', '0', '1', '10:00:00', '20:00:00');
INSERT INTO `tbl_office_time` VALUES ('445', '63', '0', '2', '10:00:00', '20:00:00');
INSERT INTO `tbl_office_time` VALUES ('446', '63', '0', '3', '10:00:00', '20:00:00');
INSERT INTO `tbl_office_time` VALUES ('447', '63', '0', '4', '10:00:00', '20:00:00');
INSERT INTO `tbl_office_time` VALUES ('448', '63', '0', '5', '00:00:00', '00:00:00');
INSERT INTO `tbl_office_time` VALUES ('449', '63', '0', '6', '10:00:00', '20:00:00');
INSERT INTO `tbl_office_time` VALUES ('450', '64', '0', '0', '10:00:00', '20:00:00');
INSERT INTO `tbl_office_time` VALUES ('451', '64', '0', '1', '10:00:00', '20:00:00');
INSERT INTO `tbl_office_time` VALUES ('452', '64', '0', '2', '10:00:00', '20:00:00');
INSERT INTO `tbl_office_time` VALUES ('453', '64', '0', '3', '10:00:00', '20:00:00');
INSERT INTO `tbl_office_time` VALUES ('454', '64', '0', '4', '10:00:00', '20:00:00');
INSERT INTO `tbl_office_time` VALUES ('455', '64', '0', '5', '00:00:00', '00:00:00');
INSERT INTO `tbl_office_time` VALUES ('456', '64', '0', '6', '10:00:00', '20:00:00');
INSERT INTO `tbl_office_time` VALUES ('457', '65', '0', '0', '10:00:00', '20:00:00');
INSERT INTO `tbl_office_time` VALUES ('458', '65', '0', '1', '10:00:00', '20:00:00');
INSERT INTO `tbl_office_time` VALUES ('459', '65', '0', '2', '10:00:00', '20:00:00');
INSERT INTO `tbl_office_time` VALUES ('460', '65', '0', '3', '10:00:00', '20:00:00');
INSERT INTO `tbl_office_time` VALUES ('461', '65', '0', '4', '10:00:00', '20:00:00');
INSERT INTO `tbl_office_time` VALUES ('462', '65', '0', '5', '00:00:00', '00:00:00');
INSERT INTO `tbl_office_time` VALUES ('463', '65', '0', '6', '10:00:00', '20:00:00');
INSERT INTO `tbl_office_time` VALUES ('464', '66', '0', '0', '10:00:00', '20:00:00');
INSERT INTO `tbl_office_time` VALUES ('465', '66', '0', '1', '10:00:00', '20:00:00');
INSERT INTO `tbl_office_time` VALUES ('466', '66', '0', '2', '10:00:00', '20:00:00');
INSERT INTO `tbl_office_time` VALUES ('467', '66', '0', '3', '10:00:00', '20:00:00');
INSERT INTO `tbl_office_time` VALUES ('468', '66', '0', '4', '10:00:00', '20:00:00');
INSERT INTO `tbl_office_time` VALUES ('469', '66', '0', '5', '00:00:00', '00:00:00');
INSERT INTO `tbl_office_time` VALUES ('470', '66', '0', '6', '10:00:00', '20:00:00');
INSERT INTO `tbl_office_time` VALUES ('471', '67', '0', '0', '10:00:00', '00:00:00');
INSERT INTO `tbl_office_time` VALUES ('472', '67', '0', '1', '10:00:00', '20:00:00');
INSERT INTO `tbl_office_time` VALUES ('473', '67', '0', '2', '10:00:00', '20:00:00');
INSERT INTO `tbl_office_time` VALUES ('474', '67', '0', '3', '10:00:00', '20:00:00');
INSERT INTO `tbl_office_time` VALUES ('475', '67', '0', '4', '10:00:00', '20:00:00');
INSERT INTO `tbl_office_time` VALUES ('476', '67', '0', '5', '00:00:00', '00:00:00');
INSERT INTO `tbl_office_time` VALUES ('477', '67', '0', '6', '10:00:00', '20:00:00');
INSERT INTO `tbl_office_time` VALUES ('478', '68', '0', '0', '10:00:00', '20:00:00');
INSERT INTO `tbl_office_time` VALUES ('479', '68', '0', '1', '10:00:00', '20:00:00');
INSERT INTO `tbl_office_time` VALUES ('480', '68', '0', '2', '10:00:00', '20:00:00');
INSERT INTO `tbl_office_time` VALUES ('481', '68', '0', '3', '10:00:00', '20:00:00');
INSERT INTO `tbl_office_time` VALUES ('482', '68', '0', '4', '10:00:00', '20:00:00');
INSERT INTO `tbl_office_time` VALUES ('483', '68', '0', '5', '00:00:00', '00:00:00');
INSERT INTO `tbl_office_time` VALUES ('484', '68', '0', '6', '10:00:00', '20:00:00');
INSERT INTO `tbl_office_time` VALUES ('485', '69', '0', '0', '10:00:00', '20:00:00');
INSERT INTO `tbl_office_time` VALUES ('486', '69', '0', '1', '10:00:00', '20:00:00');
INSERT INTO `tbl_office_time` VALUES ('487', '69', '0', '2', '10:00:00', '20:00:00');
INSERT INTO `tbl_office_time` VALUES ('488', '69', '0', '3', '10:00:00', '20:00:00');
INSERT INTO `tbl_office_time` VALUES ('489', '69', '0', '4', '10:00:00', '20:00:00');
INSERT INTO `tbl_office_time` VALUES ('490', '69', '0', '5', '00:00:00', '00:00:00');
INSERT INTO `tbl_office_time` VALUES ('491', '69', '0', '6', '10:00:00', '20:00:00');
INSERT INTO `tbl_office_time` VALUES ('492', '70', '0', '0', '10:00:00', '20:00:00');
INSERT INTO `tbl_office_time` VALUES ('493', '70', '0', '1', '10:00:00', '20:00:00');
INSERT INTO `tbl_office_time` VALUES ('494', '70', '0', '2', '10:00:00', '20:00:00');
INSERT INTO `tbl_office_time` VALUES ('495', '70', '0', '3', '10:00:00', '20:00:00');
INSERT INTO `tbl_office_time` VALUES ('496', '70', '0', '4', '10:00:00', '20:00:00');
INSERT INTO `tbl_office_time` VALUES ('497', '70', '0', '5', '00:00:00', '00:00:00');
INSERT INTO `tbl_office_time` VALUES ('498', '70', '0', '6', '10:00:00', '20:00:00');
INSERT INTO `tbl_office_time` VALUES ('499', '71', '0', '0', '10:00:00', '20:00:00');
INSERT INTO `tbl_office_time` VALUES ('500', '71', '0', '1', '10:00:00', '20:00:00');
INSERT INTO `tbl_office_time` VALUES ('501', '71', '0', '2', '10:00:00', '20:00:00');
INSERT INTO `tbl_office_time` VALUES ('502', '71', '0', '3', '10:00:00', '20:00:00');
INSERT INTO `tbl_office_time` VALUES ('503', '71', '0', '4', '10:00:00', '20:00:00');
INSERT INTO `tbl_office_time` VALUES ('504', '71', '0', '5', '00:00:00', '00:00:00');
INSERT INTO `tbl_office_time` VALUES ('505', '71', '0', '6', '10:00:00', '20:00:00');
INSERT INTO `tbl_office_time` VALUES ('506', '72', '0', '0', '10:00:00', '20:00:00');
INSERT INTO `tbl_office_time` VALUES ('507', '72', '0', '1', '10:00:00', '20:00:00');
INSERT INTO `tbl_office_time` VALUES ('508', '72', '0', '2', '10:00:00', '20:00:00');
INSERT INTO `tbl_office_time` VALUES ('509', '72', '0', '3', '10:00:00', '20:00:00');
INSERT INTO `tbl_office_time` VALUES ('510', '72', '0', '4', '10:00:00', '20:00:00');
INSERT INTO `tbl_office_time` VALUES ('511', '72', '0', '5', '00:00:00', '00:00:00');
INSERT INTO `tbl_office_time` VALUES ('512', '72', '0', '6', '10:00:00', '20:00:00');
INSERT INTO `tbl_office_time` VALUES ('513', '73', '0', '0', '10:00:00', '20:00:00');
INSERT INTO `tbl_office_time` VALUES ('514', '73', '0', '1', '10:00:00', '20:00:00');
INSERT INTO `tbl_office_time` VALUES ('515', '73', '0', '2', '10:00:00', '20:00:00');
INSERT INTO `tbl_office_time` VALUES ('516', '73', '0', '3', '10:00:00', '20:00:00');
INSERT INTO `tbl_office_time` VALUES ('517', '73', '0', '4', '10:00:00', '20:00:00');
INSERT INTO `tbl_office_time` VALUES ('518', '73', '0', '5', '00:00:00', '00:00:00');
INSERT INTO `tbl_office_time` VALUES ('519', '73', '0', '6', '10:00:00', '20:00:00');
INSERT INTO `tbl_office_time` VALUES ('520', '74', '0', '0', '10:00:00', '20:00:00');
INSERT INTO `tbl_office_time` VALUES ('521', '74', '0', '1', '10:00:00', '20:00:00');
INSERT INTO `tbl_office_time` VALUES ('522', '74', '0', '2', '10:00:00', '20:00:00');
INSERT INTO `tbl_office_time` VALUES ('523', '74', '0', '3', '10:00:00', '20:00:00');
INSERT INTO `tbl_office_time` VALUES ('524', '74', '0', '4', '10:00:00', '20:00:00');
INSERT INTO `tbl_office_time` VALUES ('525', '74', '0', '5', '00:00:00', '00:00:00');
INSERT INTO `tbl_office_time` VALUES ('526', '74', '0', '6', '10:00:00', '20:00:00');
INSERT INTO `tbl_office_time` VALUES ('527', '75', '0', '0', '10:00:00', '20:00:00');
INSERT INTO `tbl_office_time` VALUES ('528', '75', '0', '1', '10:00:00', '20:00:00');
INSERT INTO `tbl_office_time` VALUES ('529', '75', '0', '2', '10:00:00', '20:00:00');
INSERT INTO `tbl_office_time` VALUES ('530', '75', '0', '3', '10:00:00', '20:00:00');
INSERT INTO `tbl_office_time` VALUES ('531', '75', '0', '4', '10:00:00', '20:00:00');
INSERT INTO `tbl_office_time` VALUES ('532', '75', '0', '5', '00:00:00', '00:00:00');
INSERT INTO `tbl_office_time` VALUES ('533', '75', '0', '6', '10:00:00', '20:00:00');
INSERT INTO `tbl_office_time` VALUES ('534', '76', '0', '0', '10:00:00', '20:00:00');
INSERT INTO `tbl_office_time` VALUES ('535', '76', '0', '1', '10:00:00', '20:00:00');
INSERT INTO `tbl_office_time` VALUES ('536', '76', '0', '2', '10:00:00', '20:00:00');
INSERT INTO `tbl_office_time` VALUES ('537', '76', '0', '3', '10:00:00', '20:00:00');
INSERT INTO `tbl_office_time` VALUES ('538', '76', '0', '4', '10:00:00', '20:00:00');
INSERT INTO `tbl_office_time` VALUES ('539', '76', '0', '5', '00:00:00', '00:00:00');
INSERT INTO `tbl_office_time` VALUES ('540', '76', '0', '6', '10:00:00', '20:00:00');
INSERT INTO `tbl_office_time` VALUES ('541', '77', '0', '0', '10:00:00', '20:00:00');
INSERT INTO `tbl_office_time` VALUES ('542', '77', '0', '1', '10:00:00', '20:00:00');
INSERT INTO `tbl_office_time` VALUES ('543', '77', '0', '2', '10:00:00', '20:00:00');
INSERT INTO `tbl_office_time` VALUES ('544', '77', '0', '3', '10:00:00', '20:00:00');
INSERT INTO `tbl_office_time` VALUES ('545', '77', '0', '4', '10:00:00', '20:00:00');
INSERT INTO `tbl_office_time` VALUES ('546', '77', '0', '5', '00:00:00', '00:00:00');
INSERT INTO `tbl_office_time` VALUES ('547', '77', '0', '6', '10:00:00', '20:00:00');
INSERT INTO `tbl_office_time` VALUES ('548', '78', '0', '0', '10:00:00', '20:00:00');
INSERT INTO `tbl_office_time` VALUES ('549', '78', '0', '1', '10:00:00', '20:00:00');
INSERT INTO `tbl_office_time` VALUES ('550', '78', '0', '2', '10:00:00', '20:00:00');
INSERT INTO `tbl_office_time` VALUES ('551', '78', '0', '3', '10:00:00', '20:00:00');
INSERT INTO `tbl_office_time` VALUES ('552', '78', '0', '4', '10:00:00', '20:00:00');
INSERT INTO `tbl_office_time` VALUES ('553', '78', '0', '5', '00:00:00', '00:00:00');
INSERT INTO `tbl_office_time` VALUES ('554', '78', '0', '6', '10:00:00', '20:00:00');
INSERT INTO `tbl_office_time` VALUES ('555', '79', '0', '0', '10:00:00', '20:00:00');
INSERT INTO `tbl_office_time` VALUES ('556', '79', '0', '1', '10:00:00', '20:00:00');
INSERT INTO `tbl_office_time` VALUES ('557', '79', '0', '2', '10:00:00', '20:00:00');
INSERT INTO `tbl_office_time` VALUES ('558', '79', '0', '3', '10:00:00', '20:00:00');
INSERT INTO `tbl_office_time` VALUES ('559', '79', '0', '4', '10:00:00', '20:00:00');
INSERT INTO `tbl_office_time` VALUES ('560', '79', '0', '5', '00:00:00', '00:00:00');
INSERT INTO `tbl_office_time` VALUES ('561', '79', '0', '6', '10:00:00', '20:00:00');
INSERT INTO `tbl_office_time` VALUES ('562', '80', '0', '0', '10:00:00', '20:00:00');
INSERT INTO `tbl_office_time` VALUES ('563', '80', '0', '1', '10:00:00', '20:00:00');
INSERT INTO `tbl_office_time` VALUES ('564', '80', '0', '2', '10:00:00', '20:00:00');
INSERT INTO `tbl_office_time` VALUES ('565', '80', '0', '3', '10:00:00', '20:00:00');
INSERT INTO `tbl_office_time` VALUES ('566', '80', '0', '4', '10:00:00', '20:00:00');
INSERT INTO `tbl_office_time` VALUES ('567', '80', '0', '5', '00:00:00', '00:00:00');
INSERT INTO `tbl_office_time` VALUES ('568', '80', '0', '6', '10:00:00', '20:00:00');
INSERT INTO `tbl_office_time` VALUES ('569', '81', '0', '0', '10:00:00', '20:00:00');
INSERT INTO `tbl_office_time` VALUES ('570', '81', '0', '1', '10:00:00', '20:00:00');
INSERT INTO `tbl_office_time` VALUES ('571', '81', '0', '2', '10:00:00', '20:00:00');
INSERT INTO `tbl_office_time` VALUES ('572', '81', '0', '3', '10:00:00', '20:00:00');
INSERT INTO `tbl_office_time` VALUES ('573', '81', '0', '4', '10:00:00', '20:00:00');
INSERT INTO `tbl_office_time` VALUES ('574', '81', '0', '5', '00:00:00', '00:00:00');
INSERT INTO `tbl_office_time` VALUES ('575', '81', '0', '6', '10:00:00', '20:00:00');
INSERT INTO `tbl_office_time` VALUES ('576', '82', '0', '0', '10:00:00', '20:00:00');
INSERT INTO `tbl_office_time` VALUES ('577', '82', '0', '1', '10:00:00', '20:00:00');
INSERT INTO `tbl_office_time` VALUES ('578', '82', '0', '2', '10:00:00', '20:00:00');
INSERT INTO `tbl_office_time` VALUES ('579', '82', '0', '3', '10:00:00', '20:00:00');
INSERT INTO `tbl_office_time` VALUES ('580', '82', '0', '4', '00:00:00', '00:00:00');
INSERT INTO `tbl_office_time` VALUES ('581', '82', '0', '5', '10:00:00', '20:00:00');
INSERT INTO `tbl_office_time` VALUES ('582', '82', '0', '6', '10:00:00', '20:00:00');
INSERT INTO `tbl_office_time` VALUES ('583', '83', '0', '0', '10:00:00', '20:00:00');
INSERT INTO `tbl_office_time` VALUES ('584', '83', '0', '1', '10:00:00', '20:00:00');
INSERT INTO `tbl_office_time` VALUES ('585', '83', '0', '2', '10:00:00', '20:00:00');
INSERT INTO `tbl_office_time` VALUES ('586', '83', '0', '3', '10:00:00', '20:00:00');
INSERT INTO `tbl_office_time` VALUES ('587', '83', '0', '4', '10:00:00', '20:00:00');
INSERT INTO `tbl_office_time` VALUES ('588', '83', '0', '5', '00:00:00', '00:00:00');
INSERT INTO `tbl_office_time` VALUES ('589', '83', '0', '6', '10:00:00', '20:00:00');
INSERT INTO `tbl_office_time` VALUES ('590', '84', '0', '0', '10:00:00', '20:00:00');
INSERT INTO `tbl_office_time` VALUES ('591', '84', '0', '1', '10:00:00', '20:00:00');
INSERT INTO `tbl_office_time` VALUES ('592', '84', '0', '2', '10:00:00', '20:00:00');
INSERT INTO `tbl_office_time` VALUES ('593', '84', '0', '3', '10:00:00', '20:00:00');
INSERT INTO `tbl_office_time` VALUES ('594', '84', '0', '4', '00:00:00', '00:00:00');
INSERT INTO `tbl_office_time` VALUES ('595', '84', '0', '5', '10:00:00', '20:00:00');
INSERT INTO `tbl_office_time` VALUES ('596', '84', '0', '6', '10:00:00', '20:00:00');
INSERT INTO `tbl_office_time` VALUES ('597', '85', '0', '0', '10:00:00', '20:00:00');
INSERT INTO `tbl_office_time` VALUES ('598', '85', '0', '1', '10:00:00', '20:00:00');
INSERT INTO `tbl_office_time` VALUES ('599', '85', '0', '2', '10:00:00', '20:00:00');
INSERT INTO `tbl_office_time` VALUES ('600', '85', '0', '3', '10:00:00', '20:00:00');
INSERT INTO `tbl_office_time` VALUES ('601', '85', '0', '4', '00:00:00', '00:00:00');
INSERT INTO `tbl_office_time` VALUES ('602', '85', '0', '5', '10:00:00', '20:00:00');
INSERT INTO `tbl_office_time` VALUES ('603', '85', '0', '6', '10:00:00', '20:00:00');
INSERT INTO `tbl_office_time` VALUES ('604', '86', '0', '0', '10:00:00', '20:00:00');
INSERT INTO `tbl_office_time` VALUES ('605', '86', '0', '1', '10:00:00', '20:00:00');
INSERT INTO `tbl_office_time` VALUES ('606', '86', '0', '2', '10:00:00', '20:00:00');
INSERT INTO `tbl_office_time` VALUES ('607', '86', '0', '3', '10:00:00', '20:00:00');
INSERT INTO `tbl_office_time` VALUES ('608', '86', '0', '4', '00:00:00', '00:00:00');
INSERT INTO `tbl_office_time` VALUES ('609', '86', '0', '5', '10:00:00', '20:00:00');
INSERT INTO `tbl_office_time` VALUES ('610', '86', '0', '6', '10:00:00', '20:00:00');
INSERT INTO `tbl_office_time` VALUES ('611', '87', '0', '0', '10:00:00', '20:00:00');
INSERT INTO `tbl_office_time` VALUES ('612', '87', '0', '1', '10:00:00', '20:00:00');
INSERT INTO `tbl_office_time` VALUES ('613', '87', '0', '2', '00:00:00', '20:00:00');
INSERT INTO `tbl_office_time` VALUES ('614', '87', '0', '3', '00:00:00', '20:00:00');
INSERT INTO `tbl_office_time` VALUES ('615', '87', '0', '4', '00:00:00', '00:00:00');
INSERT INTO `tbl_office_time` VALUES ('616', '87', '0', '5', '00:00:00', '20:00:00');
INSERT INTO `tbl_office_time` VALUES ('617', '87', '0', '6', '00:00:00', '20:00:00');
INSERT INTO `tbl_office_time` VALUES ('618', '88', '0', '0', '10:00:00', '20:00:00');
INSERT INTO `tbl_office_time` VALUES ('619', '88', '0', '1', '10:00:00', '20:00:00');
INSERT INTO `tbl_office_time` VALUES ('620', '88', '0', '2', '10:00:00', '20:00:00');
INSERT INTO `tbl_office_time` VALUES ('621', '88', '0', '3', '10:00:00', '20:00:00');
INSERT INTO `tbl_office_time` VALUES ('622', '88', '0', '4', '00:00:00', '00:00:00');
INSERT INTO `tbl_office_time` VALUES ('623', '88', '0', '5', '10:00:00', '20:00:00');
INSERT INTO `tbl_office_time` VALUES ('624', '88', '0', '6', '10:00:00', '20:00:00');
INSERT INTO `tbl_office_time` VALUES ('625', '89', '0', '0', '10:00:00', '20:00:00');
INSERT INTO `tbl_office_time` VALUES ('626', '89', '0', '1', '10:00:00', '20:00:00');
INSERT INTO `tbl_office_time` VALUES ('627', '89', '0', '2', '10:00:00', '20:00:00');
INSERT INTO `tbl_office_time` VALUES ('628', '89', '0', '3', '10:00:00', '20:00:00');
INSERT INTO `tbl_office_time` VALUES ('629', '89', '0', '4', '10:00:00', '20:00:00');
INSERT INTO `tbl_office_time` VALUES ('630', '89', '0', '5', '00:00:00', '00:00:00');
INSERT INTO `tbl_office_time` VALUES ('631', '89', '0', '6', '10:00:00', '20:00:00');
INSERT INTO `tbl_office_time` VALUES ('632', '90', '0', '0', '10:00:00', '20:00:00');
INSERT INTO `tbl_office_time` VALUES ('633', '90', '0', '1', '10:00:00', '20:00:00');
INSERT INTO `tbl_office_time` VALUES ('634', '90', '0', '2', '10:00:00', '20:00:00');
INSERT INTO `tbl_office_time` VALUES ('635', '90', '0', '3', '10:00:00', '20:00:00');
INSERT INTO `tbl_office_time` VALUES ('636', '90', '0', '4', '10:00:00', '20:00:00');
INSERT INTO `tbl_office_time` VALUES ('637', '90', '0', '5', '00:00:00', '00:00:00');
INSERT INTO `tbl_office_time` VALUES ('638', '90', '0', '6', '10:00:00', '20:00:00');
INSERT INTO `tbl_office_time` VALUES ('639', '91', '0', '0', '10:00:00', '20:00:00');
INSERT INTO `tbl_office_time` VALUES ('640', '91', '0', '1', '10:00:00', '20:00:00');
INSERT INTO `tbl_office_time` VALUES ('641', '91', '0', '2', '10:00:00', '20:00:00');
INSERT INTO `tbl_office_time` VALUES ('642', '91', '0', '3', '10:00:00', '20:00:00');
INSERT INTO `tbl_office_time` VALUES ('643', '91', '0', '4', '10:00:00', '20:00:00');
INSERT INTO `tbl_office_time` VALUES ('644', '91', '0', '5', '00:00:00', '00:00:00');
INSERT INTO `tbl_office_time` VALUES ('645', '91', '0', '6', '10:00:00', '20:00:00');
INSERT INTO `tbl_office_time` VALUES ('646', '92', '0', '0', '10:00:00', '20:00:00');
INSERT INTO `tbl_office_time` VALUES ('647', '92', '0', '1', '10:00:00', '20:00:00');
INSERT INTO `tbl_office_time` VALUES ('648', '92', '0', '2', '10:00:00', '20:00:00');
INSERT INTO `tbl_office_time` VALUES ('649', '92', '0', '3', '10:00:00', '20:00:00');
INSERT INTO `tbl_office_time` VALUES ('650', '92', '0', '4', '10:00:00', '20:00:00');
INSERT INTO `tbl_office_time` VALUES ('651', '92', '0', '5', '00:00:00', '00:00:00');
INSERT INTO `tbl_office_time` VALUES ('652', '92', '0', '6', '10:00:00', '20:00:00');
INSERT INTO `tbl_office_time` VALUES ('653', '93', '0', '0', '10:00:00', '20:00:00');
INSERT INTO `tbl_office_time` VALUES ('654', '93', '0', '1', '10:00:00', '20:00:00');
INSERT INTO `tbl_office_time` VALUES ('655', '93', '0', '2', '10:00:00', '20:00:00');
INSERT INTO `tbl_office_time` VALUES ('656', '93', '0', '3', '10:00:00', '20:00:00');
INSERT INTO `tbl_office_time` VALUES ('657', '93', '0', '4', '10:00:00', '20:00:00');
INSERT INTO `tbl_office_time` VALUES ('658', '93', '0', '5', '00:00:00', '00:00:00');
INSERT INTO `tbl_office_time` VALUES ('659', '93', '0', '6', '10:00:00', '20:00:00');
INSERT INTO `tbl_office_time` VALUES ('660', '94', '0', '0', '10:00:00', '20:00:00');
INSERT INTO `tbl_office_time` VALUES ('661', '94', '0', '1', '10:00:00', '20:00:00');
INSERT INTO `tbl_office_time` VALUES ('662', '94', '0', '2', '00:00:00', '00:00:00');
INSERT INTO `tbl_office_time` VALUES ('663', '94', '0', '3', '10:00:00', '20:00:00');
INSERT INTO `tbl_office_time` VALUES ('664', '94', '0', '4', '10:00:00', '20:00:00');
INSERT INTO `tbl_office_time` VALUES ('665', '94', '0', '5', '10:00:00', '20:00:00');
INSERT INTO `tbl_office_time` VALUES ('666', '94', '0', '6', '10:00:00', '20:00:00');
INSERT INTO `tbl_office_time` VALUES ('667', '95', '0', '0', '09:00:00', '18:00:00');
INSERT INTO `tbl_office_time` VALUES ('668', '95', '0', '1', '09:00:00', '18:00:00');
INSERT INTO `tbl_office_time` VALUES ('669', '95', '0', '2', '09:00:00', '18:00:00');
INSERT INTO `tbl_office_time` VALUES ('670', '95', '0', '3', '09:00:00', '18:00:00');
INSERT INTO `tbl_office_time` VALUES ('671', '95', '0', '4', '09:00:00', '18:00:00');
INSERT INTO `tbl_office_time` VALUES ('672', '95', '0', '5', '00:00:00', '00:00:00');
INSERT INTO `tbl_office_time` VALUES ('673', '95', '0', '6', '09:00:00', '18:00:00');
INSERT INTO `tbl_office_time` VALUES ('674', '96', '0', '0', '10:00:00', '20:00:00');
INSERT INTO `tbl_office_time` VALUES ('675', '96', '0', '1', '10:00:00', '20:00:00');
INSERT INTO `tbl_office_time` VALUES ('676', '96', '0', '2', '00:00:00', '00:00:00');
INSERT INTO `tbl_office_time` VALUES ('677', '96', '0', '3', '10:00:00', '20:00:00');
INSERT INTO `tbl_office_time` VALUES ('678', '96', '0', '4', '10:00:00', '20:00:00');
INSERT INTO `tbl_office_time` VALUES ('679', '96', '0', '5', '10:00:00', '20:00:00');
INSERT INTO `tbl_office_time` VALUES ('680', '96', '0', '6', '10:00:00', '20:00:00');
INSERT INTO `tbl_office_time` VALUES ('681', '97', '0', '0', '10:00:00', '20:00:00');
INSERT INTO `tbl_office_time` VALUES ('682', '97', '0', '1', '10:00:00', '20:00:00');
INSERT INTO `tbl_office_time` VALUES ('683', '97', '0', '2', '00:00:00', '00:00:00');
INSERT INTO `tbl_office_time` VALUES ('684', '97', '0', '3', '10:00:00', '20:00:00');
INSERT INTO `tbl_office_time` VALUES ('685', '97', '0', '4', '10:00:00', '20:00:00');
INSERT INTO `tbl_office_time` VALUES ('686', '97', '0', '5', '10:00:00', '20:00:00');
INSERT INTO `tbl_office_time` VALUES ('687', '97', '0', '6', '10:00:00', '20:00:00');
INSERT INTO `tbl_office_time` VALUES ('688', '98', '0', '0', '10:00:00', '20:00:00');
INSERT INTO `tbl_office_time` VALUES ('689', '98', '0', '1', '10:00:00', '20:00:00');
INSERT INTO `tbl_office_time` VALUES ('690', '98', '0', '2', '00:00:00', '00:00:00');
INSERT INTO `tbl_office_time` VALUES ('691', '98', '0', '3', '10:00:00', '20:00:00');
INSERT INTO `tbl_office_time` VALUES ('692', '98', '0', '4', '10:00:00', '20:00:00');
INSERT INTO `tbl_office_time` VALUES ('693', '98', '0', '5', '10:00:00', '20:00:00');
INSERT INTO `tbl_office_time` VALUES ('694', '98', '0', '6', '10:00:00', '20:00:00');
INSERT INTO `tbl_office_time` VALUES ('695', '99', '0', '0', '10:00:00', '20:00:00');
INSERT INTO `tbl_office_time` VALUES ('696', '99', '0', '1', '10:00:00', '20:00:00');
INSERT INTO `tbl_office_time` VALUES ('697', '99', '0', '2', '00:00:00', '00:00:00');
INSERT INTO `tbl_office_time` VALUES ('698', '99', '0', '3', '10:00:00', '20:00:00');
INSERT INTO `tbl_office_time` VALUES ('699', '99', '0', '4', '10:00:00', '20:00:00');
INSERT INTO `tbl_office_time` VALUES ('700', '99', '0', '5', '10:00:00', '20:00:00');
INSERT INTO `tbl_office_time` VALUES ('701', '99', '0', '6', '10:00:00', '20:00:00');
INSERT INTO `tbl_office_time` VALUES ('702', '100', '0', '0', '10:00:00', '20:00:00');
INSERT INTO `tbl_office_time` VALUES ('703', '100', '0', '1', '10:00:00', '20:00:00');
INSERT INTO `tbl_office_time` VALUES ('704', '100', '0', '2', '00:00:00', '00:00:00');
INSERT INTO `tbl_office_time` VALUES ('705', '100', '0', '3', '10:00:00', '20:00:00');
INSERT INTO `tbl_office_time` VALUES ('706', '100', '0', '4', '10:00:00', '20:00:00');
INSERT INTO `tbl_office_time` VALUES ('707', '100', '0', '5', '10:00:00', '20:00:00');
INSERT INTO `tbl_office_time` VALUES ('708', '100', '0', '6', '10:00:00', '20:00:00');
INSERT INTO `tbl_office_time` VALUES ('709', '101', '0', '0', '10:00:00', '20:00:00');
INSERT INTO `tbl_office_time` VALUES ('710', '101', '0', '1', '10:00:00', '20:00:00');
INSERT INTO `tbl_office_time` VALUES ('711', '101', '0', '2', '00:00:00', '00:00:00');
INSERT INTO `tbl_office_time` VALUES ('712', '101', '0', '3', '10:00:00', '20:00:00');
INSERT INTO `tbl_office_time` VALUES ('713', '101', '0', '4', '10:00:00', '20:00:00');
INSERT INTO `tbl_office_time` VALUES ('714', '101', '0', '5', '10:00:00', '20:00:00');
INSERT INTO `tbl_office_time` VALUES ('715', '101', '0', '6', '10:00:00', '20:00:00');
INSERT INTO `tbl_office_time` VALUES ('716', '102', '0', '0', '10:00:00', '20:00:00');
INSERT INTO `tbl_office_time` VALUES ('717', '102', '0', '1', '10:00:00', '20:00:00');
INSERT INTO `tbl_office_time` VALUES ('718', '102', '0', '2', '00:00:00', '00:00:00');
INSERT INTO `tbl_office_time` VALUES ('719', '102', '0', '3', '10:00:00', '20:00:00');
INSERT INTO `tbl_office_time` VALUES ('720', '102', '0', '4', '10:00:00', '00:00:00');
INSERT INTO `tbl_office_time` VALUES ('721', '102', '0', '5', '10:00:00', '20:00:00');
INSERT INTO `tbl_office_time` VALUES ('722', '102', '0', '6', '10:00:00', '20:00:00');
INSERT INTO `tbl_office_time` VALUES ('723', '103', '0', '0', '10:00:00', '20:00:00');
INSERT INTO `tbl_office_time` VALUES ('724', '103', '0', '1', '10:00:00', '20:00:00');
INSERT INTO `tbl_office_time` VALUES ('725', '103', '0', '2', '10:00:00', '20:00:00');
INSERT INTO `tbl_office_time` VALUES ('726', '103', '0', '3', '10:00:00', '20:00:00');
INSERT INTO `tbl_office_time` VALUES ('727', '103', '0', '4', '00:00:00', '00:00:00');
INSERT INTO `tbl_office_time` VALUES ('728', '103', '0', '5', '10:00:00', '20:00:00');
INSERT INTO `tbl_office_time` VALUES ('729', '103', '0', '6', '10:00:00', '20:00:00');
INSERT INTO `tbl_office_time` VALUES ('730', '104', '0', '0', '00:00:00', '00:00:00');
INSERT INTO `tbl_office_time` VALUES ('731', '104', '0', '1', '10:00:00', '20:00:00');
INSERT INTO `tbl_office_time` VALUES ('732', '104', '0', '2', '10:00:00', '20:00:00');
INSERT INTO `tbl_office_time` VALUES ('733', '104', '0', '3', '10:00:00', '20:00:00');
INSERT INTO `tbl_office_time` VALUES ('734', '104', '0', '4', '10:00:00', '20:00:00');
INSERT INTO `tbl_office_time` VALUES ('735', '104', '0', '5', '10:00:00', '20:00:00');
INSERT INTO `tbl_office_time` VALUES ('736', '104', '0', '6', '10:00:00', '20:00:00');
INSERT INTO `tbl_office_time` VALUES ('737', '105', '0', '0', '10:00:00', '20:00:00');
INSERT INTO `tbl_office_time` VALUES ('738', '105', '0', '1', '10:00:00', '20:00:00');
INSERT INTO `tbl_office_time` VALUES ('739', '105', '0', '2', '10:00:00', '20:00:00');
INSERT INTO `tbl_office_time` VALUES ('740', '105', '0', '3', '10:00:00', '20:00:00');
INSERT INTO `tbl_office_time` VALUES ('741', '105', '0', '4', '10:00:00', '20:00:00');
INSERT INTO `tbl_office_time` VALUES ('742', '105', '0', '5', '10:00:00', '20:00:00');
INSERT INTO `tbl_office_time` VALUES ('743', '105', '0', '6', '00:00:00', '00:00:00');
INSERT INTO `tbl_office_time` VALUES ('744', '106', '0', '0', '10:00:00', '20:00:00');
INSERT INTO `tbl_office_time` VALUES ('745', '106', '0', '1', '10:00:00', '20:00:00');
INSERT INTO `tbl_office_time` VALUES ('746', '106', '0', '2', '10:00:00', '20:00:00');
INSERT INTO `tbl_office_time` VALUES ('747', '106', '0', '3', '10:00:00', '20:00:00');
INSERT INTO `tbl_office_time` VALUES ('748', '106', '0', '4', '10:00:00', '20:00:00');
INSERT INTO `tbl_office_time` VALUES ('749', '106', '0', '5', '10:00:00', '20:00:00');
INSERT INTO `tbl_office_time` VALUES ('750', '106', '0', '6', '00:00:00', '00:00:00');
INSERT INTO `tbl_office_time` VALUES ('751', '107', '0', '0', '10:00:00', '20:00:00');
INSERT INTO `tbl_office_time` VALUES ('752', '107', '0', '1', '10:00:00', '20:00:00');
INSERT INTO `tbl_office_time` VALUES ('753', '107', '0', '2', '10:00:00', '20:00:00');
INSERT INTO `tbl_office_time` VALUES ('754', '107', '0', '3', '00:00:00', '00:00:00');
INSERT INTO `tbl_office_time` VALUES ('755', '107', '0', '4', '10:00:00', '00:00:00');
INSERT INTO `tbl_office_time` VALUES ('756', '107', '0', '5', '10:00:00', '20:00:00');
INSERT INTO `tbl_office_time` VALUES ('757', '107', '0', '6', '10:00:00', '20:00:00');
INSERT INTO `tbl_office_time` VALUES ('758', '108', '0', '0', '00:00:00', '00:00:00');
INSERT INTO `tbl_office_time` VALUES ('759', '108', '0', '1', '10:00:00', '20:00:00');
INSERT INTO `tbl_office_time` VALUES ('760', '108', '0', '2', '10:00:00', '20:00:00');
INSERT INTO `tbl_office_time` VALUES ('761', '108', '0', '3', '10:00:00', '20:00:00');
INSERT INTO `tbl_office_time` VALUES ('762', '108', '0', '4', '10:00:00', '20:00:00');
INSERT INTO `tbl_office_time` VALUES ('763', '108', '0', '5', '10:00:00', '20:00:00');
INSERT INTO `tbl_office_time` VALUES ('764', '108', '0', '6', '10:00:00', '20:00:00');
INSERT INTO `tbl_office_time` VALUES ('765', '109', '0', '0', '10:00:00', '20:00:00');
INSERT INTO `tbl_office_time` VALUES ('766', '109', '0', '1', '10:00:00', '20:00:00');
INSERT INTO `tbl_office_time` VALUES ('767', '109', '0', '2', '00:00:00', '00:00:00');
INSERT INTO `tbl_office_time` VALUES ('768', '109', '0', '3', '10:00:00', '20:00:00');
INSERT INTO `tbl_office_time` VALUES ('769', '109', '0', '4', '10:00:00', '20:00:00');
INSERT INTO `tbl_office_time` VALUES ('770', '109', '0', '5', '10:00:00', '20:00:00');
INSERT INTO `tbl_office_time` VALUES ('771', '109', '0', '6', '10:00:00', '20:00:00');
INSERT INTO `tbl_office_time` VALUES ('772', '110', '0', '0', '10:00:00', '20:00:00');
INSERT INTO `tbl_office_time` VALUES ('773', '110', '0', '1', '10:00:00', '20:00:00');
INSERT INTO `tbl_office_time` VALUES ('774', '110', '0', '2', '10:00:00', '20:00:00');
INSERT INTO `tbl_office_time` VALUES ('775', '110', '0', '3', '10:00:00', '20:00:00');
INSERT INTO `tbl_office_time` VALUES ('776', '110', '0', '4', '10:00:00', '20:00:00');
INSERT INTO `tbl_office_time` VALUES ('777', '110', '0', '5', '10:00:00', '20:00:00');
INSERT INTO `tbl_office_time` VALUES ('778', '110', '0', '6', '00:00:00', '00:00:00');
INSERT INTO `tbl_office_time` VALUES ('779', '111', '0', '0', '10:00:00', '20:00:00');
INSERT INTO `tbl_office_time` VALUES ('780', '111', '0', '1', '10:00:00', '20:00:00');
INSERT INTO `tbl_office_time` VALUES ('781', '111', '0', '2', '10:00:00', '20:00:00');
INSERT INTO `tbl_office_time` VALUES ('782', '111', '0', '3', '00:00:00', '00:00:00');
INSERT INTO `tbl_office_time` VALUES ('783', '111', '0', '4', '10:00:00', '20:00:00');
INSERT INTO `tbl_office_time` VALUES ('784', '111', '0', '5', '10:00:00', '20:00:00');
INSERT INTO `tbl_office_time` VALUES ('785', '111', '0', '6', '10:00:00', '20:00:00');
INSERT INTO `tbl_office_time` VALUES ('786', '112', '0', '0', '10:00:00', '20:00:00');
INSERT INTO `tbl_office_time` VALUES ('787', '112', '0', '1', '10:00:00', '20:00:00');
INSERT INTO `tbl_office_time` VALUES ('788', '112', '0', '2', '10:00:00', '20:00:00');
INSERT INTO `tbl_office_time` VALUES ('789', '112', '0', '3', '10:00:00', '20:00:00');
INSERT INTO `tbl_office_time` VALUES ('790', '112', '0', '4', '00:00:00', '00:00:00');
INSERT INTO `tbl_office_time` VALUES ('791', '112', '0', '5', '10:00:00', '20:00:00');
INSERT INTO `tbl_office_time` VALUES ('792', '112', '0', '6', '10:00:00', '20:00:00');
INSERT INTO `tbl_office_time` VALUES ('793', '113', '0', '0', '00:00:00', '00:00:00');
INSERT INTO `tbl_office_time` VALUES ('794', '113', '0', '1', '00:00:00', '00:00:00');
INSERT INTO `tbl_office_time` VALUES ('795', '113', '0', '2', '00:00:00', '00:00:00');
INSERT INTO `tbl_office_time` VALUES ('796', '113', '0', '3', '00:00:00', '00:00:00');
INSERT INTO `tbl_office_time` VALUES ('797', '113', '0', '4', '00:00:00', '00:00:00');
INSERT INTO `tbl_office_time` VALUES ('798', '113', '0', '5', '00:00:00', '00:00:00');
INSERT INTO `tbl_office_time` VALUES ('799', '113', '0', '6', '00:00:00', '00:00:00');
INSERT INTO `tbl_office_time` VALUES ('800', '114', '0', '0', '00:00:00', '00:00:00');
INSERT INTO `tbl_office_time` VALUES ('801', '114', '0', '1', '00:00:00', '00:00:00');
INSERT INTO `tbl_office_time` VALUES ('802', '114', '0', '2', '00:00:00', '00:00:00');
INSERT INTO `tbl_office_time` VALUES ('803', '114', '0', '3', '00:00:00', '00:00:00');
INSERT INTO `tbl_office_time` VALUES ('804', '114', '0', '4', '00:00:00', '00:00:00');
INSERT INTO `tbl_office_time` VALUES ('805', '114', '0', '5', '00:00:00', '00:00:00');
INSERT INTO `tbl_office_time` VALUES ('806', '114', '0', '6', '00:00:00', '00:00:00');
INSERT INTO `tbl_office_time` VALUES ('807', '115', '0', '0', '00:00:00', '00:00:00');
INSERT INTO `tbl_office_time` VALUES ('808', '115', '0', '1', '00:00:00', '00:00:00');
INSERT INTO `tbl_office_time` VALUES ('809', '115', '0', '2', '00:00:00', '00:00:00');
INSERT INTO `tbl_office_time` VALUES ('810', '115', '0', '3', '00:00:00', '00:00:00');
INSERT INTO `tbl_office_time` VALUES ('811', '115', '0', '4', '00:00:00', '00:00:00');
INSERT INTO `tbl_office_time` VALUES ('812', '115', '0', '5', '00:00:00', '00:00:00');
INSERT INTO `tbl_office_time` VALUES ('813', '115', '0', '6', '00:00:00', '00:00:00');
INSERT INTO `tbl_office_time` VALUES ('814', '116', '0', '0', '00:00:00', '00:00:00');
INSERT INTO `tbl_office_time` VALUES ('815', '116', '0', '1', '00:00:00', '00:00:00');
INSERT INTO `tbl_office_time` VALUES ('816', '116', '0', '2', '00:00:00', '00:00:00');
INSERT INTO `tbl_office_time` VALUES ('817', '116', '0', '3', '00:00:00', '00:00:00');
INSERT INTO `tbl_office_time` VALUES ('818', '116', '0', '4', '00:00:00', '00:00:00');
INSERT INTO `tbl_office_time` VALUES ('819', '116', '0', '5', '00:00:00', '00:00:00');
INSERT INTO `tbl_office_time` VALUES ('820', '116', '0', '6', '00:00:00', '00:00:00');
INSERT INTO `tbl_office_time` VALUES ('821', '117', '0', '0', '00:00:00', '00:00:00');
INSERT INTO `tbl_office_time` VALUES ('822', '117', '0', '1', '00:00:00', '00:00:00');
INSERT INTO `tbl_office_time` VALUES ('823', '117', '0', '2', '00:00:00', '00:00:00');
INSERT INTO `tbl_office_time` VALUES ('824', '117', '0', '3', '00:00:00', '00:00:00');
INSERT INTO `tbl_office_time` VALUES ('825', '117', '0', '4', '00:00:00', '00:00:00');
INSERT INTO `tbl_office_time` VALUES ('826', '117', '0', '5', '00:00:00', '00:00:00');
INSERT INTO `tbl_office_time` VALUES ('827', '117', '0', '6', '00:00:00', '00:00:00');
INSERT INTO `tbl_office_time` VALUES ('828', '118', '0', '0', '09:00:00', '18:00:00');
INSERT INTO `tbl_office_time` VALUES ('829', '118', '0', '1', '09:00:00', '18:00:00');
INSERT INTO `tbl_office_time` VALUES ('830', '118', '0', '2', '09:00:00', '18:00:00');
INSERT INTO `tbl_office_time` VALUES ('831', '118', '0', '3', '09:00:00', '18:00:00');
INSERT INTO `tbl_office_time` VALUES ('832', '118', '0', '4', '09:00:00', '18:00:00');
INSERT INTO `tbl_office_time` VALUES ('833', '118', '0', '5', '00:00:00', '00:00:00');
INSERT INTO `tbl_office_time` VALUES ('834', '118', '0', '6', '09:00:00', '18:00:00');
INSERT INTO `tbl_office_time` VALUES ('835', '119', '0', '0', '00:00:00', '00:00:00');
INSERT INTO `tbl_office_time` VALUES ('836', '119', '0', '1', '00:00:00', '00:00:00');
INSERT INTO `tbl_office_time` VALUES ('837', '119', '0', '2', '00:00:00', '00:00:00');
INSERT INTO `tbl_office_time` VALUES ('838', '119', '0', '3', '00:00:00', '00:00:00');
INSERT INTO `tbl_office_time` VALUES ('839', '119', '0', '4', '00:00:00', '00:00:00');
INSERT INTO `tbl_office_time` VALUES ('840', '119', '0', '5', '00:00:00', '00:00:00');
INSERT INTO `tbl_office_time` VALUES ('841', '119', '0', '6', '00:00:00', '00:00:00');
INSERT INTO `tbl_office_time` VALUES ('842', '120', '0', '0', '00:00:00', '00:00:00');
INSERT INTO `tbl_office_time` VALUES ('843', '120', '0', '1', '10:00:00', '20:00:00');
INSERT INTO `tbl_office_time` VALUES ('844', '120', '0', '2', '10:00:00', '20:00:00');
INSERT INTO `tbl_office_time` VALUES ('845', '120', '0', '3', '10:00:00', '20:00:00');
INSERT INTO `tbl_office_time` VALUES ('846', '120', '0', '4', '10:00:00', '20:00:00');
INSERT INTO `tbl_office_time` VALUES ('847', '120', '0', '5', '10:00:00', '20:00:00');
INSERT INTO `tbl_office_time` VALUES ('848', '120', '0', '6', '10:00:00', '20:00:00');
INSERT INTO `tbl_office_time` VALUES ('849', '121', '0', '0', '00:00:00', '00:00:00');
INSERT INTO `tbl_office_time` VALUES ('850', '121', '0', '1', '10:00:00', '10:00:00');
INSERT INTO `tbl_office_time` VALUES ('851', '121', '0', '2', '10:00:00', '10:00:00');
INSERT INTO `tbl_office_time` VALUES ('852', '121', '0', '3', '10:00:00', '10:00:00');
INSERT INTO `tbl_office_time` VALUES ('853', '121', '0', '4', '10:00:00', '10:00:00');
INSERT INTO `tbl_office_time` VALUES ('854', '121', '0', '5', '10:00:00', '10:00:00');
INSERT INTO `tbl_office_time` VALUES ('855', '121', '0', '6', '10:00:00', '10:00:00');
INSERT INTO `tbl_office_time` VALUES ('856', '122', '0', '0', '00:00:00', '00:00:00');
INSERT INTO `tbl_office_time` VALUES ('857', '122', '0', '1', '10:00:00', '20:00:00');
INSERT INTO `tbl_office_time` VALUES ('858', '122', '0', '2', '10:00:00', '20:00:00');
INSERT INTO `tbl_office_time` VALUES ('859', '122', '0', '3', '10:00:00', '20:00:00');
INSERT INTO `tbl_office_time` VALUES ('860', '122', '0', '4', '10:00:00', '20:00:00');
INSERT INTO `tbl_office_time` VALUES ('861', '122', '0', '5', '10:00:00', '20:00:00');
INSERT INTO `tbl_office_time` VALUES ('862', '122', '0', '6', '10:00:00', '20:00:00');
INSERT INTO `tbl_office_time` VALUES ('863', '123', '0', '0', '00:00:00', '00:00:00');
INSERT INTO `tbl_office_time` VALUES ('864', '123', '0', '1', '10:00:00', '20:00:00');
INSERT INTO `tbl_office_time` VALUES ('865', '123', '0', '2', '10:00:00', '20:00:00');
INSERT INTO `tbl_office_time` VALUES ('866', '123', '0', '3', '10:00:00', '20:00:00');
INSERT INTO `tbl_office_time` VALUES ('867', '123', '0', '4', '10:00:00', '20:00:00');
INSERT INTO `tbl_office_time` VALUES ('868', '123', '0', '5', '10:00:00', '20:00:00');
INSERT INTO `tbl_office_time` VALUES ('869', '123', '0', '6', '10:00:00', '20:00:00');
INSERT INTO `tbl_office_time` VALUES ('870', '124', '0', '0', '00:00:00', '00:00:00');
INSERT INTO `tbl_office_time` VALUES ('871', '124', '0', '1', '10:00:00', '20:00:00');
INSERT INTO `tbl_office_time` VALUES ('872', '124', '0', '2', '10:00:00', '20:00:00');
INSERT INTO `tbl_office_time` VALUES ('873', '124', '0', '3', '10:00:00', '20:00:00');
INSERT INTO `tbl_office_time` VALUES ('874', '124', '0', '4', '10:00:00', '20:00:00');
INSERT INTO `tbl_office_time` VALUES ('875', '124', '0', '5', '10:00:00', '20:00:00');
INSERT INTO `tbl_office_time` VALUES ('876', '124', '0', '6', '10:00:00', '20:00:00');
INSERT INTO `tbl_office_time` VALUES ('877', '125', '0', '0', '00:00:00', '00:00:00');
INSERT INTO `tbl_office_time` VALUES ('878', '125', '0', '1', '10:00:00', '20:00:00');
INSERT INTO `tbl_office_time` VALUES ('879', '125', '0', '2', '10:00:00', '20:00:00');
INSERT INTO `tbl_office_time` VALUES ('880', '125', '0', '3', '10:00:00', '20:00:00');
INSERT INTO `tbl_office_time` VALUES ('881', '125', '0', '4', '10:00:00', '20:00:00');
INSERT INTO `tbl_office_time` VALUES ('882', '125', '0', '5', '10:00:00', '20:00:00');
INSERT INTO `tbl_office_time` VALUES ('883', '125', '0', '6', '10:00:00', '20:00:00');
INSERT INTO `tbl_office_time` VALUES ('884', '126', '0', '0', '00:00:00', '00:00:00');
INSERT INTO `tbl_office_time` VALUES ('885', '126', '0', '1', '10:00:00', '20:00:00');
INSERT INTO `tbl_office_time` VALUES ('886', '126', '0', '2', '10:00:00', '20:00:00');
INSERT INTO `tbl_office_time` VALUES ('887', '126', '0', '3', '10:00:00', '20:00:00');
INSERT INTO `tbl_office_time` VALUES ('888', '126', '0', '4', '10:00:00', '20:00:00');
INSERT INTO `tbl_office_time` VALUES ('889', '126', '0', '5', '10:00:00', '20:00:00');
INSERT INTO `tbl_office_time` VALUES ('890', '126', '0', '6', '10:00:00', '20:00:00');
INSERT INTO `tbl_office_time` VALUES ('891', '127', '0', '0', '00:00:00', '00:00:00');
INSERT INTO `tbl_office_time` VALUES ('892', '127', '0', '1', '10:00:00', '20:00:00');
INSERT INTO `tbl_office_time` VALUES ('893', '127', '0', '2', '10:00:00', '20:00:00');
INSERT INTO `tbl_office_time` VALUES ('894', '127', '0', '3', '10:00:00', '20:00:00');
INSERT INTO `tbl_office_time` VALUES ('895', '127', '0', '4', '10:00:00', '20:00:00');
INSERT INTO `tbl_office_time` VALUES ('896', '127', '0', '5', '10:00:00', '20:00:00');
INSERT INTO `tbl_office_time` VALUES ('897', '127', '0', '6', '10:00:00', '20:00:00');
INSERT INTO `tbl_office_time` VALUES ('898', '128', '0', '0', '10:00:00', '00:00:00');
INSERT INTO `tbl_office_time` VALUES ('899', '128', '0', '1', '10:00:00', '20:00:00');
INSERT INTO `tbl_office_time` VALUES ('900', '128', '0', '2', '10:00:00', '20:00:00');
INSERT INTO `tbl_office_time` VALUES ('901', '128', '0', '3', '10:00:00', '20:00:00');
INSERT INTO `tbl_office_time` VALUES ('902', '128', '0', '4', '10:00:00', '20:00:00');
INSERT INTO `tbl_office_time` VALUES ('903', '128', '0', '5', '10:00:00', '20:00:00');
INSERT INTO `tbl_office_time` VALUES ('904', '128', '0', '6', '10:00:00', '20:00:00');
INSERT INTO `tbl_office_time` VALUES ('905', '129', '0', '0', '00:00:00', '00:00:00');
INSERT INTO `tbl_office_time` VALUES ('906', '129', '0', '1', '10:00:00', '20:00:00');
INSERT INTO `tbl_office_time` VALUES ('907', '129', '0', '2', '10:00:00', '20:00:00');
INSERT INTO `tbl_office_time` VALUES ('908', '129', '0', '3', '10:00:00', '20:00:00');
INSERT INTO `tbl_office_time` VALUES ('909', '129', '0', '4', '10:00:00', '20:00:00');
INSERT INTO `tbl_office_time` VALUES ('910', '129', '0', '5', '10:00:00', '20:00:00');
INSERT INTO `tbl_office_time` VALUES ('911', '129', '0', '6', '10:00:00', '20:00:00');
INSERT INTO `tbl_office_time` VALUES ('912', '130', '0', '0', '00:00:00', '00:00:00');
INSERT INTO `tbl_office_time` VALUES ('913', '130', '0', '1', '10:00:00', '00:00:00');
INSERT INTO `tbl_office_time` VALUES ('914', '130', '0', '2', '10:00:00', '00:00:00');
INSERT INTO `tbl_office_time` VALUES ('915', '130', '0', '3', '10:00:00', '00:00:00');
INSERT INTO `tbl_office_time` VALUES ('916', '130', '0', '4', '10:00:00', '00:00:00');
INSERT INTO `tbl_office_time` VALUES ('917', '130', '0', '5', '10:00:00', '00:00:00');
INSERT INTO `tbl_office_time` VALUES ('918', '130', '0', '6', '10:00:00', '00:00:00');
INSERT INTO `tbl_office_time` VALUES ('919', '131', '0', '0', '00:00:00', '00:00:00');
INSERT INTO `tbl_office_time` VALUES ('920', '131', '0', '1', '10:00:00', '20:00:00');
INSERT INTO `tbl_office_time` VALUES ('921', '131', '0', '2', '10:00:00', '20:00:00');
INSERT INTO `tbl_office_time` VALUES ('922', '131', '0', '3', '10:00:00', '20:00:00');
INSERT INTO `tbl_office_time` VALUES ('923', '131', '0', '4', '10:00:00', '20:00:00');
INSERT INTO `tbl_office_time` VALUES ('924', '131', '0', '5', '10:00:00', '20:00:00');
INSERT INTO `tbl_office_time` VALUES ('925', '131', '0', '6', '10:00:00', '20:00:00');
INSERT INTO `tbl_office_time` VALUES ('926', '132', '0', '0', '00:00:00', '00:00:00');
INSERT INTO `tbl_office_time` VALUES ('927', '132', '0', '1', '10:00:00', '00:00:00');
INSERT INTO `tbl_office_time` VALUES ('928', '132', '0', '2', '10:00:00', '00:00:00');
INSERT INTO `tbl_office_time` VALUES ('929', '132', '0', '3', '10:00:00', '00:00:00');
INSERT INTO `tbl_office_time` VALUES ('930', '132', '0', '4', '10:00:00', '00:00:00');
INSERT INTO `tbl_office_time` VALUES ('931', '132', '0', '5', '10:00:00', '00:00:00');
INSERT INTO `tbl_office_time` VALUES ('932', '132', '0', '6', '10:00:00', '00:00:00');
INSERT INTO `tbl_office_time` VALUES ('933', '133', '0', '0', '00:00:00', '00:00:00');
INSERT INTO `tbl_office_time` VALUES ('934', '133', '0', '1', '10:00:00', '00:00:00');
INSERT INTO `tbl_office_time` VALUES ('935', '133', '0', '2', '10:00:00', '20:00:00');
INSERT INTO `tbl_office_time` VALUES ('936', '133', '0', '3', '10:00:00', '20:00:00');
INSERT INTO `tbl_office_time` VALUES ('937', '133', '0', '4', '10:00:00', '20:00:00');
INSERT INTO `tbl_office_time` VALUES ('938', '133', '0', '5', '10:00:00', '20:00:00');
INSERT INTO `tbl_office_time` VALUES ('939', '133', '0', '6', '10:00:00', '20:00:00');
INSERT INTO `tbl_office_time` VALUES ('940', '134', '0', '0', '00:00:00', '00:00:00');
INSERT INTO `tbl_office_time` VALUES ('941', '134', '0', '1', '10:00:00', '20:00:00');
INSERT INTO `tbl_office_time` VALUES ('942', '134', '0', '2', '10:00:00', '20:00:00');
INSERT INTO `tbl_office_time` VALUES ('943', '134', '0', '3', '10:00:00', '20:00:00');
INSERT INTO `tbl_office_time` VALUES ('944', '134', '0', '4', '10:00:00', '20:00:00');
INSERT INTO `tbl_office_time` VALUES ('945', '134', '0', '5', '10:00:00', '20:00:00');
INSERT INTO `tbl_office_time` VALUES ('946', '134', '0', '6', '10:00:00', '20:00:00');
INSERT INTO `tbl_office_time` VALUES ('947', '135', '0', '0', '10:00:00', '00:00:00');
INSERT INTO `tbl_office_time` VALUES ('948', '135', '0', '1', '10:00:00', '00:00:00');
INSERT INTO `tbl_office_time` VALUES ('949', '135', '0', '2', '10:00:00', '00:00:00');
INSERT INTO `tbl_office_time` VALUES ('950', '135', '0', '3', '10:00:00', '00:00:00');
INSERT INTO `tbl_office_time` VALUES ('951', '135', '0', '4', '10:00:00', '00:00:00');
INSERT INTO `tbl_office_time` VALUES ('952', '135', '0', '5', '00:00:00', '00:00:00');
INSERT INTO `tbl_office_time` VALUES ('953', '135', '0', '6', '10:00:00', '00:00:00');
INSERT INTO `tbl_office_time` VALUES ('954', '136', '0', '0', '00:00:00', '00:00:00');
INSERT INTO `tbl_office_time` VALUES ('955', '136', '0', '1', '10:00:00', '20:00:00');
INSERT INTO `tbl_office_time` VALUES ('956', '136', '0', '2', '10:00:00', '20:00:00');
INSERT INTO `tbl_office_time` VALUES ('957', '136', '0', '3', '10:00:00', '20:00:00');
INSERT INTO `tbl_office_time` VALUES ('958', '136', '0', '4', '10:00:00', '20:00:00');
INSERT INTO `tbl_office_time` VALUES ('959', '136', '0', '5', '10:00:00', '20:00:00');
INSERT INTO `tbl_office_time` VALUES ('960', '136', '0', '6', '10:00:00', '20:00:00');
INSERT INTO `tbl_office_time` VALUES ('961', '137', '0', '0', '00:00:00', '00:00:00');
INSERT INTO `tbl_office_time` VALUES ('962', '137', '0', '1', '10:00:00', '20:00:00');
INSERT INTO `tbl_office_time` VALUES ('963', '137', '0', '2', '10:00:00', '20:00:00');
INSERT INTO `tbl_office_time` VALUES ('964', '137', '0', '3', '10:00:00', '20:00:00');
INSERT INTO `tbl_office_time` VALUES ('965', '137', '0', '4', '10:00:00', '20:00:00');
INSERT INTO `tbl_office_time` VALUES ('966', '137', '0', '5', '10:00:00', '20:00:00');
INSERT INTO `tbl_office_time` VALUES ('967', '137', '0', '6', '10:00:00', '20:00:00');
INSERT INTO `tbl_office_time` VALUES ('968', '138', '0', '0', '09:00:00', '18:00:00');
INSERT INTO `tbl_office_time` VALUES ('969', '138', '0', '1', '09:00:00', '18:00:00');
INSERT INTO `tbl_office_time` VALUES ('970', '138', '0', '2', '09:00:00', '18:00:00');
INSERT INTO `tbl_office_time` VALUES ('971', '138', '0', '3', '09:00:00', '18:00:00');
INSERT INTO `tbl_office_time` VALUES ('972', '138', '0', '4', '09:00:00', '18:00:00');
INSERT INTO `tbl_office_time` VALUES ('973', '138', '0', '5', '00:00:00', '00:00:00');
INSERT INTO `tbl_office_time` VALUES ('974', '138', '0', '6', '09:00:00', '18:00:00');
INSERT INTO `tbl_office_time` VALUES ('975', '139', '0', '0', '00:00:00', '00:00:00');
INSERT INTO `tbl_office_time` VALUES ('976', '139', '0', '1', '10:00:00', '20:00:00');
INSERT INTO `tbl_office_time` VALUES ('977', '139', '0', '2', '10:00:00', '20:00:00');
INSERT INTO `tbl_office_time` VALUES ('978', '139', '0', '3', '10:00:00', '20:00:00');
INSERT INTO `tbl_office_time` VALUES ('979', '139', '0', '4', '10:00:00', '20:00:00');
INSERT INTO `tbl_office_time` VALUES ('980', '139', '0', '5', '10:00:00', '20:00:00');
INSERT INTO `tbl_office_time` VALUES ('981', '139', '0', '6', '10:00:00', '20:00:00');
INSERT INTO `tbl_office_time` VALUES ('982', '140', '0', '0', '09:00:00', '18:00:00');
INSERT INTO `tbl_office_time` VALUES ('983', '140', '0', '1', '09:00:00', '18:00:00');
INSERT INTO `tbl_office_time` VALUES ('984', '140', '0', '2', '09:00:00', '18:00:00');
INSERT INTO `tbl_office_time` VALUES ('985', '140', '0', '3', '09:00:00', '18:00:00');
INSERT INTO `tbl_office_time` VALUES ('986', '140', '0', '4', '09:00:00', '18:00:00');
INSERT INTO `tbl_office_time` VALUES ('987', '140', '0', '5', '00:00:00', '00:00:00');
INSERT INTO `tbl_office_time` VALUES ('988', '140', '0', '6', '09:00:00', '18:00:00');
INSERT INTO `tbl_office_time` VALUES ('989', '141', '0', '0', '00:00:00', '00:00:00');
INSERT INTO `tbl_office_time` VALUES ('990', '141', '0', '1', '10:00:00', '20:00:00');
INSERT INTO `tbl_office_time` VALUES ('991', '141', '0', '2', '10:00:00', '20:00:00');
INSERT INTO `tbl_office_time` VALUES ('992', '141', '0', '3', '10:00:00', '20:00:00');
INSERT INTO `tbl_office_time` VALUES ('993', '141', '0', '4', '10:00:00', '20:00:00');
INSERT INTO `tbl_office_time` VALUES ('994', '141', '0', '5', '10:00:00', '20:00:00');
INSERT INTO `tbl_office_time` VALUES ('995', '141', '0', '6', '10:00:00', '20:00:00');
INSERT INTO `tbl_office_time` VALUES ('996', '142', '0', '0', '00:00:00', '00:00:00');
INSERT INTO `tbl_office_time` VALUES ('997', '142', '0', '1', '10:00:00', '20:00:00');
INSERT INTO `tbl_office_time` VALUES ('998', '142', '0', '2', '10:00:00', '20:00:00');
INSERT INTO `tbl_office_time` VALUES ('999', '142', '0', '3', '10:00:00', '20:00:00');
INSERT INTO `tbl_office_time` VALUES ('1000', '142', '0', '4', '10:00:00', '20:00:00');
INSERT INTO `tbl_office_time` VALUES ('1001', '142', '0', '5', '10:00:00', '20:00:00');
INSERT INTO `tbl_office_time` VALUES ('1002', '142', '0', '6', '10:00:00', '20:00:00');
INSERT INTO `tbl_office_time` VALUES ('1003', '143', '0', '0', '00:00:00', '00:00:00');
INSERT INTO `tbl_office_time` VALUES ('1004', '143', '0', '1', '10:00:00', '20:00:00');
INSERT INTO `tbl_office_time` VALUES ('1005', '143', '0', '2', '10:00:00', '20:00:00');
INSERT INTO `tbl_office_time` VALUES ('1006', '143', '0', '3', '10:00:00', '20:00:00');
INSERT INTO `tbl_office_time` VALUES ('1007', '143', '0', '4', '10:00:00', '20:00:00');
INSERT INTO `tbl_office_time` VALUES ('1008', '143', '0', '5', '10:00:00', '20:00:00');
INSERT INTO `tbl_office_time` VALUES ('1009', '143', '0', '6', '10:00:00', '20:00:00');
INSERT INTO `tbl_office_time` VALUES ('1010', '144', '0', '0', '00:00:00', '00:00:00');
INSERT INTO `tbl_office_time` VALUES ('1011', '144', '0', '1', '10:00:00', '20:00:00');
INSERT INTO `tbl_office_time` VALUES ('1012', '144', '0', '2', '10:00:00', '20:00:00');
INSERT INTO `tbl_office_time` VALUES ('1013', '144', '0', '3', '10:00:00', '20:00:00');
INSERT INTO `tbl_office_time` VALUES ('1014', '144', '0', '4', '10:00:00', '20:00:00');
INSERT INTO `tbl_office_time` VALUES ('1015', '144', '0', '5', '10:00:00', '20:00:00');
INSERT INTO `tbl_office_time` VALUES ('1016', '144', '0', '6', '10:00:00', '20:00:00');
INSERT INTO `tbl_office_time` VALUES ('1017', '145', '0', '0', '00:00:00', '00:00:00');
INSERT INTO `tbl_office_time` VALUES ('1018', '145', '0', '1', '10:00:00', '20:00:00');
INSERT INTO `tbl_office_time` VALUES ('1019', '145', '0', '2', '10:00:00', '20:00:00');
INSERT INTO `tbl_office_time` VALUES ('1020', '145', '0', '3', '10:00:00', '20:00:00');
INSERT INTO `tbl_office_time` VALUES ('1021', '145', '0', '4', '10:00:00', '20:00:00');
INSERT INTO `tbl_office_time` VALUES ('1022', '145', '0', '5', '10:00:00', '20:00:00');
INSERT INTO `tbl_office_time` VALUES ('1023', '145', '0', '6', '10:00:00', '20:00:00');
INSERT INTO `tbl_office_time` VALUES ('1024', '146', '0', '0', '00:00:00', '00:00:00');
INSERT INTO `tbl_office_time` VALUES ('1025', '146', '0', '1', '10:00:00', '20:00:00');
INSERT INTO `tbl_office_time` VALUES ('1026', '146', '0', '2', '10:00:00', '20:00:00');
INSERT INTO `tbl_office_time` VALUES ('1027', '146', '0', '3', '10:00:00', '20:00:00');
INSERT INTO `tbl_office_time` VALUES ('1028', '146', '0', '4', '10:00:00', '20:00:00');
INSERT INTO `tbl_office_time` VALUES ('1029', '146', '0', '5', '10:00:00', '20:00:00');
INSERT INTO `tbl_office_time` VALUES ('1030', '146', '0', '6', '10:00:00', '20:00:00');
INSERT INTO `tbl_office_time` VALUES ('1031', '147', '0', '0', '00:00:00', '00:00:00');
INSERT INTO `tbl_office_time` VALUES ('1032', '147', '0', '1', '10:00:00', '20:00:00');
INSERT INTO `tbl_office_time` VALUES ('1033', '147', '0', '2', '10:00:00', '20:00:00');
INSERT INTO `tbl_office_time` VALUES ('1034', '147', '0', '3', '10:00:00', '20:00:00');
INSERT INTO `tbl_office_time` VALUES ('1035', '147', '0', '4', '10:00:00', '20:00:00');
INSERT INTO `tbl_office_time` VALUES ('1036', '147', '0', '5', '10:00:00', '20:00:00');
INSERT INTO `tbl_office_time` VALUES ('1037', '147', '0', '6', '10:00:00', '20:00:00');
INSERT INTO `tbl_office_time` VALUES ('1038', '148', '0', '0', '00:00:00', '00:00:00');
INSERT INTO `tbl_office_time` VALUES ('1039', '148', '0', '1', '10:00:00', '20:00:00');
INSERT INTO `tbl_office_time` VALUES ('1040', '148', '0', '2', '10:00:00', '20:00:00');
INSERT INTO `tbl_office_time` VALUES ('1041', '148', '0', '3', '10:00:00', '20:00:00');
INSERT INTO `tbl_office_time` VALUES ('1042', '148', '0', '4', '10:00:00', '20:00:00');
INSERT INTO `tbl_office_time` VALUES ('1043', '148', '0', '5', '10:00:00', '20:00:00');
INSERT INTO `tbl_office_time` VALUES ('1044', '148', '0', '6', '10:00:00', '20:00:00');
INSERT INTO `tbl_office_time` VALUES ('1045', '149', '0', '0', '00:00:00', '00:00:00');
INSERT INTO `tbl_office_time` VALUES ('1046', '149', '0', '1', '10:00:00', '20:00:00');
INSERT INTO `tbl_office_time` VALUES ('1047', '149', '0', '2', '10:00:00', '20:00:00');
INSERT INTO `tbl_office_time` VALUES ('1048', '149', '0', '3', '10:00:00', '20:00:00');
INSERT INTO `tbl_office_time` VALUES ('1049', '149', '0', '4', '10:00:00', '20:00:00');
INSERT INTO `tbl_office_time` VALUES ('1050', '149', '0', '5', '10:00:00', '20:00:00');
INSERT INTO `tbl_office_time` VALUES ('1051', '149', '0', '6', '10:00:00', '20:00:00');
INSERT INTO `tbl_office_time` VALUES ('1052', '150', '0', '0', '00:00:00', '00:00:00');
INSERT INTO `tbl_office_time` VALUES ('1053', '150', '0', '1', '10:00:00', '20:00:00');
INSERT INTO `tbl_office_time` VALUES ('1054', '150', '0', '2', '10:00:00', '20:00:00');
INSERT INTO `tbl_office_time` VALUES ('1055', '150', '0', '3', '10:00:00', '20:00:00');
INSERT INTO `tbl_office_time` VALUES ('1056', '150', '0', '4', '10:00:00', '20:00:00');
INSERT INTO `tbl_office_time` VALUES ('1057', '150', '0', '5', '10:00:00', '20:00:00');
INSERT INTO `tbl_office_time` VALUES ('1058', '150', '0', '6', '10:00:00', '20:00:00');
INSERT INTO `tbl_office_time` VALUES ('1059', '151', '0', '0', '00:00:00', '00:00:00');
INSERT INTO `tbl_office_time` VALUES ('1060', '151', '0', '1', '10:00:00', '20:00:00');
INSERT INTO `tbl_office_time` VALUES ('1061', '151', '0', '2', '10:00:00', '20:00:00');
INSERT INTO `tbl_office_time` VALUES ('1062', '151', '0', '3', '10:00:00', '20:00:00');
INSERT INTO `tbl_office_time` VALUES ('1063', '151', '0', '4', '10:00:00', '20:00:00');
INSERT INTO `tbl_office_time` VALUES ('1064', '151', '0', '5', '10:00:00', '20:00:00');
INSERT INTO `tbl_office_time` VALUES ('1065', '151', '0', '6', '10:00:00', '20:00:00');
INSERT INTO `tbl_office_time` VALUES ('1066', '152', '0', '0', '00:00:00', '00:00:00');
INSERT INTO `tbl_office_time` VALUES ('1067', '152', '0', '1', '10:00:00', '20:00:00');
INSERT INTO `tbl_office_time` VALUES ('1068', '152', '0', '2', '10:00:00', '20:00:00');
INSERT INTO `tbl_office_time` VALUES ('1069', '152', '0', '3', '10:00:00', '20:00:00');
INSERT INTO `tbl_office_time` VALUES ('1070', '152', '0', '4', '10:00:00', '20:00:00');
INSERT INTO `tbl_office_time` VALUES ('1071', '152', '0', '5', '10:00:00', '20:00:00');
INSERT INTO `tbl_office_time` VALUES ('1072', '152', '0', '6', '10:00:00', '20:00:00');
INSERT INTO `tbl_office_time` VALUES ('1073', '153', '0', '0', '13:00:00', '22:00:00');
INSERT INTO `tbl_office_time` VALUES ('1074', '153', '0', '1', '13:00:00', '22:00:00');
INSERT INTO `tbl_office_time` VALUES ('1075', '153', '0', '2', '00:00:00', '00:00:00');
INSERT INTO `tbl_office_time` VALUES ('1076', '153', '0', '3', '13:00:00', '22:00:00');
INSERT INTO `tbl_office_time` VALUES ('1077', '153', '0', '4', '13:00:00', '22:00:00');
INSERT INTO `tbl_office_time` VALUES ('1078', '153', '0', '5', '13:00:00', '22:00:00');
INSERT INTO `tbl_office_time` VALUES ('1079', '153', '0', '6', '13:00:00', '22:00:00');
INSERT INTO `tbl_office_time` VALUES ('1080', '154', '0', '0', '09:00:00', '18:00:00');
INSERT INTO `tbl_office_time` VALUES ('1081', '154', '0', '1', '09:00:00', '18:00:00');
INSERT INTO `tbl_office_time` VALUES ('1082', '154', '0', '2', '09:00:00', '18:00:00');
INSERT INTO `tbl_office_time` VALUES ('1083', '154', '0', '3', '09:00:00', '18:00:00');
INSERT INTO `tbl_office_time` VALUES ('1084', '154', '0', '4', '09:00:00', '18:00:00');
INSERT INTO `tbl_office_time` VALUES ('1085', '154', '0', '5', '09:00:00', '18:00:00');
INSERT INTO `tbl_office_time` VALUES ('1086', '154', '0', '6', '00:00:00', '00:00:00');
INSERT INTO `tbl_office_time` VALUES ('1087', '155', '0', '0', '09:00:00', '18:00:00');
INSERT INTO `tbl_office_time` VALUES ('1088', '155', '0', '1', '09:00:00', '18:00:00');
INSERT INTO `tbl_office_time` VALUES ('1089', '155', '0', '2', '09:00:00', '18:00:00');
INSERT INTO `tbl_office_time` VALUES ('1090', '155', '0', '3', '09:00:00', '18:00:00');
INSERT INTO `tbl_office_time` VALUES ('1091', '155', '0', '4', '09:00:00', '18:00:00');
INSERT INTO `tbl_office_time` VALUES ('1092', '155', '0', '5', '00:00:00', '00:00:00');
INSERT INTO `tbl_office_time` VALUES ('1093', '155', '0', '6', '09:00:00', '18:00:00');
INSERT INTO `tbl_office_time` VALUES ('1094', '156', '0', '0', '09:00:00', '18:00:00');
INSERT INTO `tbl_office_time` VALUES ('1095', '156', '0', '1', '09:00:00', '18:00:00');
INSERT INTO `tbl_office_time` VALUES ('1096', '156', '0', '2', '09:00:00', '18:00:00');
INSERT INTO `tbl_office_time` VALUES ('1097', '156', '0', '3', '09:00:00', '18:00:00');
INSERT INTO `tbl_office_time` VALUES ('1098', '156', '0', '4', '09:00:00', '18:00:00');
INSERT INTO `tbl_office_time` VALUES ('1099', '156', '0', '5', '00:00:00', '00:00:00');
INSERT INTO `tbl_office_time` VALUES ('1100', '156', '0', '6', '09:00:00', '18:00:00');
INSERT INTO `tbl_office_time` VALUES ('1101', '157', '0', '0', '09:00:00', '18:00:00');
INSERT INTO `tbl_office_time` VALUES ('1102', '157', '0', '1', '09:00:00', '18:00:00');
INSERT INTO `tbl_office_time` VALUES ('1103', '157', '0', '2', '09:00:00', '18:00:00');
INSERT INTO `tbl_office_time` VALUES ('1104', '157', '0', '3', '09:00:00', '18:00:00');
INSERT INTO `tbl_office_time` VALUES ('1105', '157', '0', '4', '09:00:00', '18:00:00');
INSERT INTO `tbl_office_time` VALUES ('1106', '157', '0', '5', '00:00:00', '00:00:00');
INSERT INTO `tbl_office_time` VALUES ('1107', '157', '0', '6', '09:00:00', '18:00:00');
INSERT INTO `tbl_office_time` VALUES ('1108', '158', '0', '0', '06:30:00', '15:30:00');
INSERT INTO `tbl_office_time` VALUES ('1109', '158', '0', '1', '06:30:00', '15:30:00');
INSERT INTO `tbl_office_time` VALUES ('1110', '158', '0', '2', '06:30:00', '15:30:00');
INSERT INTO `tbl_office_time` VALUES ('1111', '158', '0', '3', '06:30:00', '15:30:00');
INSERT INTO `tbl_office_time` VALUES ('1112', '158', '0', '4', '06:30:00', '15:30:00');
INSERT INTO `tbl_office_time` VALUES ('1113', '158', '0', '5', '00:00:00', '00:00:00');
INSERT INTO `tbl_office_time` VALUES ('1114', '158', '0', '6', '06:30:00', '15:30:00');
INSERT INTO `tbl_office_time` VALUES ('1115', '159', '0', '0', '06:30:00', '15:30:00');
INSERT INTO `tbl_office_time` VALUES ('1116', '159', '0', '1', '00:00:00', '00:00:00');
INSERT INTO `tbl_office_time` VALUES ('1117', '159', '0', '2', '06:30:00', '15:30:00');
INSERT INTO `tbl_office_time` VALUES ('1118', '159', '0', '3', '06:30:00', '15:30:00');
INSERT INTO `tbl_office_time` VALUES ('1119', '159', '0', '4', '06:30:00', '15:30:00');
INSERT INTO `tbl_office_time` VALUES ('1120', '159', '0', '5', '06:30:00', '15:30:00');
INSERT INTO `tbl_office_time` VALUES ('1121', '159', '0', '6', '06:30:00', '15:30:00');
INSERT INTO `tbl_office_time` VALUES ('1122', '160', '0', '0', '10:00:00', '20:00:00');
INSERT INTO `tbl_office_time` VALUES ('1123', '160', '0', '1', '10:00:00', '20:00:00');
INSERT INTO `tbl_office_time` VALUES ('1124', '160', '0', '2', '10:00:00', '20:00:00');
INSERT INTO `tbl_office_time` VALUES ('1125', '160', '0', '3', '10:00:00', '20:00:00');
INSERT INTO `tbl_office_time` VALUES ('1126', '160', '0', '4', '10:00:00', '20:00:00');
INSERT INTO `tbl_office_time` VALUES ('1127', '160', '0', '5', '10:00:00', '20:00:00');
INSERT INTO `tbl_office_time` VALUES ('1128', '160', '0', '6', '00:00:00', '00:00:00');
INSERT INTO `tbl_office_time` VALUES ('1129', '161', '0', '0', '06:30:00', '15:30:00');
INSERT INTO `tbl_office_time` VALUES ('1130', '161', '0', '1', '06:30:00', '15:30:00');
INSERT INTO `tbl_office_time` VALUES ('1131', '161', '0', '2', '06:30:00', '15:30:00');
INSERT INTO `tbl_office_time` VALUES ('1132', '161', '0', '3', '06:30:00', '15:30:00');
INSERT INTO `tbl_office_time` VALUES ('1133', '161', '0', '4', '06:30:00', '15:30:00');
INSERT INTO `tbl_office_time` VALUES ('1134', '161', '0', '5', '00:00:00', '00:00:00');
INSERT INTO `tbl_office_time` VALUES ('1135', '161', '0', '6', '06:30:00', '15:30:00');
INSERT INTO `tbl_office_time` VALUES ('1136', '162', '0', '0', '09:00:00', '18:00:00');
INSERT INTO `tbl_office_time` VALUES ('1137', '162', '0', '1', '09:00:00', '18:00:00');
INSERT INTO `tbl_office_time` VALUES ('1138', '162', '0', '2', '09:00:00', '18:00:00');
INSERT INTO `tbl_office_time` VALUES ('1139', '162', '0', '3', '09:00:00', '18:00:00');
INSERT INTO `tbl_office_time` VALUES ('1140', '162', '0', '4', '09:00:00', '18:00:00');
INSERT INTO `tbl_office_time` VALUES ('1141', '162', '0', '5', '00:00:00', '00:00:00');
INSERT INTO `tbl_office_time` VALUES ('1142', '162', '0', '6', '09:00:00', '18:00:00');
INSERT INTO `tbl_office_time` VALUES ('1143', '163', '0', '0', '09:00:00', '18:00:00');
INSERT INTO `tbl_office_time` VALUES ('1144', '163', '0', '1', '09:00:00', '18:00:00');
INSERT INTO `tbl_office_time` VALUES ('1145', '163', '0', '2', '09:00:00', '18:00:00');
INSERT INTO `tbl_office_time` VALUES ('1146', '163', '0', '3', '09:00:00', '18:00:00');
INSERT INTO `tbl_office_time` VALUES ('1147', '163', '0', '4', '09:00:00', '18:00:00');
INSERT INTO `tbl_office_time` VALUES ('1148', '163', '0', '5', '00:00:00', '00:00:00');
INSERT INTO `tbl_office_time` VALUES ('1149', '163', '0', '6', '09:00:00', '18:00:00');
INSERT INTO `tbl_office_time` VALUES ('1150', '164', '0', '0', '09:00:00', '18:00:00');
INSERT INTO `tbl_office_time` VALUES ('1151', '164', '0', '1', '09:00:00', '18:00:00');
INSERT INTO `tbl_office_time` VALUES ('1152', '164', '0', '2', '09:00:00', '18:00:00');
INSERT INTO `tbl_office_time` VALUES ('1153', '164', '0', '3', '09:00:00', '18:00:00');
INSERT INTO `tbl_office_time` VALUES ('1154', '164', '0', '4', '09:00:00', '18:00:00');
INSERT INTO `tbl_office_time` VALUES ('1155', '164', '0', '5', '00:00:00', '00:00:00');
INSERT INTO `tbl_office_time` VALUES ('1156', '164', '0', '6', '09:00:00', '18:00:00');
INSERT INTO `tbl_office_time` VALUES ('1157', '165', '0', '0', '09:00:00', '18:00:00');
INSERT INTO `tbl_office_time` VALUES ('1158', '165', '0', '1', '09:00:00', '18:00:00');
INSERT INTO `tbl_office_time` VALUES ('1159', '165', '0', '2', '09:00:00', '18:00:00');
INSERT INTO `tbl_office_time` VALUES ('1160', '165', '0', '3', '09:00:00', '18:00:00');
INSERT INTO `tbl_office_time` VALUES ('1161', '165', '0', '4', '09:00:00', '18:00:00');
INSERT INTO `tbl_office_time` VALUES ('1162', '165', '0', '5', '00:00:00', '00:00:00');
INSERT INTO `tbl_office_time` VALUES ('1163', '165', '0', '6', '09:00:00', '18:00:00');
INSERT INTO `tbl_office_time` VALUES ('1164', '166', '0', '0', '09:00:00', '18:00:00');
INSERT INTO `tbl_office_time` VALUES ('1165', '166', '0', '1', '09:00:00', '18:00:00');
INSERT INTO `tbl_office_time` VALUES ('1166', '166', '0', '2', '09:00:00', '18:00:00');
INSERT INTO `tbl_office_time` VALUES ('1167', '166', '0', '3', '09:00:00', '18:00:00');
INSERT INTO `tbl_office_time` VALUES ('1168', '166', '0', '4', '09:00:00', '18:00:00');
INSERT INTO `tbl_office_time` VALUES ('1169', '166', '0', '5', '09:00:00', '18:00:00');
INSERT INTO `tbl_office_time` VALUES ('1170', '166', '0', '6', '00:00:00', '00:00:00');
INSERT INTO `tbl_office_time` VALUES ('1171', '167', '0', '0', '09:00:00', '18:00:00');
INSERT INTO `tbl_office_time` VALUES ('1172', '167', '0', '1', '09:00:00', '18:00:00');
INSERT INTO `tbl_office_time` VALUES ('1173', '167', '0', '2', '09:00:00', '18:00:00');
INSERT INTO `tbl_office_time` VALUES ('1174', '167', '0', '3', '09:00:00', '18:00:00');
INSERT INTO `tbl_office_time` VALUES ('1175', '167', '0', '4', '09:00:00', '18:00:00');
INSERT INTO `tbl_office_time` VALUES ('1176', '167', '0', '5', '00:00:00', '00:00:00');
INSERT INTO `tbl_office_time` VALUES ('1177', '167', '0', '6', '09:00:00', '18:00:00');
INSERT INTO `tbl_office_time` VALUES ('1178', '168', '0', '0', '00:00:00', '00:00:00');
INSERT INTO `tbl_office_time` VALUES ('1179', '168', '0', '1', '09:00:00', '18:00:00');
INSERT INTO `tbl_office_time` VALUES ('1180', '168', '0', '2', '09:00:00', '18:00:00');
INSERT INTO `tbl_office_time` VALUES ('1181', '168', '0', '3', '09:00:00', '18:00:00');
INSERT INTO `tbl_office_time` VALUES ('1182', '168', '0', '4', '09:00:00', '18:00:00');
INSERT INTO `tbl_office_time` VALUES ('1183', '168', '0', '5', '09:00:00', '18:00:00');
INSERT INTO `tbl_office_time` VALUES ('1184', '168', '0', '6', '09:00:00', '18:00:00');
INSERT INTO `tbl_office_time` VALUES ('1185', '169', '0', '0', '00:00:00', '00:00:00');
INSERT INTO `tbl_office_time` VALUES ('1186', '169', '0', '1', '09:00:00', '00:00:00');
INSERT INTO `tbl_office_time` VALUES ('1187', '169', '0', '2', '09:00:00', '00:00:00');
INSERT INTO `tbl_office_time` VALUES ('1188', '169', '0', '3', '09:00:00', '00:00:00');
INSERT INTO `tbl_office_time` VALUES ('1189', '169', '0', '4', '09:00:00', '00:00:00');
INSERT INTO `tbl_office_time` VALUES ('1190', '169', '0', '5', '09:00:00', '00:00:00');
INSERT INTO `tbl_office_time` VALUES ('1191', '169', '0', '6', '09:00:00', '00:00:00');
INSERT INTO `tbl_office_time` VALUES ('1192', '170', '0', '0', '00:00:00', '00:00:00');
INSERT INTO `tbl_office_time` VALUES ('1193', '170', '0', '1', '09:00:00', '00:00:00');
INSERT INTO `tbl_office_time` VALUES ('1194', '170', '0', '2', '09:00:00', '00:00:00');
INSERT INTO `tbl_office_time` VALUES ('1195', '170', '0', '3', '09:00:00', '00:00:00');
INSERT INTO `tbl_office_time` VALUES ('1196', '170', '0', '4', '09:00:00', '00:00:00');
INSERT INTO `tbl_office_time` VALUES ('1197', '170', '0', '5', '09:00:00', '00:00:00');
INSERT INTO `tbl_office_time` VALUES ('1198', '170', '0', '6', '09:00:00', '00:00:00');
INSERT INTO `tbl_office_time` VALUES ('1199', '171', '0', '0', '00:00:00', '00:00:00');
INSERT INTO `tbl_office_time` VALUES ('1200', '171', '0', '1', '09:00:00', '00:00:00');
INSERT INTO `tbl_office_time` VALUES ('1201', '171', '0', '2', '09:00:00', '00:00:00');
INSERT INTO `tbl_office_time` VALUES ('1202', '171', '0', '3', '09:00:00', '00:00:00');
INSERT INTO `tbl_office_time` VALUES ('1203', '171', '0', '4', '09:00:00', '00:00:00');
INSERT INTO `tbl_office_time` VALUES ('1204', '171', '0', '5', '09:00:00', '00:00:00');
INSERT INTO `tbl_office_time` VALUES ('1205', '171', '0', '6', '09:00:00', '00:00:00');
INSERT INTO `tbl_office_time` VALUES ('1206', '172', '0', '0', '09:00:00', '00:00:00');
INSERT INTO `tbl_office_time` VALUES ('1207', '172', '0', '1', '09:00:00', '00:00:00');
INSERT INTO `tbl_office_time` VALUES ('1208', '172', '0', '2', '00:00:00', '00:00:00');
INSERT INTO `tbl_office_time` VALUES ('1209', '172', '0', '3', '09:00:00', '00:00:00');
INSERT INTO `tbl_office_time` VALUES ('1210', '172', '0', '4', '09:00:00', '00:00:00');
INSERT INTO `tbl_office_time` VALUES ('1211', '172', '0', '5', '09:00:00', '00:00:00');
INSERT INTO `tbl_office_time` VALUES ('1212', '172', '0', '6', '09:00:00', '00:00:00');
INSERT INTO `tbl_office_time` VALUES ('1213', '173', '0', '0', '09:00:00', '00:00:00');
INSERT INTO `tbl_office_time` VALUES ('1214', '173', '0', '1', '09:00:00', '00:00:00');
INSERT INTO `tbl_office_time` VALUES ('1215', '173', '0', '2', '00:00:00', '00:00:00');
INSERT INTO `tbl_office_time` VALUES ('1216', '173', '0', '3', '09:00:00', '00:00:00');
INSERT INTO `tbl_office_time` VALUES ('1217', '173', '0', '4', '09:00:00', '00:00:00');
INSERT INTO `tbl_office_time` VALUES ('1218', '173', '0', '5', '09:00:00', '00:00:00');
INSERT INTO `tbl_office_time` VALUES ('1219', '173', '0', '6', '09:00:00', '00:00:00');
INSERT INTO `tbl_office_time` VALUES ('1220', '174', '0', '0', '09:00:00', '00:00:00');
INSERT INTO `tbl_office_time` VALUES ('1221', '174', '0', '1', '09:00:00', '00:00:00');
INSERT INTO `tbl_office_time` VALUES ('1222', '174', '0', '2', '09:00:00', '00:00:00');
INSERT INTO `tbl_office_time` VALUES ('1223', '174', '0', '3', '09:00:00', '00:00:00');
INSERT INTO `tbl_office_time` VALUES ('1224', '174', '0', '4', '09:00:00', '00:00:00');
INSERT INTO `tbl_office_time` VALUES ('1225', '174', '0', '5', '09:00:00', '00:00:00');
INSERT INTO `tbl_office_time` VALUES ('1226', '174', '0', '6', '09:00:00', '00:00:00');
INSERT INTO `tbl_office_time` VALUES ('1227', '175', '0', '0', '09:00:00', '00:00:00');
INSERT INTO `tbl_office_time` VALUES ('1228', '175', '0', '1', '09:00:00', '00:00:00');
INSERT INTO `tbl_office_time` VALUES ('1229', '175', '0', '2', '09:00:00', '00:00:00');
INSERT INTO `tbl_office_time` VALUES ('1230', '175', '0', '3', '09:00:00', '00:00:00');
INSERT INTO `tbl_office_time` VALUES ('1231', '175', '0', '4', '00:00:00', '00:00:00');
INSERT INTO `tbl_office_time` VALUES ('1232', '175', '0', '5', '09:00:00', '00:00:00');
INSERT INTO `tbl_office_time` VALUES ('1233', '175', '0', '6', '09:00:00', '00:00:00');
INSERT INTO `tbl_office_time` VALUES ('1234', '176', '0', '0', '09:00:00', '00:00:00');
INSERT INTO `tbl_office_time` VALUES ('1235', '176', '0', '1', '09:00:00', '00:00:00');
INSERT INTO `tbl_office_time` VALUES ('1236', '176', '0', '2', '00:00:00', '00:00:00');
INSERT INTO `tbl_office_time` VALUES ('1237', '176', '0', '3', '09:00:00', '00:00:00');
INSERT INTO `tbl_office_time` VALUES ('1238', '176', '0', '4', '09:00:00', '00:00:00');
INSERT INTO `tbl_office_time` VALUES ('1239', '176', '0', '5', '09:00:00', '00:00:00');
INSERT INTO `tbl_office_time` VALUES ('1240', '176', '0', '6', '09:00:00', '00:00:00');
INSERT INTO `tbl_office_time` VALUES ('1241', '177', '0', '0', '09:00:00', '00:00:00');
INSERT INTO `tbl_office_time` VALUES ('1242', '177', '0', '1', '09:00:00', '00:00:00');
INSERT INTO `tbl_office_time` VALUES ('1243', '177', '0', '2', '09:00:00', '00:00:00');
INSERT INTO `tbl_office_time` VALUES ('1244', '177', '0', '3', '09:00:00', '00:00:00');
INSERT INTO `tbl_office_time` VALUES ('1245', '177', '0', '4', '00:00:00', '00:00:00');
INSERT INTO `tbl_office_time` VALUES ('1246', '177', '0', '5', '09:00:00', '00:00:00');
INSERT INTO `tbl_office_time` VALUES ('1247', '177', '0', '6', '09:00:00', '00:00:00');
INSERT INTO `tbl_office_time` VALUES ('1248', '178', '0', '0', '09:00:00', '00:00:00');
INSERT INTO `tbl_office_time` VALUES ('1249', '178', '0', '1', '09:00:00', '00:00:00');
INSERT INTO `tbl_office_time` VALUES ('1250', '178', '0', '2', '09:00:00', '00:00:00');
INSERT INTO `tbl_office_time` VALUES ('1251', '178', '0', '3', '00:00:00', '00:00:00');
INSERT INTO `tbl_office_time` VALUES ('1252', '178', '0', '4', '09:00:00', '00:00:00');
INSERT INTO `tbl_office_time` VALUES ('1253', '178', '0', '5', '09:00:00', '00:00:00');
INSERT INTO `tbl_office_time` VALUES ('1254', '178', '0', '6', '09:00:00', '00:00:00');
INSERT INTO `tbl_office_time` VALUES ('1255', '179', '0', '0', '09:00:00', '00:00:00');
INSERT INTO `tbl_office_time` VALUES ('1256', '179', '0', '1', '09:00:00', '00:00:00');
INSERT INTO `tbl_office_time` VALUES ('1257', '179', '0', '2', '09:00:00', '00:00:00');
INSERT INTO `tbl_office_time` VALUES ('1258', '179', '0', '3', '09:00:00', '00:00:00');
INSERT INTO `tbl_office_time` VALUES ('1259', '179', '0', '4', '09:00:00', '00:00:00');
INSERT INTO `tbl_office_time` VALUES ('1260', '179', '0', '5', '00:00:00', '00:00:00');
INSERT INTO `tbl_office_time` VALUES ('1261', '179', '0', '6', '09:00:00', '00:00:00');
INSERT INTO `tbl_office_time` VALUES ('1262', '180', '0', '0', '09:00:00', '00:00:00');
INSERT INTO `tbl_office_time` VALUES ('1263', '180', '0', '1', '09:00:00', '00:00:00');
INSERT INTO `tbl_office_time` VALUES ('1264', '180', '0', '2', '09:00:00', '00:00:00');
INSERT INTO `tbl_office_time` VALUES ('1265', '180', '0', '3', '00:00:00', '00:00:00');
INSERT INTO `tbl_office_time` VALUES ('1266', '180', '0', '4', '09:00:00', '00:00:00');
INSERT INTO `tbl_office_time` VALUES ('1267', '180', '0', '5', '09:00:00', '00:00:00');
INSERT INTO `tbl_office_time` VALUES ('1268', '180', '0', '6', '09:00:00', '00:00:00');
INSERT INTO `tbl_office_time` VALUES ('1269', '181', '0', '0', '09:00:00', '00:00:00');
INSERT INTO `tbl_office_time` VALUES ('1270', '181', '0', '1', '09:00:00', '00:00:00');
INSERT INTO `tbl_office_time` VALUES ('1271', '181', '0', '2', '09:00:00', '00:00:00');
INSERT INTO `tbl_office_time` VALUES ('1272', '181', '0', '3', '09:00:00', '00:00:00');
INSERT INTO `tbl_office_time` VALUES ('1273', '181', '0', '4', '00:00:00', '00:00:00');
INSERT INTO `tbl_office_time` VALUES ('1274', '181', '0', '5', '09:00:00', '00:00:00');
INSERT INTO `tbl_office_time` VALUES ('1275', '181', '0', '6', '09:00:00', '00:00:00');
INSERT INTO `tbl_office_time` VALUES ('1276', '182', '0', '0', '09:00:00', '00:00:00');
INSERT INTO `tbl_office_time` VALUES ('1277', '182', '0', '1', '09:00:00', '00:00:00');
INSERT INTO `tbl_office_time` VALUES ('1278', '182', '0', '2', '09:00:00', '00:00:00');
INSERT INTO `tbl_office_time` VALUES ('1279', '182', '0', '3', '00:00:00', '00:00:00');
INSERT INTO `tbl_office_time` VALUES ('1280', '182', '0', '4', '09:00:00', '00:00:00');
INSERT INTO `tbl_office_time` VALUES ('1281', '182', '0', '5', '09:00:00', '00:00:00');
INSERT INTO `tbl_office_time` VALUES ('1282', '182', '0', '6', '09:00:00', '00:00:00');
INSERT INTO `tbl_office_time` VALUES ('1283', '183', '0', '0', '09:00:00', '00:00:00');
INSERT INTO `tbl_office_time` VALUES ('1284', '183', '0', '1', '09:00:00', '00:00:00');
INSERT INTO `tbl_office_time` VALUES ('1285', '183', '0', '2', '00:00:00', '00:00:00');
INSERT INTO `tbl_office_time` VALUES ('1286', '183', '0', '3', '09:00:00', '00:00:00');
INSERT INTO `tbl_office_time` VALUES ('1287', '183', '0', '4', '09:00:00', '00:00:00');
INSERT INTO `tbl_office_time` VALUES ('1288', '183', '0', '5', '09:00:00', '00:00:00');
INSERT INTO `tbl_office_time` VALUES ('1289', '183', '0', '6', '09:00:00', '00:00:00');
INSERT INTO `tbl_office_time` VALUES ('1290', '184', '0', '0', '09:00:00', '00:00:00');
INSERT INTO `tbl_office_time` VALUES ('1291', '184', '0', '1', '00:00:00', '00:00:00');
INSERT INTO `tbl_office_time` VALUES ('1292', '184', '0', '2', '09:00:00', '00:00:00');
INSERT INTO `tbl_office_time` VALUES ('1293', '184', '0', '3', '09:00:00', '00:00:00');
INSERT INTO `tbl_office_time` VALUES ('1294', '184', '0', '4', '09:00:00', '00:00:00');
INSERT INTO `tbl_office_time` VALUES ('1295', '184', '0', '5', '09:00:00', '00:00:00');
INSERT INTO `tbl_office_time` VALUES ('1296', '184', '0', '6', '09:00:00', '00:00:00');
INSERT INTO `tbl_office_time` VALUES ('1297', '185', '0', '0', '09:00:00', '00:00:00');
INSERT INTO `tbl_office_time` VALUES ('1298', '185', '0', '1', '09:00:00', '00:00:00');
INSERT INTO `tbl_office_time` VALUES ('1299', '185', '0', '2', '00:00:00', '00:00:00');
INSERT INTO `tbl_office_time` VALUES ('1300', '185', '0', '3', '09:00:00', '00:00:00');
INSERT INTO `tbl_office_time` VALUES ('1301', '185', '0', '4', '09:00:00', '00:00:00');
INSERT INTO `tbl_office_time` VALUES ('1302', '185', '0', '5', '09:00:00', '00:00:00');
INSERT INTO `tbl_office_time` VALUES ('1303', '185', '0', '6', '09:00:00', '00:00:00');
INSERT INTO `tbl_office_time` VALUES ('1304', '186', '0', '0', '09:00:00', '00:00:00');
INSERT INTO `tbl_office_time` VALUES ('1305', '186', '0', '1', '00:00:00', '00:00:00');
INSERT INTO `tbl_office_time` VALUES ('1306', '186', '0', '2', '09:00:00', '00:00:00');
INSERT INTO `tbl_office_time` VALUES ('1307', '186', '0', '3', '09:00:00', '00:00:00');
INSERT INTO `tbl_office_time` VALUES ('1308', '186', '0', '4', '09:00:00', '00:00:00');
INSERT INTO `tbl_office_time` VALUES ('1309', '186', '0', '5', '09:00:00', '00:00:00');
INSERT INTO `tbl_office_time` VALUES ('1310', '186', '0', '6', '09:00:00', '00:00:00');
INSERT INTO `tbl_office_time` VALUES ('1311', '187', '0', '0', '09:00:00', '00:00:00');
INSERT INTO `tbl_office_time` VALUES ('1312', '187', '0', '1', '00:00:00', '00:00:00');
INSERT INTO `tbl_office_time` VALUES ('1313', '187', '0', '2', '09:00:00', '00:00:00');
INSERT INTO `tbl_office_time` VALUES ('1314', '187', '0', '3', '09:00:00', '00:00:00');
INSERT INTO `tbl_office_time` VALUES ('1315', '187', '0', '4', '09:00:00', '00:00:00');
INSERT INTO `tbl_office_time` VALUES ('1316', '187', '0', '5', '09:00:00', '00:00:00');
INSERT INTO `tbl_office_time` VALUES ('1317', '187', '0', '6', '09:00:00', '00:00:00');
INSERT INTO `tbl_office_time` VALUES ('1318', '188', '0', '0', '09:00:00', '00:00:00');
INSERT INTO `tbl_office_time` VALUES ('1319', '188', '0', '1', '09:00:00', '00:00:00');
INSERT INTO `tbl_office_time` VALUES ('1320', '188', '0', '2', '09:00:00', '00:00:00');
INSERT INTO `tbl_office_time` VALUES ('1321', '188', '0', '3', '09:00:00', '00:00:00');
INSERT INTO `tbl_office_time` VALUES ('1322', '188', '0', '4', '00:00:00', '00:00:00');
INSERT INTO `tbl_office_time` VALUES ('1323', '188', '0', '5', '09:00:00', '00:00:00');
INSERT INTO `tbl_office_time` VALUES ('1324', '188', '0', '6', '09:00:00', '00:00:00');
INSERT INTO `tbl_office_time` VALUES ('1325', '189', '0', '0', '09:00:00', '00:00:00');
INSERT INTO `tbl_office_time` VALUES ('1326', '189', '0', '1', '09:00:00', '00:00:00');
INSERT INTO `tbl_office_time` VALUES ('1327', '189', '0', '2', '09:00:00', '00:00:00');
INSERT INTO `tbl_office_time` VALUES ('1328', '189', '0', '3', '09:00:00', '00:00:00');
INSERT INTO `tbl_office_time` VALUES ('1329', '189', '0', '4', '09:00:00', '00:00:00');
INSERT INTO `tbl_office_time` VALUES ('1330', '189', '0', '5', '09:00:00', '00:00:00');
INSERT INTO `tbl_office_time` VALUES ('1331', '189', '0', '6', '00:00:00', '00:00:00');
INSERT INTO `tbl_office_time` VALUES ('1332', '190', '0', '0', '09:00:00', '00:00:00');
INSERT INTO `tbl_office_time` VALUES ('1333', '190', '0', '1', '09:00:00', '00:00:00');
INSERT INTO `tbl_office_time` VALUES ('1334', '190', '0', '2', '09:00:00', '00:00:00');
INSERT INTO `tbl_office_time` VALUES ('1335', '190', '0', '3', '09:00:00', '00:00:00');
INSERT INTO `tbl_office_time` VALUES ('1336', '190', '0', '4', '09:00:00', '00:00:00');
INSERT INTO `tbl_office_time` VALUES ('1337', '190', '0', '5', '09:00:00', '00:00:00');
INSERT INTO `tbl_office_time` VALUES ('1338', '190', '0', '6', '00:00:00', '00:00:00');
INSERT INTO `tbl_office_time` VALUES ('1339', '191', '0', '0', '09:00:00', '00:00:00');
INSERT INTO `tbl_office_time` VALUES ('1340', '191', '0', '1', '09:00:00', '00:00:00');
INSERT INTO `tbl_office_time` VALUES ('1341', '191', '0', '2', '09:00:00', '00:00:00');
INSERT INTO `tbl_office_time` VALUES ('1342', '191', '0', '3', '00:00:00', '00:00:00');
INSERT INTO `tbl_office_time` VALUES ('1343', '191', '0', '4', '09:00:00', '00:00:00');
INSERT INTO `tbl_office_time` VALUES ('1344', '191', '0', '5', '09:00:00', '00:00:00');
INSERT INTO `tbl_office_time` VALUES ('1345', '191', '0', '6', '09:00:00', '00:00:00');
INSERT INTO `tbl_office_time` VALUES ('1346', '192', '0', '0', '09:00:00', '00:00:00');
INSERT INTO `tbl_office_time` VALUES ('1347', '192', '0', '1', '09:00:00', '00:00:00');
INSERT INTO `tbl_office_time` VALUES ('1348', '192', '0', '2', '09:00:00', '00:00:00');
INSERT INTO `tbl_office_time` VALUES ('1349', '192', '0', '3', '09:00:00', '00:00:00');
INSERT INTO `tbl_office_time` VALUES ('1350', '192', '0', '4', '00:00:00', '00:00:00');
INSERT INTO `tbl_office_time` VALUES ('1351', '192', '0', '5', '09:00:00', '00:00:00');
INSERT INTO `tbl_office_time` VALUES ('1352', '192', '0', '6', '09:00:00', '00:00:00');
INSERT INTO `tbl_office_time` VALUES ('1353', '193', '0', '0', '09:00:00', '00:00:00');
INSERT INTO `tbl_office_time` VALUES ('1354', '193', '0', '1', '09:00:00', '00:00:00');
INSERT INTO `tbl_office_time` VALUES ('1355', '193', '0', '2', '09:00:00', '00:00:00');
INSERT INTO `tbl_office_time` VALUES ('1356', '193', '0', '3', '09:00:00', '00:00:00');
INSERT INTO `tbl_office_time` VALUES ('1357', '193', '0', '4', '09:00:00', '00:00:00');
INSERT INTO `tbl_office_time` VALUES ('1358', '193', '0', '5', '09:00:00', '00:00:00');
INSERT INTO `tbl_office_time` VALUES ('1359', '193', '0', '6', '00:00:00', '00:00:00');
INSERT INTO `tbl_office_time` VALUES ('1360', '194', '0', '0', '09:00:00', '00:00:00');
INSERT INTO `tbl_office_time` VALUES ('1361', '194', '0', '1', '09:00:00', '00:00:00');
INSERT INTO `tbl_office_time` VALUES ('1362', '194', '0', '2', '09:00:00', '00:00:00');
INSERT INTO `tbl_office_time` VALUES ('1363', '194', '0', '3', '09:00:00', '00:00:00');
INSERT INTO `tbl_office_time` VALUES ('1364', '194', '0', '4', '00:00:00', '00:00:00');
INSERT INTO `tbl_office_time` VALUES ('1365', '194', '0', '5', '09:00:00', '00:00:00');
INSERT INTO `tbl_office_time` VALUES ('1366', '194', '0', '6', '09:00:00', '00:00:00');
INSERT INTO `tbl_office_time` VALUES ('1367', '195', '0', '0', '00:00:00', '00:00:00');
INSERT INTO `tbl_office_time` VALUES ('1368', '195', '0', '1', '09:00:00', '00:00:00');
INSERT INTO `tbl_office_time` VALUES ('1369', '195', '0', '2', '09:00:00', '00:00:00');
INSERT INTO `tbl_office_time` VALUES ('1370', '195', '0', '3', '09:00:00', '00:00:00');
INSERT INTO `tbl_office_time` VALUES ('1371', '195', '0', '4', '09:00:00', '00:00:00');
INSERT INTO `tbl_office_time` VALUES ('1372', '195', '0', '5', '09:00:00', '00:00:00');
INSERT INTO `tbl_office_time` VALUES ('1373', '195', '0', '6', '09:00:00', '00:00:00');
INSERT INTO `tbl_office_time` VALUES ('1374', '196', '0', '0', '09:00:00', '00:00:00');
INSERT INTO `tbl_office_time` VALUES ('1375', '196', '0', '1', '09:00:00', '00:00:00');
INSERT INTO `tbl_office_time` VALUES ('1376', '196', '0', '2', '09:00:00', '00:00:00');
INSERT INTO `tbl_office_time` VALUES ('1377', '196', '0', '3', '09:00:00', '00:00:00');
INSERT INTO `tbl_office_time` VALUES ('1378', '196', '0', '4', '09:00:00', '00:00:00');
INSERT INTO `tbl_office_time` VALUES ('1379', '196', '0', '5', '00:00:00', '00:00:00');
INSERT INTO `tbl_office_time` VALUES ('1380', '196', '0', '6', '09:00:00', '00:00:00');
INSERT INTO `tbl_office_time` VALUES ('1381', '197', '0', '0', '09:00:00', '00:00:00');
INSERT INTO `tbl_office_time` VALUES ('1382', '197', '0', '1', '09:00:00', '00:00:00');
INSERT INTO `tbl_office_time` VALUES ('1383', '197', '0', '2', '09:00:00', '00:00:00');
INSERT INTO `tbl_office_time` VALUES ('1384', '197', '0', '3', '09:00:00', '00:00:00');
INSERT INTO `tbl_office_time` VALUES ('1385', '197', '0', '4', '09:00:00', '00:00:00');
INSERT INTO `tbl_office_time` VALUES ('1386', '197', '0', '5', '00:00:00', '00:00:00');
INSERT INTO `tbl_office_time` VALUES ('1387', '197', '0', '6', '09:00:00', '00:00:00');
INSERT INTO `tbl_office_time` VALUES ('1388', '198', '0', '0', '09:00:00', '00:00:00');
INSERT INTO `tbl_office_time` VALUES ('1389', '198', '0', '1', '09:00:00', '00:00:00');
INSERT INTO `tbl_office_time` VALUES ('1390', '198', '0', '2', '09:00:00', '00:00:00');
INSERT INTO `tbl_office_time` VALUES ('1391', '198', '0', '3', '00:00:00', '00:00:00');
INSERT INTO `tbl_office_time` VALUES ('1392', '198', '0', '4', '09:00:00', '00:00:00');
INSERT INTO `tbl_office_time` VALUES ('1393', '198', '0', '5', '09:00:00', '00:00:00');
INSERT INTO `tbl_office_time` VALUES ('1394', '198', '0', '6', '09:00:00', '00:00:00');
INSERT INTO `tbl_office_time` VALUES ('1395', '199', '0', '0', '09:00:00', '00:00:00');
INSERT INTO `tbl_office_time` VALUES ('1396', '199', '0', '1', '09:00:00', '00:00:00');
INSERT INTO `tbl_office_time` VALUES ('1397', '199', '0', '2', '09:00:00', '00:00:00');
INSERT INTO `tbl_office_time` VALUES ('1398', '199', '0', '3', '09:00:00', '00:00:00');
INSERT INTO `tbl_office_time` VALUES ('1399', '199', '0', '4', '09:00:00', '00:00:00');
INSERT INTO `tbl_office_time` VALUES ('1400', '199', '0', '5', '09:00:00', '00:00:00');
INSERT INTO `tbl_office_time` VALUES ('1401', '199', '0', '6', '00:00:00', '00:00:00');
INSERT INTO `tbl_office_time` VALUES ('1402', '200', '0', '0', '09:00:00', '00:00:00');
INSERT INTO `tbl_office_time` VALUES ('1403', '200', '0', '1', '09:00:00', '00:00:00');
INSERT INTO `tbl_office_time` VALUES ('1404', '200', '0', '2', '09:00:00', '00:00:00');
INSERT INTO `tbl_office_time` VALUES ('1405', '200', '0', '3', '09:00:00', '00:00:00');
INSERT INTO `tbl_office_time` VALUES ('1406', '200', '0', '4', '09:00:00', '00:00:00');
INSERT INTO `tbl_office_time` VALUES ('1407', '200', '0', '5', '09:00:00', '00:00:00');
INSERT INTO `tbl_office_time` VALUES ('1408', '200', '0', '6', '00:00:00', '00:00:00');
INSERT INTO `tbl_office_time` VALUES ('1409', '201', '0', '0', '09:00:00', '00:00:00');
INSERT INTO `tbl_office_time` VALUES ('1410', '201', '0', '1', '09:00:00', '00:00:00');
INSERT INTO `tbl_office_time` VALUES ('1411', '201', '0', '2', '09:00:00', '00:00:00');
INSERT INTO `tbl_office_time` VALUES ('1412', '201', '0', '3', '00:00:00', '00:00:00');
INSERT INTO `tbl_office_time` VALUES ('1413', '201', '0', '4', '09:00:00', '00:00:00');
INSERT INTO `tbl_office_time` VALUES ('1414', '201', '0', '5', '09:00:00', '00:00:00');
INSERT INTO `tbl_office_time` VALUES ('1415', '201', '0', '6', '09:00:00', '00:00:00');
INSERT INTO `tbl_office_time` VALUES ('1416', '202', '0', '0', '00:00:00', '00:00:00');
INSERT INTO `tbl_office_time` VALUES ('1417', '202', '0', '1', '09:00:00', '00:00:00');
INSERT INTO `tbl_office_time` VALUES ('1418', '202', '0', '2', '09:00:00', '00:00:00');
INSERT INTO `tbl_office_time` VALUES ('1419', '202', '0', '3', '09:00:00', '00:00:00');
INSERT INTO `tbl_office_time` VALUES ('1420', '202', '0', '4', '09:00:00', '00:00:00');
INSERT INTO `tbl_office_time` VALUES ('1421', '202', '0', '5', '09:00:00', '00:00:00');
INSERT INTO `tbl_office_time` VALUES ('1422', '202', '0', '6', '09:00:00', '00:00:00');
INSERT INTO `tbl_office_time` VALUES ('1423', '203', '0', '0', '09:00:00', '00:00:00');
INSERT INTO `tbl_office_time` VALUES ('1424', '203', '0', '1', '09:00:00', '00:00:00');
INSERT INTO `tbl_office_time` VALUES ('1425', '203', '0', '2', '09:00:00', '00:00:00');
INSERT INTO `tbl_office_time` VALUES ('1426', '203', '0', '3', '00:00:00', '00:00:00');
INSERT INTO `tbl_office_time` VALUES ('1427', '203', '0', '4', '09:00:00', '00:00:00');
INSERT INTO `tbl_office_time` VALUES ('1428', '203', '0', '5', '09:00:00', '00:00:00');
INSERT INTO `tbl_office_time` VALUES ('1429', '203', '0', '6', '09:00:00', '00:00:00');
INSERT INTO `tbl_office_time` VALUES ('1430', '204', '0', '0', '09:00:00', '00:00:00');
INSERT INTO `tbl_office_time` VALUES ('1431', '204', '0', '1', '00:00:00', '00:00:00');
INSERT INTO `tbl_office_time` VALUES ('1432', '204', '0', '2', '09:00:00', '00:00:00');
INSERT INTO `tbl_office_time` VALUES ('1433', '204', '0', '3', '09:00:00', '00:00:00');
INSERT INTO `tbl_office_time` VALUES ('1434', '204', '0', '4', '09:00:00', '00:00:00');
INSERT INTO `tbl_office_time` VALUES ('1435', '204', '0', '5', '09:00:00', '00:00:00');
INSERT INTO `tbl_office_time` VALUES ('1436', '204', '0', '6', '09:00:00', '00:00:00');
INSERT INTO `tbl_office_time` VALUES ('1437', '205', '0', '0', '09:00:00', '00:00:00');
INSERT INTO `tbl_office_time` VALUES ('1438', '205', '0', '1', '09:00:00', '00:00:00');
INSERT INTO `tbl_office_time` VALUES ('1439', '205', '0', '2', '09:00:00', '00:00:00');
INSERT INTO `tbl_office_time` VALUES ('1440', '205', '0', '3', '09:00:00', '00:00:00');
INSERT INTO `tbl_office_time` VALUES ('1441', '205', '0', '4', '09:00:00', '00:00:00');
INSERT INTO `tbl_office_time` VALUES ('1442', '205', '0', '5', '09:00:00', '00:00:00');
INSERT INTO `tbl_office_time` VALUES ('1443', '205', '0', '6', '09:00:00', '00:00:00');
INSERT INTO `tbl_office_time` VALUES ('1444', '206', '0', '0', '09:00:00', '00:00:00');
INSERT INTO `tbl_office_time` VALUES ('1445', '206', '0', '1', '09:00:00', '00:00:00');
INSERT INTO `tbl_office_time` VALUES ('1446', '206', '0', '2', '09:00:00', '00:00:00');
INSERT INTO `tbl_office_time` VALUES ('1447', '206', '0', '3', '09:00:00', '00:00:00');
INSERT INTO `tbl_office_time` VALUES ('1448', '206', '0', '4', '00:00:00', '00:00:00');
INSERT INTO `tbl_office_time` VALUES ('1449', '206', '0', '5', '09:00:00', '00:00:00');
INSERT INTO `tbl_office_time` VALUES ('1450', '206', '0', '6', '09:00:00', '00:00:00');
INSERT INTO `tbl_office_time` VALUES ('1451', '207', '0', '0', '09:00:00', '00:00:00');
INSERT INTO `tbl_office_time` VALUES ('1452', '207', '0', '1', '09:00:00', '00:00:00');
INSERT INTO `tbl_office_time` VALUES ('1453', '207', '0', '2', '00:00:00', '00:00:00');
INSERT INTO `tbl_office_time` VALUES ('1454', '207', '0', '3', '09:00:00', '00:00:00');
INSERT INTO `tbl_office_time` VALUES ('1455', '207', '0', '4', '09:00:00', '00:00:00');
INSERT INTO `tbl_office_time` VALUES ('1456', '207', '0', '5', '09:00:00', '00:00:00');
INSERT INTO `tbl_office_time` VALUES ('1457', '207', '0', '6', '09:00:00', '00:00:00');
INSERT INTO `tbl_office_time` VALUES ('1458', '208', '0', '0', '05:00:00', '00:00:00');
INSERT INTO `tbl_office_time` VALUES ('1459', '208', '0', '1', '05:00:00', '00:00:00');
INSERT INTO `tbl_office_time` VALUES ('1460', '208', '0', '2', '05:00:00', '00:00:00');
INSERT INTO `tbl_office_time` VALUES ('1461', '208', '0', '3', '05:00:00', '00:00:00');
INSERT INTO `tbl_office_time` VALUES ('1462', '208', '0', '4', '05:00:00', '00:00:00');
INSERT INTO `tbl_office_time` VALUES ('1463', '208', '0', '5', '05:00:00', '00:00:00');
INSERT INTO `tbl_office_time` VALUES ('1464', '208', '0', '6', '05:00:00', '00:00:00');
INSERT INTO `tbl_office_time` VALUES ('1465', '209', '0', '0', '05:00:00', '00:00:00');
INSERT INTO `tbl_office_time` VALUES ('1466', '209', '0', '1', '05:00:00', '00:00:00');
INSERT INTO `tbl_office_time` VALUES ('1467', '209', '0', '2', '05:00:00', '00:00:00');
INSERT INTO `tbl_office_time` VALUES ('1468', '209', '0', '3', '05:00:00', '00:00:00');
INSERT INTO `tbl_office_time` VALUES ('1469', '209', '0', '4', '05:00:00', '00:00:00');
INSERT INTO `tbl_office_time` VALUES ('1470', '209', '0', '5', '05:00:00', '00:00:00');
INSERT INTO `tbl_office_time` VALUES ('1471', '209', '0', '6', '05:00:00', '00:00:00');
INSERT INTO `tbl_office_time` VALUES ('1472', '210', '0', '0', '05:00:00', '00:00:00');
INSERT INTO `tbl_office_time` VALUES ('1473', '210', '0', '1', '05:00:00', '00:00:00');
INSERT INTO `tbl_office_time` VALUES ('1474', '210', '0', '2', '05:00:00', '00:00:00');
INSERT INTO `tbl_office_time` VALUES ('1475', '210', '0', '3', '05:00:00', '00:00:00');
INSERT INTO `tbl_office_time` VALUES ('1476', '210', '0', '4', '05:00:00', '00:00:00');
INSERT INTO `tbl_office_time` VALUES ('1477', '210', '0', '5', '05:00:00', '00:00:00');
INSERT INTO `tbl_office_time` VALUES ('1478', '210', '0', '6', '05:00:00', '00:00:00');
INSERT INTO `tbl_office_time` VALUES ('1479', '211', '0', '0', '05:00:00', '00:00:00');
INSERT INTO `tbl_office_time` VALUES ('1480', '211', '0', '1', '05:00:00', '00:00:00');
INSERT INTO `tbl_office_time` VALUES ('1481', '211', '0', '2', '05:00:00', '00:00:00');
INSERT INTO `tbl_office_time` VALUES ('1482', '211', '0', '3', '05:00:00', '00:00:00');
INSERT INTO `tbl_office_time` VALUES ('1483', '211', '0', '4', '05:00:00', '00:00:00');
INSERT INTO `tbl_office_time` VALUES ('1484', '211', '0', '5', '05:00:00', '00:00:00');
INSERT INTO `tbl_office_time` VALUES ('1485', '211', '0', '6', '05:00:00', '00:00:00');
INSERT INTO `tbl_office_time` VALUES ('1486', '212', '0', '0', '05:00:00', '00:00:00');
INSERT INTO `tbl_office_time` VALUES ('1487', '212', '0', '1', '05:00:00', '00:00:00');
INSERT INTO `tbl_office_time` VALUES ('1488', '212', '0', '2', '05:00:00', '00:00:00');
INSERT INTO `tbl_office_time` VALUES ('1489', '212', '0', '3', '05:00:00', '00:00:00');
INSERT INTO `tbl_office_time` VALUES ('1490', '212', '0', '4', '05:00:00', '00:00:00');
INSERT INTO `tbl_office_time` VALUES ('1491', '212', '0', '5', '05:00:00', '00:00:00');
INSERT INTO `tbl_office_time` VALUES ('1492', '212', '0', '6', '05:00:00', '00:00:00');
INSERT INTO `tbl_office_time` VALUES ('1493', '213', '0', '0', '05:00:00', '00:00:00');
INSERT INTO `tbl_office_time` VALUES ('1494', '213', '0', '1', '05:00:00', '00:00:00');
INSERT INTO `tbl_office_time` VALUES ('1495', '213', '0', '2', '05:00:00', '00:00:00');
INSERT INTO `tbl_office_time` VALUES ('1496', '213', '0', '3', '05:00:00', '00:00:00');
INSERT INTO `tbl_office_time` VALUES ('1497', '213', '0', '4', '05:00:00', '00:00:00');
INSERT INTO `tbl_office_time` VALUES ('1498', '213', '0', '5', '05:00:00', '00:00:00');
INSERT INTO `tbl_office_time` VALUES ('1499', '213', '0', '6', '05:00:00', '00:00:00');
INSERT INTO `tbl_office_time` VALUES ('1500', '214', '0', '0', '06:00:00', '00:00:00');
INSERT INTO `tbl_office_time` VALUES ('1501', '214', '0', '1', '06:00:00', '00:00:00');
INSERT INTO `tbl_office_time` VALUES ('1502', '214', '0', '2', '06:00:00', '00:00:00');
INSERT INTO `tbl_office_time` VALUES ('1503', '214', '0', '3', '06:00:00', '00:00:00');
INSERT INTO `tbl_office_time` VALUES ('1504', '214', '0', '4', '06:00:00', '00:00:00');
INSERT INTO `tbl_office_time` VALUES ('1505', '214', '0', '5', '06:00:00', '00:00:00');
INSERT INTO `tbl_office_time` VALUES ('1506', '214', '0', '6', '06:00:00', '00:00:00');
INSERT INTO `tbl_office_time` VALUES ('1507', '215', '0', '0', '02:00:00', '00:00:00');
INSERT INTO `tbl_office_time` VALUES ('1508', '215', '0', '1', '02:00:00', '00:00:00');
INSERT INTO `tbl_office_time` VALUES ('1509', '215', '0', '2', '02:00:00', '00:00:00');
INSERT INTO `tbl_office_time` VALUES ('1510', '215', '0', '3', '02:00:00', '00:00:00');
INSERT INTO `tbl_office_time` VALUES ('1511', '215', '0', '4', '02:00:00', '00:00:00');
INSERT INTO `tbl_office_time` VALUES ('1512', '215', '0', '5', '02:00:00', '00:00:00');
INSERT INTO `tbl_office_time` VALUES ('1513', '215', '0', '6', '02:00:00', '00:00:00');
INSERT INTO `tbl_office_time` VALUES ('1514', '216', '0', '0', '06:00:00', '00:00:00');
INSERT INTO `tbl_office_time` VALUES ('1515', '216', '0', '1', '06:00:00', '00:00:00');
INSERT INTO `tbl_office_time` VALUES ('1516', '216', '0', '2', '06:00:00', '00:00:00');
INSERT INTO `tbl_office_time` VALUES ('1517', '216', '0', '3', '06:00:00', '00:00:00');
INSERT INTO `tbl_office_time` VALUES ('1518', '216', '0', '4', '06:00:00', '00:00:00');
INSERT INTO `tbl_office_time` VALUES ('1519', '216', '0', '5', '06:00:00', '00:00:00');
INSERT INTO `tbl_office_time` VALUES ('1520', '216', '0', '6', '06:00:00', '00:00:00');
INSERT INTO `tbl_office_time` VALUES ('1521', '217', '0', '0', '06:00:00', '00:00:00');
INSERT INTO `tbl_office_time` VALUES ('1522', '217', '0', '1', '06:00:00', '00:00:00');
INSERT INTO `tbl_office_time` VALUES ('1523', '217', '0', '2', '06:00:00', '00:00:00');
INSERT INTO `tbl_office_time` VALUES ('1524', '217', '0', '3', '06:00:00', '00:00:00');
INSERT INTO `tbl_office_time` VALUES ('1525', '217', '0', '4', '06:00:00', '00:00:00');
INSERT INTO `tbl_office_time` VALUES ('1526', '217', '0', '5', '06:00:00', '00:00:00');
INSERT INTO `tbl_office_time` VALUES ('1527', '217', '0', '6', '06:00:00', '00:00:00');
INSERT INTO `tbl_office_time` VALUES ('1528', '218', '0', '0', '06:00:00', '00:00:00');
INSERT INTO `tbl_office_time` VALUES ('1529', '218', '0', '1', '06:00:00', '00:00:00');
INSERT INTO `tbl_office_time` VALUES ('1530', '218', '0', '2', '06:00:00', '00:00:00');
INSERT INTO `tbl_office_time` VALUES ('1531', '218', '0', '3', '06:00:00', '00:00:00');
INSERT INTO `tbl_office_time` VALUES ('1532', '218', '0', '4', '06:00:00', '00:00:00');
INSERT INTO `tbl_office_time` VALUES ('1533', '218', '0', '5', '06:00:00', '00:00:00');
INSERT INTO `tbl_office_time` VALUES ('1534', '218', '0', '6', '06:00:00', '00:00:00');
INSERT INTO `tbl_office_time` VALUES ('1535', '219', '0', '0', '06:00:00', '00:00:00');
INSERT INTO `tbl_office_time` VALUES ('1536', '219', '0', '1', '06:00:00', '00:00:00');
INSERT INTO `tbl_office_time` VALUES ('1537', '219', '0', '2', '06:00:00', '00:00:00');
INSERT INTO `tbl_office_time` VALUES ('1538', '219', '0', '3', '06:00:00', '00:00:00');
INSERT INTO `tbl_office_time` VALUES ('1539', '219', '0', '4', '06:00:00', '00:00:00');
INSERT INTO `tbl_office_time` VALUES ('1540', '219', '0', '5', '06:00:00', '00:00:00');
INSERT INTO `tbl_office_time` VALUES ('1541', '219', '0', '6', '06:00:00', '00:00:00');
INSERT INTO `tbl_office_time` VALUES ('1542', '220', '0', '0', '06:00:00', '00:00:00');
INSERT INTO `tbl_office_time` VALUES ('1543', '220', '0', '1', '06:00:00', '00:00:00');
INSERT INTO `tbl_office_time` VALUES ('1544', '220', '0', '2', '06:00:00', '00:00:00');
INSERT INTO `tbl_office_time` VALUES ('1545', '220', '0', '3', '06:00:00', '00:00:00');
INSERT INTO `tbl_office_time` VALUES ('1546', '220', '0', '4', '06:00:00', '00:00:00');
INSERT INTO `tbl_office_time` VALUES ('1547', '220', '0', '5', '06:00:00', '00:00:00');
INSERT INTO `tbl_office_time` VALUES ('1548', '220', '0', '6', '06:00:00', '00:00:00');
INSERT INTO `tbl_office_time` VALUES ('1549', '221', '0', '0', '06:00:00', '00:00:00');
INSERT INTO `tbl_office_time` VALUES ('1550', '221', '0', '1', '06:00:00', '00:00:00');
INSERT INTO `tbl_office_time` VALUES ('1551', '221', '0', '2', '06:00:00', '00:00:00');
INSERT INTO `tbl_office_time` VALUES ('1552', '221', '0', '3', '06:00:00', '00:00:00');
INSERT INTO `tbl_office_time` VALUES ('1553', '221', '0', '4', '06:00:00', '00:00:00');
INSERT INTO `tbl_office_time` VALUES ('1554', '221', '0', '5', '06:00:00', '00:00:00');
INSERT INTO `tbl_office_time` VALUES ('1555', '221', '0', '6', '06:00:00', '00:00:00');
INSERT INTO `tbl_office_time` VALUES ('1556', '222', '0', '0', '02:00:00', '00:00:00');
INSERT INTO `tbl_office_time` VALUES ('1557', '222', '0', '1', '02:00:00', '00:00:00');
INSERT INTO `tbl_office_time` VALUES ('1558', '222', '0', '2', '02:00:00', '00:00:00');
INSERT INTO `tbl_office_time` VALUES ('1559', '222', '0', '3', '02:00:00', '00:00:00');
INSERT INTO `tbl_office_time` VALUES ('1560', '222', '0', '4', '02:00:00', '00:00:00');
INSERT INTO `tbl_office_time` VALUES ('1561', '222', '0', '5', '02:00:00', '00:00:00');
INSERT INTO `tbl_office_time` VALUES ('1562', '222', '0', '6', '02:00:00', '00:00:00');
INSERT INTO `tbl_office_time` VALUES ('1563', '223', '0', '0', '02:00:00', '00:00:00');
INSERT INTO `tbl_office_time` VALUES ('1564', '223', '0', '1', '02:00:00', '00:00:00');
INSERT INTO `tbl_office_time` VALUES ('1565', '223', '0', '2', '02:00:00', '00:00:00');
INSERT INTO `tbl_office_time` VALUES ('1566', '223', '0', '3', '02:00:00', '00:00:00');
INSERT INTO `tbl_office_time` VALUES ('1567', '223', '0', '4', '02:00:00', '00:00:00');
INSERT INTO `tbl_office_time` VALUES ('1568', '223', '0', '5', '02:00:00', '00:00:00');
INSERT INTO `tbl_office_time` VALUES ('1569', '223', '0', '6', '02:00:00', '00:00:00');
INSERT INTO `tbl_office_time` VALUES ('1570', '224', '0', '0', '06:00:00', '00:00:00');
INSERT INTO `tbl_office_time` VALUES ('1571', '224', '0', '1', '06:00:00', '00:00:00');
INSERT INTO `tbl_office_time` VALUES ('1572', '224', '0', '2', '06:00:00', '00:00:00');
INSERT INTO `tbl_office_time` VALUES ('1573', '224', '0', '3', '06:00:00', '00:00:00');
INSERT INTO `tbl_office_time` VALUES ('1574', '224', '0', '4', '06:00:00', '00:00:00');
INSERT INTO `tbl_office_time` VALUES ('1575', '224', '0', '5', '06:00:00', '00:00:00');
INSERT INTO `tbl_office_time` VALUES ('1576', '224', '0', '6', '06:00:00', '00:00:00');
INSERT INTO `tbl_office_time` VALUES ('1577', '225', '0', '0', '02:00:00', '00:00:00');
INSERT INTO `tbl_office_time` VALUES ('1578', '225', '0', '1', '02:00:00', '00:00:00');
INSERT INTO `tbl_office_time` VALUES ('1579', '225', '0', '2', '02:00:00', '00:00:00');
INSERT INTO `tbl_office_time` VALUES ('1580', '225', '0', '3', '02:00:00', '00:00:00');
INSERT INTO `tbl_office_time` VALUES ('1581', '225', '0', '4', '02:00:00', '00:00:00');
INSERT INTO `tbl_office_time` VALUES ('1582', '225', '0', '5', '02:00:00', '00:00:00');
INSERT INTO `tbl_office_time` VALUES ('1583', '225', '0', '6', '02:00:00', '00:00:00');
INSERT INTO `tbl_office_time` VALUES ('1584', '226', '0', '0', '06:00:00', '00:00:00');
INSERT INTO `tbl_office_time` VALUES ('1585', '226', '0', '1', '06:00:00', '00:00:00');
INSERT INTO `tbl_office_time` VALUES ('1586', '226', '0', '2', '06:00:00', '00:00:00');
INSERT INTO `tbl_office_time` VALUES ('1587', '226', '0', '3', '06:00:00', '00:00:00');
INSERT INTO `tbl_office_time` VALUES ('1588', '226', '0', '4', '06:00:00', '00:00:00');
INSERT INTO `tbl_office_time` VALUES ('1589', '226', '0', '5', '06:00:00', '00:00:00');
INSERT INTO `tbl_office_time` VALUES ('1590', '226', '0', '6', '06:00:00', '00:00:00');
INSERT INTO `tbl_office_time` VALUES ('1591', '227', '0', '0', '06:00:00', '00:00:00');
INSERT INTO `tbl_office_time` VALUES ('1592', '227', '0', '1', '06:00:00', '00:00:00');
INSERT INTO `tbl_office_time` VALUES ('1593', '227', '0', '2', '06:00:00', '00:00:00');
INSERT INTO `tbl_office_time` VALUES ('1594', '227', '0', '3', '06:00:00', '00:00:00');
INSERT INTO `tbl_office_time` VALUES ('1595', '227', '0', '4', '06:00:00', '00:00:00');
INSERT INTO `tbl_office_time` VALUES ('1596', '227', '0', '5', '06:00:00', '00:00:00');
INSERT INTO `tbl_office_time` VALUES ('1597', '227', '0', '6', '06:00:00', '00:00:00');
INSERT INTO `tbl_office_time` VALUES ('1598', '228', '0', '0', '02:00:00', '00:00:00');
INSERT INTO `tbl_office_time` VALUES ('1599', '228', '0', '1', '02:00:00', '00:00:00');
INSERT INTO `tbl_office_time` VALUES ('1600', '228', '0', '2', '02:00:00', '00:00:00');
INSERT INTO `tbl_office_time` VALUES ('1601', '228', '0', '3', '02:00:00', '00:00:00');
INSERT INTO `tbl_office_time` VALUES ('1602', '228', '0', '4', '02:00:00', '00:00:00');
INSERT INTO `tbl_office_time` VALUES ('1603', '228', '0', '5', '02:00:00', '00:00:00');
INSERT INTO `tbl_office_time` VALUES ('1604', '228', '0', '6', '02:00:00', '00:00:00');
INSERT INTO `tbl_office_time` VALUES ('1605', '229', '0', '0', '06:00:00', '00:00:00');
INSERT INTO `tbl_office_time` VALUES ('1606', '229', '0', '1', '06:00:00', '00:00:00');
INSERT INTO `tbl_office_time` VALUES ('1607', '229', '0', '2', '06:00:00', '00:00:00');
INSERT INTO `tbl_office_time` VALUES ('1608', '229', '0', '3', '06:00:00', '00:00:00');
INSERT INTO `tbl_office_time` VALUES ('1609', '229', '0', '4', '06:00:00', '00:00:00');
INSERT INTO `tbl_office_time` VALUES ('1610', '229', '0', '5', '06:00:00', '00:00:00');
INSERT INTO `tbl_office_time` VALUES ('1611', '229', '0', '6', '06:00:00', '00:00:00');
INSERT INTO `tbl_office_time` VALUES ('1612', '230', '0', '0', '09:00:00', '00:00:00');
INSERT INTO `tbl_office_time` VALUES ('1613', '230', '0', '1', '09:00:00', '00:00:00');
INSERT INTO `tbl_office_time` VALUES ('1614', '230', '0', '2', '09:00:00', '00:00:00');
INSERT INTO `tbl_office_time` VALUES ('1615', '230', '0', '3', '09:00:00', '00:00:00');
INSERT INTO `tbl_office_time` VALUES ('1616', '230', '0', '4', '09:00:00', '00:00:00');
INSERT INTO `tbl_office_time` VALUES ('1617', '230', '0', '5', '00:00:00', '00:00:00');
INSERT INTO `tbl_office_time` VALUES ('1618', '230', '0', '6', '09:00:00', '00:00:00');
INSERT INTO `tbl_office_time` VALUES ('1619', '231', '0', '0', '00:00:00', '00:00:00');
INSERT INTO `tbl_office_time` VALUES ('1620', '231', '0', '1', '00:00:00', '00:00:00');
INSERT INTO `tbl_office_time` VALUES ('1621', '231', '0', '2', '00:00:00', '00:00:00');
INSERT INTO `tbl_office_time` VALUES ('1622', '231', '0', '3', '00:00:00', '00:00:00');
INSERT INTO `tbl_office_time` VALUES ('1623', '231', '0', '4', '00:00:00', '00:00:00');
INSERT INTO `tbl_office_time` VALUES ('1624', '231', '0', '5', '00:00:00', '00:00:00');
INSERT INTO `tbl_office_time` VALUES ('1625', '231', '0', '6', '00:00:00', '00:00:00');
INSERT INTO `tbl_office_time` VALUES ('1626', '232', '0', '0', '00:00:00', '00:00:00');
INSERT INTO `tbl_office_time` VALUES ('1627', '232', '0', '1', '00:00:00', '00:00:00');
INSERT INTO `tbl_office_time` VALUES ('1628', '232', '0', '2', '00:00:00', '00:00:00');
INSERT INTO `tbl_office_time` VALUES ('1629', '232', '0', '3', '00:00:00', '00:00:00');
INSERT INTO `tbl_office_time` VALUES ('1630', '232', '0', '4', '00:00:00', '00:00:00');
INSERT INTO `tbl_office_time` VALUES ('1631', '232', '0', '5', '00:00:00', '00:00:00');
INSERT INTO `tbl_office_time` VALUES ('1632', '232', '0', '6', '00:00:00', '00:00:00');
INSERT INTO `tbl_office_time` VALUES ('1633', '233', '0', '0', '08:00:00', '00:00:00');
INSERT INTO `tbl_office_time` VALUES ('1634', '233', '0', '1', '08:00:00', '00:00:00');
INSERT INTO `tbl_office_time` VALUES ('1635', '233', '0', '2', '08:00:00', '00:00:00');
INSERT INTO `tbl_office_time` VALUES ('1636', '233', '0', '3', '08:00:00', '00:00:00');
INSERT INTO `tbl_office_time` VALUES ('1637', '233', '0', '4', '08:00:00', '00:00:00');
INSERT INTO `tbl_office_time` VALUES ('1638', '233', '0', '5', '00:00:00', '00:00:00');
INSERT INTO `tbl_office_time` VALUES ('1639', '233', '0', '6', '08:00:00', '00:00:00');
INSERT INTO `tbl_office_time` VALUES ('1640', '234', '0', '0', '08:00:00', '00:00:00');
INSERT INTO `tbl_office_time` VALUES ('1641', '234', '0', '1', '08:00:00', '00:00:00');
INSERT INTO `tbl_office_time` VALUES ('1642', '234', '0', '2', '08:00:00', '00:00:00');
INSERT INTO `tbl_office_time` VALUES ('1643', '234', '0', '3', '08:00:00', '00:00:00');
INSERT INTO `tbl_office_time` VALUES ('1644', '234', '0', '4', '08:00:00', '00:00:00');
INSERT INTO `tbl_office_time` VALUES ('1645', '234', '0', '5', '00:00:00', '00:00:00');
INSERT INTO `tbl_office_time` VALUES ('1646', '234', '0', '6', '08:00:00', '00:00:00');
INSERT INTO `tbl_office_time` VALUES ('1647', '235', '0', '0', '10:00:00', '00:00:00');
INSERT INTO `tbl_office_time` VALUES ('1648', '235', '0', '1', '10:00:00', '00:00:00');
INSERT INTO `tbl_office_time` VALUES ('1649', '235', '0', '2', '10:00:00', '00:00:00');
INSERT INTO `tbl_office_time` VALUES ('1650', '235', '0', '3', '10:00:00', '00:00:00');
INSERT INTO `tbl_office_time` VALUES ('1651', '235', '0', '4', '10:00:00', '00:00:00');
INSERT INTO `tbl_office_time` VALUES ('1652', '235', '0', '5', '00:00:00', '00:00:00');
INSERT INTO `tbl_office_time` VALUES ('1653', '235', '0', '6', '10:00:00', '00:00:00');
INSERT INTO `tbl_office_time` VALUES ('1654', '236', '0', '0', '00:00:00', '00:00:00');
INSERT INTO `tbl_office_time` VALUES ('1655', '236', '0', '1', '10:00:00', '00:00:00');
INSERT INTO `tbl_office_time` VALUES ('1656', '236', '0', '2', '10:00:00', '00:00:00');
INSERT INTO `tbl_office_time` VALUES ('1657', '236', '0', '3', '10:00:00', '00:00:00');
INSERT INTO `tbl_office_time` VALUES ('1658', '236', '0', '4', '10:00:00', '00:00:00');
INSERT INTO `tbl_office_time` VALUES ('1659', '236', '0', '5', '10:00:00', '00:00:00');
INSERT INTO `tbl_office_time` VALUES ('1660', '236', '0', '6', '10:00:00', '00:00:00');
INSERT INTO `tbl_office_time` VALUES ('1661', '237', '0', '0', '00:00:00', '00:00:00');
INSERT INTO `tbl_office_time` VALUES ('1662', '237', '0', '1', '10:00:00', '00:00:00');
INSERT INTO `tbl_office_time` VALUES ('1663', '237', '0', '2', '10:00:00', '00:00:00');
INSERT INTO `tbl_office_time` VALUES ('1664', '237', '0', '3', '10:00:00', '00:00:00');
INSERT INTO `tbl_office_time` VALUES ('1665', '237', '0', '4', '10:00:00', '00:00:00');
INSERT INTO `tbl_office_time` VALUES ('1666', '237', '0', '5', '10:00:00', '00:00:00');
INSERT INTO `tbl_office_time` VALUES ('1667', '237', '0', '6', '10:00:00', '00:00:00');
INSERT INTO `tbl_office_time` VALUES ('1668', '238', '0', '0', '00:00:00', '00:00:00');
INSERT INTO `tbl_office_time` VALUES ('1669', '238', '0', '1', '10:00:00', '00:00:00');
INSERT INTO `tbl_office_time` VALUES ('1670', '238', '0', '2', '10:00:00', '00:00:00');
INSERT INTO `tbl_office_time` VALUES ('1671', '238', '0', '3', '10:00:00', '00:00:00');
INSERT INTO `tbl_office_time` VALUES ('1672', '238', '0', '4', '10:00:00', '00:00:00');
INSERT INTO `tbl_office_time` VALUES ('1673', '238', '0', '5', '10:00:00', '00:00:00');
INSERT INTO `tbl_office_time` VALUES ('1674', '238', '0', '6', '10:00:00', '00:00:00');
INSERT INTO `tbl_office_time` VALUES ('1675', '239', '0', '0', '00:00:00', '00:00:00');
INSERT INTO `tbl_office_time` VALUES ('1676', '239', '0', '1', '10:00:00', '00:00:00');
INSERT INTO `tbl_office_time` VALUES ('1677', '239', '0', '2', '10:00:00', '00:00:00');
INSERT INTO `tbl_office_time` VALUES ('1678', '239', '0', '3', '10:00:00', '00:00:00');
INSERT INTO `tbl_office_time` VALUES ('1679', '239', '0', '4', '10:00:00', '00:00:00');
INSERT INTO `tbl_office_time` VALUES ('1680', '239', '0', '5', '10:00:00', '00:00:00');
INSERT INTO `tbl_office_time` VALUES ('1681', '239', '0', '6', '10:00:00', '00:00:00');
INSERT INTO `tbl_office_time` VALUES ('1682', '240', '0', '0', '00:00:00', '00:00:00');
INSERT INTO `tbl_office_time` VALUES ('1683', '240', '0', '1', '10:00:00', '00:00:00');
INSERT INTO `tbl_office_time` VALUES ('1684', '240', '0', '2', '10:00:00', '00:00:00');
INSERT INTO `tbl_office_time` VALUES ('1685', '240', '0', '3', '10:00:00', '00:00:00');
INSERT INTO `tbl_office_time` VALUES ('1686', '240', '0', '4', '10:00:00', '00:00:00');
INSERT INTO `tbl_office_time` VALUES ('1687', '240', '0', '5', '10:00:00', '00:00:00');
INSERT INTO `tbl_office_time` VALUES ('1688', '240', '0', '6', '10:00:00', '00:00:00');
INSERT INTO `tbl_office_time` VALUES ('1689', '241', '0', '0', '00:00:00', '00:00:00');
INSERT INTO `tbl_office_time` VALUES ('1690', '241', '0', '1', '00:00:00', '00:00:00');
INSERT INTO `tbl_office_time` VALUES ('1691', '241', '0', '2', '00:00:00', '00:00:00');
INSERT INTO `tbl_office_time` VALUES ('1692', '241', '0', '3', '00:00:00', '00:00:00');
INSERT INTO `tbl_office_time` VALUES ('1693', '241', '0', '4', '00:00:00', '00:00:00');
INSERT INTO `tbl_office_time` VALUES ('1694', '241', '0', '5', '00:00:00', '00:00:00');
INSERT INTO `tbl_office_time` VALUES ('1695', '241', '0', '6', '00:00:00', '00:00:00');
INSERT INTO `tbl_office_time` VALUES ('1696', '242', '0', '0', '00:00:00', '00:00:00');
INSERT INTO `tbl_office_time` VALUES ('1697', '242', '0', '1', '00:00:00', '00:00:00');
INSERT INTO `tbl_office_time` VALUES ('1698', '242', '0', '2', '00:00:00', '00:00:00');
INSERT INTO `tbl_office_time` VALUES ('1699', '242', '0', '3', '00:00:00', '00:00:00');
INSERT INTO `tbl_office_time` VALUES ('1700', '242', '0', '4', '00:00:00', '00:00:00');
INSERT INTO `tbl_office_time` VALUES ('1701', '242', '0', '5', '00:00:00', '00:00:00');
INSERT INTO `tbl_office_time` VALUES ('1702', '242', '0', '6', '00:00:00', '00:00:00');
INSERT INTO `tbl_office_time` VALUES ('1703', '243', '0', '0', '00:00:00', '00:00:00');
INSERT INTO `tbl_office_time` VALUES ('1704', '243', '0', '1', '00:00:00', '00:00:00');
INSERT INTO `tbl_office_time` VALUES ('1705', '243', '0', '2', '00:00:00', '00:00:00');
INSERT INTO `tbl_office_time` VALUES ('1706', '243', '0', '3', '00:00:00', '00:00:00');
INSERT INTO `tbl_office_time` VALUES ('1707', '243', '0', '4', '00:00:00', '00:00:00');
INSERT INTO `tbl_office_time` VALUES ('1708', '243', '0', '5', '00:00:00', '00:00:00');
INSERT INTO `tbl_office_time` VALUES ('1709', '243', '0', '6', '00:00:00', '00:00:00');
INSERT INTO `tbl_office_time` VALUES ('1710', '244', '0', '0', '00:00:00', '00:00:00');
INSERT INTO `tbl_office_time` VALUES ('1711', '244', '0', '1', '00:00:00', '00:00:00');
INSERT INTO `tbl_office_time` VALUES ('1712', '244', '0', '2', '00:00:00', '00:00:00');
INSERT INTO `tbl_office_time` VALUES ('1713', '244', '0', '3', '00:00:00', '00:00:00');
INSERT INTO `tbl_office_time` VALUES ('1714', '244', '0', '4', '00:00:00', '00:00:00');
INSERT INTO `tbl_office_time` VALUES ('1715', '244', '0', '5', '00:00:00', '00:00:00');
INSERT INTO `tbl_office_time` VALUES ('1716', '244', '0', '6', '00:00:00', '00:00:00');
INSERT INTO `tbl_office_time` VALUES ('1717', '245', '0', '0', '00:00:00', '00:00:00');
INSERT INTO `tbl_office_time` VALUES ('1718', '245', '0', '1', '00:00:00', '00:00:00');
INSERT INTO `tbl_office_time` VALUES ('1719', '245', '0', '2', '00:00:00', '00:00:00');
INSERT INTO `tbl_office_time` VALUES ('1720', '245', '0', '3', '00:00:00', '00:00:00');
INSERT INTO `tbl_office_time` VALUES ('1721', '245', '0', '4', '00:00:00', '00:00:00');
INSERT INTO `tbl_office_time` VALUES ('1722', '245', '0', '5', '00:00:00', '00:00:00');
INSERT INTO `tbl_office_time` VALUES ('1723', '245', '0', '6', '00:00:00', '00:00:00');
INSERT INTO `tbl_office_time` VALUES ('1724', '246', '0', '0', '00:00:00', '00:00:00');
INSERT INTO `tbl_office_time` VALUES ('1725', '246', '0', '1', '00:00:00', '00:00:00');
INSERT INTO `tbl_office_time` VALUES ('1726', '246', '0', '2', '00:00:00', '00:00:00');
INSERT INTO `tbl_office_time` VALUES ('1727', '246', '0', '3', '00:00:00', '00:00:00');
INSERT INTO `tbl_office_time` VALUES ('1728', '246', '0', '4', '00:00:00', '00:00:00');
INSERT INTO `tbl_office_time` VALUES ('1729', '246', '0', '5', '00:00:00', '00:00:00');
INSERT INTO `tbl_office_time` VALUES ('1730', '246', '0', '6', '00:00:00', '00:00:00');
INSERT INTO `tbl_office_time` VALUES ('1731', '247', '0', '0', '00:00:00', '00:00:00');
INSERT INTO `tbl_office_time` VALUES ('1732', '247', '0', '1', '00:00:00', '00:00:00');
INSERT INTO `tbl_office_time` VALUES ('1733', '247', '0', '2', '00:00:00', '00:00:00');
INSERT INTO `tbl_office_time` VALUES ('1734', '247', '0', '3', '00:00:00', '00:00:00');
INSERT INTO `tbl_office_time` VALUES ('1735', '247', '0', '4', '00:00:00', '00:00:00');
INSERT INTO `tbl_office_time` VALUES ('1736', '247', '0', '5', '00:00:00', '00:00:00');
INSERT INTO `tbl_office_time` VALUES ('1737', '247', '0', '6', '00:00:00', '00:00:00');
INSERT INTO `tbl_office_time` VALUES ('1738', '248', '0', '0', '00:00:00', '00:00:00');
INSERT INTO `tbl_office_time` VALUES ('1739', '248', '0', '1', '00:00:00', '00:00:00');
INSERT INTO `tbl_office_time` VALUES ('1740', '248', '0', '2', '00:00:00', '00:00:00');
INSERT INTO `tbl_office_time` VALUES ('1741', '248', '0', '3', '00:00:00', '00:00:00');
INSERT INTO `tbl_office_time` VALUES ('1742', '248', '0', '4', '00:00:00', '00:00:00');
INSERT INTO `tbl_office_time` VALUES ('1743', '248', '0', '5', '00:00:00', '00:00:00');
INSERT INTO `tbl_office_time` VALUES ('1744', '248', '0', '6', '00:00:00', '00:00:00');
INSERT INTO `tbl_office_time` VALUES ('1745', '249', '0', '0', '00:00:00', '00:00:00');
INSERT INTO `tbl_office_time` VALUES ('1746', '249', '0', '1', '00:00:00', '00:00:00');
INSERT INTO `tbl_office_time` VALUES ('1747', '249', '0', '2', '00:00:00', '00:00:00');
INSERT INTO `tbl_office_time` VALUES ('1748', '249', '0', '3', '00:00:00', '00:00:00');
INSERT INTO `tbl_office_time` VALUES ('1749', '249', '0', '4', '00:00:00', '00:00:00');
INSERT INTO `tbl_office_time` VALUES ('1750', '249', '0', '5', '00:00:00', '00:00:00');
INSERT INTO `tbl_office_time` VALUES ('1751', '249', '0', '6', '00:00:00', '00:00:00');
INSERT INTO `tbl_office_time` VALUES ('1752', '250', '0', '0', '00:00:00', '00:00:00');
INSERT INTO `tbl_office_time` VALUES ('1753', '250', '0', '1', '00:00:00', '00:00:00');
INSERT INTO `tbl_office_time` VALUES ('1754', '250', '0', '2', '00:00:00', '00:00:00');
INSERT INTO `tbl_office_time` VALUES ('1755', '250', '0', '3', '00:00:00', '00:00:00');
INSERT INTO `tbl_office_time` VALUES ('1756', '250', '0', '4', '00:00:00', '00:00:00');
INSERT INTO `tbl_office_time` VALUES ('1757', '250', '0', '5', '00:00:00', '00:00:00');
INSERT INTO `tbl_office_time` VALUES ('1758', '250', '0', '6', '00:00:00', '00:00:00');
INSERT INTO `tbl_office_time` VALUES ('1759', '251', '0', '0', '00:00:00', '00:00:00');
INSERT INTO `tbl_office_time` VALUES ('1760', '251', '0', '1', '00:00:00', '00:00:00');
INSERT INTO `tbl_office_time` VALUES ('1761', '251', '0', '2', '00:00:00', '00:00:00');
INSERT INTO `tbl_office_time` VALUES ('1762', '251', '0', '3', '00:00:00', '00:00:00');
INSERT INTO `tbl_office_time` VALUES ('1763', '251', '0', '4', '00:00:00', '00:00:00');
INSERT INTO `tbl_office_time` VALUES ('1764', '251', '0', '5', '00:00:00', '00:00:00');
INSERT INTO `tbl_office_time` VALUES ('1765', '251', '0', '6', '00:00:00', '00:00:00');
INSERT INTO `tbl_office_time` VALUES ('1766', '252', '0', '0', '00:00:00', '00:00:00');
INSERT INTO `tbl_office_time` VALUES ('1767', '252', '0', '1', '00:00:00', '00:00:00');
INSERT INTO `tbl_office_time` VALUES ('1768', '252', '0', '2', '00:00:00', '00:00:00');
INSERT INTO `tbl_office_time` VALUES ('1769', '252', '0', '3', '00:00:00', '00:00:00');
INSERT INTO `tbl_office_time` VALUES ('1770', '252', '0', '4', '00:00:00', '00:00:00');
INSERT INTO `tbl_office_time` VALUES ('1771', '252', '0', '5', '00:00:00', '00:00:00');
INSERT INTO `tbl_office_time` VALUES ('1772', '252', '0', '6', '00:00:00', '00:00:00');
INSERT INTO `tbl_office_time` VALUES ('1773', '253', '0', '0', '00:00:00', '00:00:00');
INSERT INTO `tbl_office_time` VALUES ('1774', '253', '0', '1', '00:00:00', '00:00:00');
INSERT INTO `tbl_office_time` VALUES ('1775', '253', '0', '2', '00:00:00', '00:00:00');
INSERT INTO `tbl_office_time` VALUES ('1776', '253', '0', '3', '00:00:00', '00:00:00');
INSERT INTO `tbl_office_time` VALUES ('1777', '253', '0', '4', '00:00:00', '00:00:00');
INSERT INTO `tbl_office_time` VALUES ('1778', '253', '0', '5', '00:00:00', '00:00:00');
INSERT INTO `tbl_office_time` VALUES ('1779', '253', '0', '6', '00:00:00', '00:00:00');
INSERT INTO `tbl_office_time` VALUES ('1780', '254', '0', '0', '00:00:00', '00:00:00');
INSERT INTO `tbl_office_time` VALUES ('1781', '254', '0', '1', '00:00:00', '00:00:00');
INSERT INTO `tbl_office_time` VALUES ('1782', '254', '0', '2', '00:00:00', '00:00:00');
INSERT INTO `tbl_office_time` VALUES ('1783', '254', '0', '3', '00:00:00', '00:00:00');
INSERT INTO `tbl_office_time` VALUES ('1784', '254', '0', '4', '00:00:00', '00:00:00');
INSERT INTO `tbl_office_time` VALUES ('1785', '254', '0', '5', '00:00:00', '00:00:00');
INSERT INTO `tbl_office_time` VALUES ('1786', '254', '0', '6', '00:00:00', '00:00:00');
INSERT INTO `tbl_office_time` VALUES ('1787', '255', '0', '0', '00:00:00', '00:00:00');
INSERT INTO `tbl_office_time` VALUES ('1788', '255', '0', '1', '00:00:00', '00:00:00');
INSERT INTO `tbl_office_time` VALUES ('1789', '255', '0', '2', '00:00:00', '00:00:00');
INSERT INTO `tbl_office_time` VALUES ('1790', '255', '0', '3', '00:00:00', '00:00:00');
INSERT INTO `tbl_office_time` VALUES ('1791', '255', '0', '4', '00:00:00', '00:00:00');
INSERT INTO `tbl_office_time` VALUES ('1792', '255', '0', '5', '00:00:00', '00:00:00');
INSERT INTO `tbl_office_time` VALUES ('1793', '255', '0', '6', '00:00:00', '00:00:00');
INSERT INTO `tbl_office_time` VALUES ('1794', '256', '0', '0', '00:00:00', '00:00:00');
INSERT INTO `tbl_office_time` VALUES ('1795', '256', '0', '1', '00:00:00', '00:00:00');
INSERT INTO `tbl_office_time` VALUES ('1796', '256', '0', '2', '00:00:00', '00:00:00');
INSERT INTO `tbl_office_time` VALUES ('1797', '256', '0', '3', '00:00:00', '00:00:00');
INSERT INTO `tbl_office_time` VALUES ('1798', '256', '0', '4', '00:00:00', '00:00:00');
INSERT INTO `tbl_office_time` VALUES ('1799', '256', '0', '5', '00:00:00', '00:00:00');
INSERT INTO `tbl_office_time` VALUES ('1800', '256', '0', '6', '00:00:00', '00:00:00');
INSERT INTO `tbl_office_time` VALUES ('1801', '257', '0', '0', '00:00:00', '00:00:00');
INSERT INTO `tbl_office_time` VALUES ('1802', '257', '0', '1', '00:00:00', '00:00:00');
INSERT INTO `tbl_office_time` VALUES ('1803', '257', '0', '2', '00:00:00', '00:00:00');
INSERT INTO `tbl_office_time` VALUES ('1804', '257', '0', '3', '00:00:00', '00:00:00');
INSERT INTO `tbl_office_time` VALUES ('1805', '257', '0', '4', '00:00:00', '00:00:00');
INSERT INTO `tbl_office_time` VALUES ('1806', '257', '0', '5', '00:00:00', '00:00:00');
INSERT INTO `tbl_office_time` VALUES ('1807', '257', '0', '6', '00:00:00', '00:00:00');
INSERT INTO `tbl_office_time` VALUES ('1808', '258', '0', '0', '00:00:00', '00:00:00');
INSERT INTO `tbl_office_time` VALUES ('1809', '258', '0', '1', '00:00:00', '00:00:00');
INSERT INTO `tbl_office_time` VALUES ('1810', '258', '0', '2', '00:00:00', '00:00:00');
INSERT INTO `tbl_office_time` VALUES ('1811', '258', '0', '3', '00:00:00', '00:00:00');
INSERT INTO `tbl_office_time` VALUES ('1812', '258', '0', '4', '00:00:00', '00:00:00');
INSERT INTO `tbl_office_time` VALUES ('1813', '258', '0', '5', '00:00:00', '00:00:00');
INSERT INTO `tbl_office_time` VALUES ('1814', '258', '0', '6', '00:00:00', '00:00:00');
INSERT INTO `tbl_office_time` VALUES ('1815', '259', '0', '0', '00:00:00', '00:00:00');
INSERT INTO `tbl_office_time` VALUES ('1816', '259', '0', '1', '00:00:00', '00:00:00');
INSERT INTO `tbl_office_time` VALUES ('1817', '259', '0', '2', '00:00:00', '00:00:00');
INSERT INTO `tbl_office_time` VALUES ('1818', '259', '0', '3', '00:00:00', '00:00:00');
INSERT INTO `tbl_office_time` VALUES ('1819', '259', '0', '4', '00:00:00', '00:00:00');
INSERT INTO `tbl_office_time` VALUES ('1820', '259', '0', '5', '00:00:00', '00:00:00');
INSERT INTO `tbl_office_time` VALUES ('1821', '259', '0', '6', '00:00:00', '00:00:00');
INSERT INTO `tbl_office_time` VALUES ('1822', '260', '0', '0', '00:00:00', '00:00:00');
INSERT INTO `tbl_office_time` VALUES ('1823', '260', '0', '1', '00:00:00', '00:00:00');
INSERT INTO `tbl_office_time` VALUES ('1824', '260', '0', '2', '00:00:00', '00:00:00');
INSERT INTO `tbl_office_time` VALUES ('1825', '260', '0', '3', '00:00:00', '00:00:00');
INSERT INTO `tbl_office_time` VALUES ('1826', '260', '0', '4', '00:00:00', '00:00:00');
INSERT INTO `tbl_office_time` VALUES ('1827', '260', '0', '5', '00:00:00', '00:00:00');
INSERT INTO `tbl_office_time` VALUES ('1828', '260', '0', '6', '00:00:00', '00:00:00');
INSERT INTO `tbl_office_time` VALUES ('1829', '261', '0', '0', '00:00:00', '00:00:00');
INSERT INTO `tbl_office_time` VALUES ('1830', '261', '0', '1', '00:00:00', '00:00:00');
INSERT INTO `tbl_office_time` VALUES ('1831', '261', '0', '2', '00:00:00', '00:00:00');
INSERT INTO `tbl_office_time` VALUES ('1832', '261', '0', '3', '00:00:00', '00:00:00');
INSERT INTO `tbl_office_time` VALUES ('1833', '261', '0', '4', '00:00:00', '00:00:00');
INSERT INTO `tbl_office_time` VALUES ('1834', '261', '0', '5', '00:00:00', '00:00:00');
INSERT INTO `tbl_office_time` VALUES ('1835', '261', '0', '6', '00:00:00', '00:00:00');
INSERT INTO `tbl_office_time` VALUES ('1836', '262', '0', '0', '00:00:00', '00:00:00');
INSERT INTO `tbl_office_time` VALUES ('1837', '262', '0', '1', '00:00:00', '00:00:00');
INSERT INTO `tbl_office_time` VALUES ('1838', '262', '0', '2', '00:00:00', '00:00:00');
INSERT INTO `tbl_office_time` VALUES ('1839', '262', '0', '3', '00:00:00', '00:00:00');
INSERT INTO `tbl_office_time` VALUES ('1840', '262', '0', '4', '00:00:00', '00:00:00');
INSERT INTO `tbl_office_time` VALUES ('1841', '262', '0', '5', '00:00:00', '00:00:00');
INSERT INTO `tbl_office_time` VALUES ('1842', '262', '0', '6', '00:00:00', '00:00:00');
INSERT INTO `tbl_office_time` VALUES ('1843', '263', '0', '0', '00:00:00', '00:00:00');
INSERT INTO `tbl_office_time` VALUES ('1844', '263', '0', '1', '00:00:00', '00:00:00');
INSERT INTO `tbl_office_time` VALUES ('1845', '263', '0', '2', '00:00:00', '00:00:00');
INSERT INTO `tbl_office_time` VALUES ('1846', '263', '0', '3', '00:00:00', '00:00:00');
INSERT INTO `tbl_office_time` VALUES ('1847', '263', '0', '4', '00:00:00', '00:00:00');
INSERT INTO `tbl_office_time` VALUES ('1848', '263', '0', '5', '00:00:00', '00:00:00');
INSERT INTO `tbl_office_time` VALUES ('1849', '263', '0', '6', '00:00:00', '00:00:00');
INSERT INTO `tbl_office_time` VALUES ('1850', '264', '0', '0', '00:00:00', '00:00:00');
INSERT INTO `tbl_office_time` VALUES ('1851', '264', '0', '1', '00:00:00', '00:00:00');
INSERT INTO `tbl_office_time` VALUES ('1852', '264', '0', '2', '00:00:00', '00:00:00');
INSERT INTO `tbl_office_time` VALUES ('1853', '264', '0', '3', '00:00:00', '00:00:00');
INSERT INTO `tbl_office_time` VALUES ('1854', '264', '0', '4', '00:00:00', '00:00:00');
INSERT INTO `tbl_office_time` VALUES ('1855', '264', '0', '5', '00:00:00', '00:00:00');
INSERT INTO `tbl_office_time` VALUES ('1856', '264', '0', '6', '00:00:00', '00:00:00');
INSERT INTO `tbl_office_time` VALUES ('1857', '265', '0', '0', '00:00:00', '00:00:00');
INSERT INTO `tbl_office_time` VALUES ('1858', '265', '0', '1', '00:00:00', '00:00:00');
INSERT INTO `tbl_office_time` VALUES ('1859', '265', '0', '2', '00:00:00', '00:00:00');
INSERT INTO `tbl_office_time` VALUES ('1860', '265', '0', '3', '00:00:00', '00:00:00');
INSERT INTO `tbl_office_time` VALUES ('1861', '265', '0', '4', '00:00:00', '00:00:00');
INSERT INTO `tbl_office_time` VALUES ('1862', '265', '0', '5', '00:00:00', '00:00:00');
INSERT INTO `tbl_office_time` VALUES ('1863', '265', '0', '6', '00:00:00', '00:00:00');
INSERT INTO `tbl_office_time` VALUES ('1864', '266', '0', '0', '00:00:00', '00:00:00');
INSERT INTO `tbl_office_time` VALUES ('1865', '266', '0', '1', '00:00:00', '00:00:00');
INSERT INTO `tbl_office_time` VALUES ('1866', '266', '0', '2', '00:00:00', '00:00:00');
INSERT INTO `tbl_office_time` VALUES ('1867', '266', '0', '3', '00:00:00', '00:00:00');
INSERT INTO `tbl_office_time` VALUES ('1868', '266', '0', '4', '00:00:00', '00:00:00');
INSERT INTO `tbl_office_time` VALUES ('1869', '266', '0', '5', '00:00:00', '00:00:00');
INSERT INTO `tbl_office_time` VALUES ('1870', '266', '0', '6', '00:00:00', '00:00:00');
INSERT INTO `tbl_office_time` VALUES ('1871', '267', '0', '0', '00:00:00', '00:00:00');
INSERT INTO `tbl_office_time` VALUES ('1872', '267', '0', '1', '00:00:00', '00:00:00');
INSERT INTO `tbl_office_time` VALUES ('1873', '267', '0', '2', '00:00:00', '00:00:00');
INSERT INTO `tbl_office_time` VALUES ('1874', '267', '0', '3', '00:00:00', '00:00:00');
INSERT INTO `tbl_office_time` VALUES ('1875', '267', '0', '4', '00:00:00', '00:00:00');
INSERT INTO `tbl_office_time` VALUES ('1876', '267', '0', '5', '00:00:00', '00:00:00');
INSERT INTO `tbl_office_time` VALUES ('1877', '267', '0', '6', '00:00:00', '00:00:00');
INSERT INTO `tbl_office_time` VALUES ('1878', '268', '0', '0', '00:00:00', '00:00:00');
INSERT INTO `tbl_office_time` VALUES ('1879', '268', '0', '1', '00:00:00', '00:00:00');
INSERT INTO `tbl_office_time` VALUES ('1880', '268', '0', '2', '00:00:00', '00:00:00');
INSERT INTO `tbl_office_time` VALUES ('1881', '268', '0', '3', '00:00:00', '00:00:00');
INSERT INTO `tbl_office_time` VALUES ('1882', '268', '0', '4', '00:00:00', '00:00:00');
INSERT INTO `tbl_office_time` VALUES ('1883', '268', '0', '5', '00:00:00', '00:00:00');
INSERT INTO `tbl_office_time` VALUES ('1884', '268', '0', '6', '00:00:00', '00:00:00');
INSERT INTO `tbl_office_time` VALUES ('1885', '269', '0', '0', '10:00:00', '00:00:00');
INSERT INTO `tbl_office_time` VALUES ('1886', '269', '0', '1', '10:00:00', '00:00:00');
INSERT INTO `tbl_office_time` VALUES ('1887', '269', '0', '2', '10:00:00', '00:00:00');
INSERT INTO `tbl_office_time` VALUES ('1888', '269', '0', '3', '10:00:00', '00:00:00');
INSERT INTO `tbl_office_time` VALUES ('1889', '269', '0', '4', '10:00:00', '00:00:00');
INSERT INTO `tbl_office_time` VALUES ('1890', '269', '0', '5', '10:00:00', '00:00:00');
INSERT INTO `tbl_office_time` VALUES ('1891', '269', '0', '6', '10:00:00', '00:00:00');
INSERT INTO `tbl_office_time` VALUES ('1892', '270', '0', '0', '00:00:00', '00:00:00');
INSERT INTO `tbl_office_time` VALUES ('1893', '270', '0', '1', '00:00:00', '00:00:00');
INSERT INTO `tbl_office_time` VALUES ('1894', '270', '0', '2', '00:00:00', '00:00:00');
INSERT INTO `tbl_office_time` VALUES ('1895', '270', '0', '3', '00:00:00', '00:00:00');
INSERT INTO `tbl_office_time` VALUES ('1896', '270', '0', '4', '00:00:00', '00:00:00');
INSERT INTO `tbl_office_time` VALUES ('1897', '270', '0', '5', '00:00:00', '00:00:00');
INSERT INTO `tbl_office_time` VALUES ('1898', '270', '0', '6', '00:00:00', '00:00:00');
INSERT INTO `tbl_office_time` VALUES ('1899', '271', '0', '0', '00:00:00', '00:00:00');
INSERT INTO `tbl_office_time` VALUES ('1900', '271', '0', '1', '00:00:00', '00:00:00');
INSERT INTO `tbl_office_time` VALUES ('1901', '271', '0', '2', '00:00:00', '00:00:00');
INSERT INTO `tbl_office_time` VALUES ('1902', '271', '0', '3', '00:00:00', '00:00:00');
INSERT INTO `tbl_office_time` VALUES ('1903', '271', '0', '4', '00:00:00', '00:00:00');
INSERT INTO `tbl_office_time` VALUES ('1904', '271', '0', '5', '00:00:00', '00:00:00');
INSERT INTO `tbl_office_time` VALUES ('1905', '271', '0', '6', '00:00:00', '00:00:00');
INSERT INTO `tbl_office_time` VALUES ('1906', '272', '0', '0', '00:00:00', '00:00:00');
INSERT INTO `tbl_office_time` VALUES ('1907', '272', '0', '1', '00:00:00', '00:00:00');
INSERT INTO `tbl_office_time` VALUES ('1908', '272', '0', '2', '00:00:00', '00:00:00');
INSERT INTO `tbl_office_time` VALUES ('1909', '272', '0', '3', '00:00:00', '00:00:00');
INSERT INTO `tbl_office_time` VALUES ('1910', '272', '0', '4', '00:00:00', '00:00:00');
INSERT INTO `tbl_office_time` VALUES ('1911', '272', '0', '5', '00:00:00', '00:00:00');
INSERT INTO `tbl_office_time` VALUES ('1912', '272', '0', '6', '00:00:00', '00:00:00');
INSERT INTO `tbl_office_time` VALUES ('1913', '273', '0', '0', '00:00:00', '00:00:00');
INSERT INTO `tbl_office_time` VALUES ('1914', '273', '0', '1', '00:00:00', '00:00:00');
INSERT INTO `tbl_office_time` VALUES ('1915', '273', '0', '2', '00:00:00', '00:00:00');
INSERT INTO `tbl_office_time` VALUES ('1916', '273', '0', '3', '00:00:00', '00:00:00');
INSERT INTO `tbl_office_time` VALUES ('1917', '273', '0', '4', '00:00:00', '00:00:00');
INSERT INTO `tbl_office_time` VALUES ('1918', '273', '0', '5', '00:00:00', '00:00:00');
INSERT INTO `tbl_office_time` VALUES ('1919', '273', '0', '6', '00:00:00', '00:00:00');
INSERT INTO `tbl_office_time` VALUES ('1920', '274', '0', '0', '00:00:00', '00:00:00');
INSERT INTO `tbl_office_time` VALUES ('1921', '274', '0', '1', '00:00:00', '00:00:00');
INSERT INTO `tbl_office_time` VALUES ('1922', '274', '0', '2', '00:00:00', '00:00:00');
INSERT INTO `tbl_office_time` VALUES ('1923', '274', '0', '3', '00:00:00', '00:00:00');
INSERT INTO `tbl_office_time` VALUES ('1924', '274', '0', '4', '00:00:00', '00:00:00');
INSERT INTO `tbl_office_time` VALUES ('1925', '274', '0', '5', '00:00:00', '00:00:00');
INSERT INTO `tbl_office_time` VALUES ('1926', '274', '0', '6', '00:00:00', '00:00:00');
INSERT INTO `tbl_office_time` VALUES ('1927', '275', '0', '0', '00:00:00', '00:00:00');
INSERT INTO `tbl_office_time` VALUES ('1928', '275', '0', '1', '00:00:00', '00:00:00');
INSERT INTO `tbl_office_time` VALUES ('1929', '275', '0', '2', '00:00:00', '00:00:00');
INSERT INTO `tbl_office_time` VALUES ('1930', '275', '0', '3', '00:00:00', '00:00:00');
INSERT INTO `tbl_office_time` VALUES ('1931', '275', '0', '4', '00:00:00', '00:00:00');
INSERT INTO `tbl_office_time` VALUES ('1932', '275', '0', '5', '00:00:00', '00:00:00');
INSERT INTO `tbl_office_time` VALUES ('1933', '275', '0', '6', '00:00:00', '00:00:00');
INSERT INTO `tbl_office_time` VALUES ('1934', '276', '0', '0', '00:00:00', '00:00:00');
INSERT INTO `tbl_office_time` VALUES ('1935', '276', '0', '1', '00:00:00', '00:00:00');
INSERT INTO `tbl_office_time` VALUES ('1936', '276', '0', '2', '00:00:00', '00:00:00');
INSERT INTO `tbl_office_time` VALUES ('1937', '276', '0', '3', '00:00:00', '00:00:00');
INSERT INTO `tbl_office_time` VALUES ('1938', '276', '0', '4', '00:00:00', '00:00:00');
INSERT INTO `tbl_office_time` VALUES ('1939', '276', '0', '5', '00:00:00', '00:00:00');
INSERT INTO `tbl_office_time` VALUES ('1940', '276', '0', '6', '00:00:00', '00:00:00');
INSERT INTO `tbl_office_time` VALUES ('1941', '277', '0', '0', '00:00:00', '00:00:00');
INSERT INTO `tbl_office_time` VALUES ('1942', '277', '0', '1', '00:00:00', '00:00:00');
INSERT INTO `tbl_office_time` VALUES ('1943', '277', '0', '2', '00:00:00', '00:00:00');
INSERT INTO `tbl_office_time` VALUES ('1944', '277', '0', '3', '00:00:00', '00:00:00');
INSERT INTO `tbl_office_time` VALUES ('1945', '277', '0', '4', '00:00:00', '00:00:00');
INSERT INTO `tbl_office_time` VALUES ('1946', '277', '0', '5', '00:00:00', '00:00:00');
INSERT INTO `tbl_office_time` VALUES ('1947', '277', '0', '6', '00:00:00', '00:00:00');
INSERT INTO `tbl_office_time` VALUES ('1948', '278', '0', '0', '00:00:00', '00:00:00');
INSERT INTO `tbl_office_time` VALUES ('1949', '278', '0', '1', '00:00:00', '00:00:00');
INSERT INTO `tbl_office_time` VALUES ('1950', '278', '0', '2', '00:00:00', '00:00:00');
INSERT INTO `tbl_office_time` VALUES ('1951', '278', '0', '3', '00:00:00', '00:00:00');
INSERT INTO `tbl_office_time` VALUES ('1952', '278', '0', '4', '00:00:00', '00:00:00');
INSERT INTO `tbl_office_time` VALUES ('1953', '278', '0', '5', '00:00:00', '00:00:00');
INSERT INTO `tbl_office_time` VALUES ('1954', '278', '0', '6', '00:00:00', '00:00:00');
INSERT INTO `tbl_office_time` VALUES ('1955', '279', '0', '0', '00:00:00', '00:00:00');
INSERT INTO `tbl_office_time` VALUES ('1956', '279', '0', '1', '00:00:00', '00:00:00');
INSERT INTO `tbl_office_time` VALUES ('1957', '279', '0', '2', '00:00:00', '00:00:00');
INSERT INTO `tbl_office_time` VALUES ('1958', '279', '0', '3', '00:00:00', '00:00:00');
INSERT INTO `tbl_office_time` VALUES ('1959', '279', '0', '4', '00:00:00', '00:00:00');
INSERT INTO `tbl_office_time` VALUES ('1960', '279', '0', '5', '00:00:00', '00:00:00');
INSERT INTO `tbl_office_time` VALUES ('1961', '279', '0', '6', '00:00:00', '00:00:00');
INSERT INTO `tbl_office_time` VALUES ('1962', '280', '0', '0', '00:00:00', '00:00:00');
INSERT INTO `tbl_office_time` VALUES ('1963', '280', '0', '1', '00:00:00', '00:00:00');
INSERT INTO `tbl_office_time` VALUES ('1964', '280', '0', '2', '00:00:00', '00:00:00');
INSERT INTO `tbl_office_time` VALUES ('1965', '280', '0', '3', '00:00:00', '00:00:00');
INSERT INTO `tbl_office_time` VALUES ('1966', '280', '0', '4', '00:00:00', '00:00:00');
INSERT INTO `tbl_office_time` VALUES ('1967', '280', '0', '5', '00:00:00', '00:00:00');
INSERT INTO `tbl_office_time` VALUES ('1968', '280', '0', '6', '00:00:00', '00:00:00');
INSERT INTO `tbl_office_time` VALUES ('1969', '281', '0', '0', '00:00:00', '00:00:00');
INSERT INTO `tbl_office_time` VALUES ('1970', '281', '0', '1', '00:00:00', '00:00:00');
INSERT INTO `tbl_office_time` VALUES ('1971', '281', '0', '2', '00:00:00', '00:00:00');
INSERT INTO `tbl_office_time` VALUES ('1972', '281', '0', '3', '00:00:00', '00:00:00');
INSERT INTO `tbl_office_time` VALUES ('1973', '281', '0', '4', '00:00:00', '00:00:00');
INSERT INTO `tbl_office_time` VALUES ('1974', '281', '0', '5', '00:00:00', '00:00:00');
INSERT INTO `tbl_office_time` VALUES ('1975', '281', '0', '6', '00:00:00', '00:00:00');
INSERT INTO `tbl_office_time` VALUES ('1976', '282', '0', '0', '00:00:00', '00:00:00');
INSERT INTO `tbl_office_time` VALUES ('1977', '282', '0', '1', '00:00:00', '00:00:00');
INSERT INTO `tbl_office_time` VALUES ('1978', '282', '0', '2', '00:00:00', '00:00:00');
INSERT INTO `tbl_office_time` VALUES ('1979', '282', '0', '3', '00:00:00', '00:00:00');
INSERT INTO `tbl_office_time` VALUES ('1980', '282', '0', '4', '00:00:00', '00:00:00');
INSERT INTO `tbl_office_time` VALUES ('1981', '282', '0', '5', '00:00:00', '00:00:00');
INSERT INTO `tbl_office_time` VALUES ('1982', '282', '0', '6', '00:00:00', '00:00:00');
INSERT INTO `tbl_office_time` VALUES ('1983', '283', '0', '0', '00:00:00', '00:00:00');
INSERT INTO `tbl_office_time` VALUES ('1984', '283', '0', '1', '00:00:00', '00:00:00');
INSERT INTO `tbl_office_time` VALUES ('1985', '283', '0', '2', '00:00:00', '00:00:00');
INSERT INTO `tbl_office_time` VALUES ('1986', '283', '0', '3', '00:00:00', '00:00:00');
INSERT INTO `tbl_office_time` VALUES ('1987', '283', '0', '4', '00:00:00', '00:00:00');
INSERT INTO `tbl_office_time` VALUES ('1988', '283', '0', '5', '00:00:00', '00:00:00');
INSERT INTO `tbl_office_time` VALUES ('1989', '283', '0', '6', '00:00:00', '00:00:00');
INSERT INTO `tbl_office_time` VALUES ('1990', '284', '0', '0', '00:00:00', '00:00:00');
INSERT INTO `tbl_office_time` VALUES ('1991', '284', '0', '1', '00:00:00', '00:00:00');
INSERT INTO `tbl_office_time` VALUES ('1992', '284', '0', '2', '00:00:00', '00:00:00');
INSERT INTO `tbl_office_time` VALUES ('1993', '284', '0', '3', '00:00:00', '00:00:00');
INSERT INTO `tbl_office_time` VALUES ('1994', '284', '0', '4', '00:00:00', '00:00:00');
INSERT INTO `tbl_office_time` VALUES ('1995', '284', '0', '5', '00:00:00', '00:00:00');
INSERT INTO `tbl_office_time` VALUES ('1996', '284', '0', '6', '00:00:00', '00:00:00');
INSERT INTO `tbl_office_time` VALUES ('1997', '285', '0', '0', '00:00:00', '00:00:00');
INSERT INTO `tbl_office_time` VALUES ('1998', '285', '0', '1', '00:00:00', '00:00:00');
INSERT INTO `tbl_office_time` VALUES ('1999', '285', '0', '2', '00:00:00', '00:00:00');
INSERT INTO `tbl_office_time` VALUES ('2000', '285', '0', '3', '00:00:00', '00:00:00');
INSERT INTO `tbl_office_time` VALUES ('2001', '285', '0', '4', '00:00:00', '00:00:00');
INSERT INTO `tbl_office_time` VALUES ('2002', '285', '0', '5', '00:00:00', '00:00:00');
INSERT INTO `tbl_office_time` VALUES ('2003', '285', '0', '6', '00:00:00', '00:00:00');
INSERT INTO `tbl_office_time` VALUES ('2004', '286', '0', '0', '00:00:00', '00:00:00');
INSERT INTO `tbl_office_time` VALUES ('2005', '286', '0', '1', '00:00:00', '00:00:00');
INSERT INTO `tbl_office_time` VALUES ('2006', '286', '0', '2', '00:00:00', '00:00:00');
INSERT INTO `tbl_office_time` VALUES ('2007', '286', '0', '3', '00:00:00', '00:00:00');
INSERT INTO `tbl_office_time` VALUES ('2008', '286', '0', '4', '00:00:00', '00:00:00');
INSERT INTO `tbl_office_time` VALUES ('2009', '286', '0', '5', '00:00:00', '00:00:00');
INSERT INTO `tbl_office_time` VALUES ('2010', '286', '0', '6', '00:00:00', '00:00:00');
INSERT INTO `tbl_office_time` VALUES ('2011', '287', '0', '0', '00:00:00', '00:00:00');
INSERT INTO `tbl_office_time` VALUES ('2012', '287', '0', '1', '00:00:00', '00:00:00');
INSERT INTO `tbl_office_time` VALUES ('2013', '287', '0', '2', '00:00:00', '00:00:00');
INSERT INTO `tbl_office_time` VALUES ('2014', '287', '0', '3', '00:00:00', '00:00:00');
INSERT INTO `tbl_office_time` VALUES ('2015', '287', '0', '4', '00:00:00', '00:00:00');
INSERT INTO `tbl_office_time` VALUES ('2016', '287', '0', '5', '00:00:00', '00:00:00');
INSERT INTO `tbl_office_time` VALUES ('2017', '287', '0', '6', '00:00:00', '00:00:00');
INSERT INTO `tbl_office_time` VALUES ('2018', '288', '0', '0', '00:00:00', '00:00:00');
INSERT INTO `tbl_office_time` VALUES ('2019', '288', '0', '1', '00:00:00', '00:00:00');
INSERT INTO `tbl_office_time` VALUES ('2020', '288', '0', '2', '00:00:00', '00:00:00');
INSERT INTO `tbl_office_time` VALUES ('2021', '288', '0', '3', '00:00:00', '00:00:00');
INSERT INTO `tbl_office_time` VALUES ('2022', '288', '0', '4', '00:00:00', '00:00:00');
INSERT INTO `tbl_office_time` VALUES ('2023', '288', '0', '5', '00:00:00', '00:00:00');
INSERT INTO `tbl_office_time` VALUES ('2024', '288', '0', '6', '00:00:00', '00:00:00');
INSERT INTO `tbl_office_time` VALUES ('2025', '289', '0', '0', '00:00:00', '00:00:00');
INSERT INTO `tbl_office_time` VALUES ('2026', '289', '0', '1', '00:00:00', '00:00:00');
INSERT INTO `tbl_office_time` VALUES ('2027', '289', '0', '2', '00:00:00', '00:00:00');
INSERT INTO `tbl_office_time` VALUES ('2028', '289', '0', '3', '00:00:00', '00:00:00');
INSERT INTO `tbl_office_time` VALUES ('2029', '289', '0', '4', '00:00:00', '00:00:00');
INSERT INTO `tbl_office_time` VALUES ('2030', '289', '0', '5', '00:00:00', '00:00:00');
INSERT INTO `tbl_office_time` VALUES ('2031', '289', '0', '6', '00:00:00', '00:00:00');
INSERT INTO `tbl_office_time` VALUES ('2032', '290', '0', '0', '00:00:00', '00:00:00');
INSERT INTO `tbl_office_time` VALUES ('2033', '290', '0', '1', '00:00:00', '00:00:00');
INSERT INTO `tbl_office_time` VALUES ('2034', '290', '0', '2', '00:00:00', '00:00:00');
INSERT INTO `tbl_office_time` VALUES ('2035', '290', '0', '3', '00:00:00', '00:00:00');
INSERT INTO `tbl_office_time` VALUES ('2036', '290', '0', '4', '00:00:00', '00:00:00');
INSERT INTO `tbl_office_time` VALUES ('2037', '290', '0', '5', '00:00:00', '00:00:00');
INSERT INTO `tbl_office_time` VALUES ('2038', '290', '0', '6', '00:00:00', '00:00:00');
INSERT INTO `tbl_office_time` VALUES ('2039', '291', '0', '0', '00:00:00', '00:00:00');
INSERT INTO `tbl_office_time` VALUES ('2040', '291', '0', '1', '00:00:00', '00:00:00');
INSERT INTO `tbl_office_time` VALUES ('2041', '291', '0', '2', '00:00:00', '00:00:00');
INSERT INTO `tbl_office_time` VALUES ('2042', '291', '0', '3', '00:00:00', '00:00:00');
INSERT INTO `tbl_office_time` VALUES ('2043', '291', '0', '4', '00:00:00', '00:00:00');
INSERT INTO `tbl_office_time` VALUES ('2044', '291', '0', '5', '00:00:00', '00:00:00');
INSERT INTO `tbl_office_time` VALUES ('2045', '291', '0', '6', '00:00:00', '00:00:00');
INSERT INTO `tbl_office_time` VALUES ('2046', '292', '0', '0', '00:00:00', '00:00:00');
INSERT INTO `tbl_office_time` VALUES ('2047', '292', '0', '1', '00:00:00', '00:00:00');
INSERT INTO `tbl_office_time` VALUES ('2048', '292', '0', '2', '00:00:00', '00:00:00');
INSERT INTO `tbl_office_time` VALUES ('2049', '292', '0', '3', '00:00:00', '00:00:00');
INSERT INTO `tbl_office_time` VALUES ('2050', '292', '0', '4', '00:00:00', '00:00:00');
INSERT INTO `tbl_office_time` VALUES ('2051', '292', '0', '5', '00:00:00', '00:00:00');
INSERT INTO `tbl_office_time` VALUES ('2052', '292', '0', '6', '00:00:00', '00:00:00');
INSERT INTO `tbl_office_time` VALUES ('2053', '293', '0', '0', '00:00:00', '00:00:00');
INSERT INTO `tbl_office_time` VALUES ('2054', '293', '0', '1', '00:00:00', '00:00:00');
INSERT INTO `tbl_office_time` VALUES ('2055', '293', '0', '2', '00:00:00', '00:00:00');
INSERT INTO `tbl_office_time` VALUES ('2056', '293', '0', '3', '00:00:00', '00:00:00');
INSERT INTO `tbl_office_time` VALUES ('2057', '293', '0', '4', '00:00:00', '00:00:00');
INSERT INTO `tbl_office_time` VALUES ('2058', '293', '0', '5', '00:00:00', '00:00:00');
INSERT INTO `tbl_office_time` VALUES ('2059', '293', '0', '6', '00:00:00', '00:00:00');
INSERT INTO `tbl_office_time` VALUES ('2060', '294', '0', '0', '00:00:00', '00:00:00');
INSERT INTO `tbl_office_time` VALUES ('2061', '294', '0', '1', '00:00:00', '00:00:00');
INSERT INTO `tbl_office_time` VALUES ('2062', '294', '0', '2', '00:00:00', '00:00:00');
INSERT INTO `tbl_office_time` VALUES ('2063', '294', '0', '3', '00:00:00', '00:00:00');
INSERT INTO `tbl_office_time` VALUES ('2064', '294', '0', '4', '00:00:00', '00:00:00');
INSERT INTO `tbl_office_time` VALUES ('2065', '294', '0', '5', '00:00:00', '00:00:00');
INSERT INTO `tbl_office_time` VALUES ('2066', '294', '0', '6', '00:00:00', '00:00:00');
INSERT INTO `tbl_office_time` VALUES ('2067', '295', '0', '0', '00:00:00', '00:00:00');
INSERT INTO `tbl_office_time` VALUES ('2068', '295', '0', '1', '00:00:00', '00:00:00');
INSERT INTO `tbl_office_time` VALUES ('2069', '295', '0', '2', '00:00:00', '00:00:00');
INSERT INTO `tbl_office_time` VALUES ('2070', '295', '0', '3', '00:00:00', '00:00:00');
INSERT INTO `tbl_office_time` VALUES ('2071', '295', '0', '4', '00:00:00', '00:00:00');
INSERT INTO `tbl_office_time` VALUES ('2072', '295', '0', '5', '00:00:00', '00:00:00');
INSERT INTO `tbl_office_time` VALUES ('2073', '295', '0', '6', '00:00:00', '00:00:00');
INSERT INTO `tbl_office_time` VALUES ('2074', '296', '0', '0', '00:00:00', '00:00:00');
INSERT INTO `tbl_office_time` VALUES ('2075', '296', '0', '1', '00:00:00', '00:00:00');
INSERT INTO `tbl_office_time` VALUES ('2076', '296', '0', '2', '00:00:00', '00:00:00');
INSERT INTO `tbl_office_time` VALUES ('2077', '296', '0', '3', '00:00:00', '00:00:00');
INSERT INTO `tbl_office_time` VALUES ('2078', '296', '0', '4', '00:00:00', '00:00:00');
INSERT INTO `tbl_office_time` VALUES ('2079', '296', '0', '5', '00:00:00', '00:00:00');
INSERT INTO `tbl_office_time` VALUES ('2080', '296', '0', '6', '00:00:00', '00:00:00');
INSERT INTO `tbl_office_time` VALUES ('2081', '297', '0', '0', '00:00:00', '00:00:00');
INSERT INTO `tbl_office_time` VALUES ('2082', '297', '0', '1', '00:00:00', '00:00:00');
INSERT INTO `tbl_office_time` VALUES ('2083', '297', '0', '2', '00:00:00', '00:00:00');
INSERT INTO `tbl_office_time` VALUES ('2084', '297', '0', '3', '00:00:00', '00:00:00');
INSERT INTO `tbl_office_time` VALUES ('2085', '297', '0', '4', '00:00:00', '00:00:00');
INSERT INTO `tbl_office_time` VALUES ('2086', '297', '0', '5', '00:00:00', '00:00:00');
INSERT INTO `tbl_office_time` VALUES ('2087', '297', '0', '6', '00:00:00', '00:00:00');
INSERT INTO `tbl_office_time` VALUES ('2088', '298', '0', '0', '00:00:00', '00:00:00');
INSERT INTO `tbl_office_time` VALUES ('2089', '298', '0', '1', '00:00:00', '00:00:00');
INSERT INTO `tbl_office_time` VALUES ('2090', '298', '0', '2', '00:00:00', '00:00:00');
INSERT INTO `tbl_office_time` VALUES ('2091', '298', '0', '3', '00:00:00', '00:00:00');
INSERT INTO `tbl_office_time` VALUES ('2092', '298', '0', '4', '00:00:00', '00:00:00');
INSERT INTO `tbl_office_time` VALUES ('2093', '298', '0', '5', '00:00:00', '00:00:00');
INSERT INTO `tbl_office_time` VALUES ('2094', '298', '0', '6', '00:00:00', '00:00:00');
INSERT INTO `tbl_office_time` VALUES ('2095', '299', '0', '0', '00:00:00', '00:00:00');
INSERT INTO `tbl_office_time` VALUES ('2096', '299', '0', '1', '00:00:00', '00:00:00');
INSERT INTO `tbl_office_time` VALUES ('2097', '299', '0', '2', '00:00:00', '00:00:00');
INSERT INTO `tbl_office_time` VALUES ('2098', '299', '0', '3', '00:00:00', '00:00:00');
INSERT INTO `tbl_office_time` VALUES ('2099', '299', '0', '4', '00:00:00', '00:00:00');
INSERT INTO `tbl_office_time` VALUES ('2100', '299', '0', '5', '00:00:00', '00:00:00');
INSERT INTO `tbl_office_time` VALUES ('2101', '299', '0', '6', '00:00:00', '00:00:00');
INSERT INTO `tbl_office_time` VALUES ('2102', '300', '0', '0', '00:00:00', '00:00:00');
INSERT INTO `tbl_office_time` VALUES ('2103', '300', '0', '1', '00:00:00', '00:00:00');
INSERT INTO `tbl_office_time` VALUES ('2104', '300', '0', '2', '00:00:00', '00:00:00');
INSERT INTO `tbl_office_time` VALUES ('2105', '300', '0', '3', '00:00:00', '00:00:00');
INSERT INTO `tbl_office_time` VALUES ('2106', '300', '0', '4', '00:00:00', '00:00:00');
INSERT INTO `tbl_office_time` VALUES ('2107', '300', '0', '5', '00:00:00', '00:00:00');
INSERT INTO `tbl_office_time` VALUES ('2108', '300', '0', '6', '00:00:00', '00:00:00');
INSERT INTO `tbl_office_time` VALUES ('2109', '301', '0', '0', '00:00:00', '00:00:00');
INSERT INTO `tbl_office_time` VALUES ('2110', '301', '0', '1', '00:00:00', '00:00:00');
INSERT INTO `tbl_office_time` VALUES ('2111', '301', '0', '2', '00:00:00', '00:00:00');
INSERT INTO `tbl_office_time` VALUES ('2112', '301', '0', '3', '00:00:00', '00:00:00');
INSERT INTO `tbl_office_time` VALUES ('2113', '301', '0', '4', '00:00:00', '00:00:00');
INSERT INTO `tbl_office_time` VALUES ('2114', '301', '0', '5', '00:00:00', '00:00:00');
INSERT INTO `tbl_office_time` VALUES ('2115', '301', '0', '6', '00:00:00', '00:00:00');
INSERT INTO `tbl_office_time` VALUES ('2116', '302', '0', '0', '00:00:00', '00:00:00');
INSERT INTO `tbl_office_time` VALUES ('2117', '302', '0', '1', '00:00:00', '00:00:00');
INSERT INTO `tbl_office_time` VALUES ('2118', '302', '0', '2', '00:00:00', '00:00:00');
INSERT INTO `tbl_office_time` VALUES ('2119', '302', '0', '3', '00:00:00', '00:00:00');
INSERT INTO `tbl_office_time` VALUES ('2120', '302', '0', '4', '00:00:00', '00:00:00');
INSERT INTO `tbl_office_time` VALUES ('2121', '302', '0', '5', '00:00:00', '00:00:00');
INSERT INTO `tbl_office_time` VALUES ('2122', '302', '0', '6', '00:00:00', '00:00:00');
INSERT INTO `tbl_office_time` VALUES ('2123', '303', '0', '0', '00:00:00', '00:00:00');
INSERT INTO `tbl_office_time` VALUES ('2124', '303', '0', '1', '00:00:00', '00:00:00');
INSERT INTO `tbl_office_time` VALUES ('2125', '303', '0', '2', '00:00:00', '00:00:00');
INSERT INTO `tbl_office_time` VALUES ('2126', '303', '0', '3', '00:00:00', '00:00:00');
INSERT INTO `tbl_office_time` VALUES ('2127', '303', '0', '4', '00:00:00', '00:00:00');
INSERT INTO `tbl_office_time` VALUES ('2128', '303', '0', '5', '00:00:00', '00:00:00');
INSERT INTO `tbl_office_time` VALUES ('2129', '303', '0', '6', '00:00:00', '00:00:00');
INSERT INTO `tbl_office_time` VALUES ('2130', '304', '0', '0', '00:00:00', '00:00:00');
INSERT INTO `tbl_office_time` VALUES ('2131', '304', '0', '1', '00:00:00', '00:00:00');
INSERT INTO `tbl_office_time` VALUES ('2132', '304', '0', '2', '00:00:00', '00:00:00');
INSERT INTO `tbl_office_time` VALUES ('2133', '304', '0', '3', '00:00:00', '00:00:00');
INSERT INTO `tbl_office_time` VALUES ('2134', '304', '0', '4', '00:00:00', '00:00:00');
INSERT INTO `tbl_office_time` VALUES ('2135', '304', '0', '5', '00:00:00', '00:00:00');
INSERT INTO `tbl_office_time` VALUES ('2136', '304', '0', '6', '00:00:00', '00:00:00');
INSERT INTO `tbl_office_time` VALUES ('2137', '305', '0', '0', '00:00:00', '00:00:00');
INSERT INTO `tbl_office_time` VALUES ('2138', '305', '0', '1', '00:00:00', '00:00:00');
INSERT INTO `tbl_office_time` VALUES ('2139', '305', '0', '2', '00:00:00', '00:00:00');
INSERT INTO `tbl_office_time` VALUES ('2140', '305', '0', '3', '00:00:00', '00:00:00');
INSERT INTO `tbl_office_time` VALUES ('2141', '305', '0', '4', '00:00:00', '00:00:00');
INSERT INTO `tbl_office_time` VALUES ('2142', '305', '0', '5', '00:00:00', '00:00:00');
INSERT INTO `tbl_office_time` VALUES ('2143', '305', '0', '6', '00:00:00', '00:00:00');
INSERT INTO `tbl_office_time` VALUES ('2144', '306', '0', '0', '00:00:00', '00:00:00');
INSERT INTO `tbl_office_time` VALUES ('2145', '306', '0', '1', '00:00:00', '00:00:00');
INSERT INTO `tbl_office_time` VALUES ('2146', '306', '0', '2', '00:00:00', '00:00:00');
INSERT INTO `tbl_office_time` VALUES ('2147', '306', '0', '3', '00:00:00', '00:00:00');
INSERT INTO `tbl_office_time` VALUES ('2148', '306', '0', '4', '00:00:00', '00:00:00');
INSERT INTO `tbl_office_time` VALUES ('2149', '306', '0', '5', '00:00:00', '00:00:00');
INSERT INTO `tbl_office_time` VALUES ('2150', '306', '0', '6', '00:00:00', '00:00:00');
INSERT INTO `tbl_office_time` VALUES ('2151', '307', '0', '0', '00:00:00', '00:00:00');
INSERT INTO `tbl_office_time` VALUES ('2152', '307', '0', '1', '00:00:00', '00:00:00');
INSERT INTO `tbl_office_time` VALUES ('2153', '307', '0', '2', '00:00:00', '00:00:00');
INSERT INTO `tbl_office_time` VALUES ('2154', '307', '0', '3', '00:00:00', '00:00:00');
INSERT INTO `tbl_office_time` VALUES ('2155', '307', '0', '4', '00:00:00', '00:00:00');
INSERT INTO `tbl_office_time` VALUES ('2156', '307', '0', '5', '00:00:00', '00:00:00');
INSERT INTO `tbl_office_time` VALUES ('2157', '307', '0', '6', '00:00:00', '00:00:00');
INSERT INTO `tbl_office_time` VALUES ('2158', '308', '0', '0', '00:00:00', '00:00:00');
INSERT INTO `tbl_office_time` VALUES ('2159', '308', '0', '1', '00:00:00', '00:00:00');
INSERT INTO `tbl_office_time` VALUES ('2160', '308', '0', '2', '00:00:00', '00:00:00');
INSERT INTO `tbl_office_time` VALUES ('2161', '308', '0', '3', '00:00:00', '00:00:00');
INSERT INTO `tbl_office_time` VALUES ('2162', '308', '0', '4', '00:00:00', '00:00:00');
INSERT INTO `tbl_office_time` VALUES ('2163', '308', '0', '5', '00:00:00', '00:00:00');
INSERT INTO `tbl_office_time` VALUES ('2164', '308', '0', '6', '00:00:00', '00:00:00');
INSERT INTO `tbl_office_time` VALUES ('2165', '309', '0', '0', '00:00:00', '00:00:00');
INSERT INTO `tbl_office_time` VALUES ('2166', '309', '0', '1', '00:00:00', '00:00:00');
INSERT INTO `tbl_office_time` VALUES ('2167', '309', '0', '2', '00:00:00', '00:00:00');
INSERT INTO `tbl_office_time` VALUES ('2168', '309', '0', '3', '00:00:00', '00:00:00');
INSERT INTO `tbl_office_time` VALUES ('2169', '309', '0', '4', '00:00:00', '00:00:00');
INSERT INTO `tbl_office_time` VALUES ('2170', '309', '0', '5', '00:00:00', '00:00:00');
INSERT INTO `tbl_office_time` VALUES ('2171', '309', '0', '6', '00:00:00', '00:00:00');
INSERT INTO `tbl_office_time` VALUES ('2172', '310', '0', '0', '00:00:00', '00:00:00');
INSERT INTO `tbl_office_time` VALUES ('2173', '310', '0', '1', '00:00:00', '00:00:00');
INSERT INTO `tbl_office_time` VALUES ('2174', '310', '0', '2', '00:00:00', '00:00:00');
INSERT INTO `tbl_office_time` VALUES ('2175', '310', '0', '3', '00:00:00', '00:00:00');
INSERT INTO `tbl_office_time` VALUES ('2176', '310', '0', '4', '00:00:00', '00:00:00');
INSERT INTO `tbl_office_time` VALUES ('2177', '310', '0', '5', '00:00:00', '00:00:00');
INSERT INTO `tbl_office_time` VALUES ('2178', '310', '0', '6', '00:00:00', '00:00:00');
INSERT INTO `tbl_office_time` VALUES ('2179', '311', '0', '0', '00:00:00', '00:00:00');
INSERT INTO `tbl_office_time` VALUES ('2180', '311', '0', '1', '00:00:00', '00:00:00');
INSERT INTO `tbl_office_time` VALUES ('2181', '311', '0', '2', '00:00:00', '00:00:00');
INSERT INTO `tbl_office_time` VALUES ('2182', '311', '0', '3', '00:00:00', '00:00:00');
INSERT INTO `tbl_office_time` VALUES ('2183', '311', '0', '4', '00:00:00', '00:00:00');
INSERT INTO `tbl_office_time` VALUES ('2184', '311', '0', '5', '00:00:00', '00:00:00');
INSERT INTO `tbl_office_time` VALUES ('2185', '311', '0', '6', '00:00:00', '00:00:00');
INSERT INTO `tbl_office_time` VALUES ('2186', '312', '0', '0', '00:00:00', '00:00:00');
INSERT INTO `tbl_office_time` VALUES ('2187', '312', '0', '1', '00:00:00', '00:00:00');
INSERT INTO `tbl_office_time` VALUES ('2188', '312', '0', '2', '00:00:00', '00:00:00');
INSERT INTO `tbl_office_time` VALUES ('2189', '312', '0', '3', '00:00:00', '00:00:00');
INSERT INTO `tbl_office_time` VALUES ('2190', '312', '0', '4', '00:00:00', '00:00:00');
INSERT INTO `tbl_office_time` VALUES ('2191', '312', '0', '5', '00:00:00', '00:00:00');
INSERT INTO `tbl_office_time` VALUES ('2192', '312', '0', '6', '00:00:00', '00:00:00');
INSERT INTO `tbl_office_time` VALUES ('2193', '313', '0', '0', '00:00:00', '00:00:00');
INSERT INTO `tbl_office_time` VALUES ('2194', '313', '0', '1', '00:00:00', '00:00:00');
INSERT INTO `tbl_office_time` VALUES ('2195', '313', '0', '2', '00:00:00', '00:00:00');
INSERT INTO `tbl_office_time` VALUES ('2196', '313', '0', '3', '00:00:00', '00:00:00');
INSERT INTO `tbl_office_time` VALUES ('2197', '313', '0', '4', '00:00:00', '00:00:00');
INSERT INTO `tbl_office_time` VALUES ('2198', '313', '0', '5', '00:00:00', '00:00:00');
INSERT INTO `tbl_office_time` VALUES ('2199', '313', '0', '6', '00:00:00', '00:00:00');
INSERT INTO `tbl_office_time` VALUES ('2200', '314', '0', '0', '00:00:00', '00:00:00');
INSERT INTO `tbl_office_time` VALUES ('2201', '314', '0', '1', '00:00:00', '00:00:00');
INSERT INTO `tbl_office_time` VALUES ('2202', '314', '0', '2', '00:00:00', '00:00:00');
INSERT INTO `tbl_office_time` VALUES ('2203', '314', '0', '3', '00:00:00', '00:00:00');
INSERT INTO `tbl_office_time` VALUES ('2204', '314', '0', '4', '00:00:00', '00:00:00');
INSERT INTO `tbl_office_time` VALUES ('2205', '314', '0', '5', '00:00:00', '00:00:00');
INSERT INTO `tbl_office_time` VALUES ('2206', '314', '0', '6', '00:00:00', '00:00:00');
INSERT INTO `tbl_office_time` VALUES ('2207', '315', '0', '0', '00:00:00', '00:00:00');
INSERT INTO `tbl_office_time` VALUES ('2208', '315', '0', '1', '00:00:00', '00:00:00');
INSERT INTO `tbl_office_time` VALUES ('2209', '315', '0', '2', '00:00:00', '00:00:00');
INSERT INTO `tbl_office_time` VALUES ('2210', '315', '0', '3', '00:00:00', '00:00:00');
INSERT INTO `tbl_office_time` VALUES ('2211', '315', '0', '4', '00:00:00', '00:00:00');
INSERT INTO `tbl_office_time` VALUES ('2212', '315', '0', '5', '00:00:00', '00:00:00');
INSERT INTO `tbl_office_time` VALUES ('2213', '315', '0', '6', '00:00:00', '00:00:00');
INSERT INTO `tbl_office_time` VALUES ('2214', '316', '0', '0', '00:00:00', '00:00:00');
INSERT INTO `tbl_office_time` VALUES ('2215', '316', '0', '1', '10:00:00', '00:00:00');
INSERT INTO `tbl_office_time` VALUES ('2216', '316', '0', '2', '10:00:00', '00:00:00');
INSERT INTO `tbl_office_time` VALUES ('2217', '316', '0', '3', '10:00:00', '00:00:00');
INSERT INTO `tbl_office_time` VALUES ('2218', '316', '0', '4', '10:00:00', '00:00:00');
INSERT INTO `tbl_office_time` VALUES ('2219', '316', '0', '5', '10:00:00', '00:00:00');
INSERT INTO `tbl_office_time` VALUES ('2220', '316', '0', '6', '10:00:00', '00:00:00');
INSERT INTO `tbl_office_time` VALUES ('2221', '317', '0', '0', '00:00:00', '00:00:00');
INSERT INTO `tbl_office_time` VALUES ('2222', '317', '0', '1', '10:00:00', '00:00:00');
INSERT INTO `tbl_office_time` VALUES ('2223', '317', '0', '2', '10:00:00', '00:00:00');
INSERT INTO `tbl_office_time` VALUES ('2224', '317', '0', '3', '10:00:00', '00:00:00');
INSERT INTO `tbl_office_time` VALUES ('2225', '317', '0', '4', '10:00:00', '00:00:00');
INSERT INTO `tbl_office_time` VALUES ('2226', '317', '0', '5', '10:00:00', '00:00:00');
INSERT INTO `tbl_office_time` VALUES ('2227', '317', '0', '6', '10:00:00', '00:00:00');
INSERT INTO `tbl_office_time` VALUES ('2228', '318', '0', '0', '00:00:00', '00:00:00');
INSERT INTO `tbl_office_time` VALUES ('2229', '318', '0', '1', '10:00:00', '00:00:00');
INSERT INTO `tbl_office_time` VALUES ('2230', '318', '0', '2', '10:00:00', '00:00:00');
INSERT INTO `tbl_office_time` VALUES ('2231', '318', '0', '3', '10:00:00', '00:00:00');
INSERT INTO `tbl_office_time` VALUES ('2232', '318', '0', '4', '10:00:00', '00:00:00');
INSERT INTO `tbl_office_time` VALUES ('2233', '318', '0', '5', '10:00:00', '00:00:00');
INSERT INTO `tbl_office_time` VALUES ('2234', '318', '0', '6', '10:00:00', '00:00:00');
INSERT INTO `tbl_office_time` VALUES ('2235', '319', '0', '0', '00:00:00', '00:00:00');
INSERT INTO `tbl_office_time` VALUES ('2236', '319', '0', '1', '10:00:00', '00:00:00');
INSERT INTO `tbl_office_time` VALUES ('2237', '319', '0', '2', '10:00:00', '00:00:00');
INSERT INTO `tbl_office_time` VALUES ('2238', '319', '0', '3', '10:00:00', '00:00:00');
INSERT INTO `tbl_office_time` VALUES ('2239', '319', '0', '4', '10:00:00', '00:00:00');
INSERT INTO `tbl_office_time` VALUES ('2240', '319', '0', '5', '10:00:00', '00:00:00');
INSERT INTO `tbl_office_time` VALUES ('2241', '319', '0', '6', '10:00:00', '00:00:00');
INSERT INTO `tbl_office_time` VALUES ('2242', '320', '0', '0', '09:00:00', '00:00:00');
INSERT INTO `tbl_office_time` VALUES ('2243', '320', '0', '1', '09:00:00', '00:00:00');
INSERT INTO `tbl_office_time` VALUES ('2244', '320', '0', '2', '09:00:00', '00:00:00');
INSERT INTO `tbl_office_time` VALUES ('2245', '320', '0', '3', '09:00:00', '00:00:00');
INSERT INTO `tbl_office_time` VALUES ('2246', '320', '0', '4', '00:00:00', '00:00:00');
INSERT INTO `tbl_office_time` VALUES ('2247', '320', '0', '5', '09:00:00', '00:00:00');
INSERT INTO `tbl_office_time` VALUES ('2248', '320', '0', '6', '09:00:00', '00:00:00');

-- ----------------------------
-- Table structure for `tbl_recruitment_record`
-- ----------------------------
DROP TABLE IF EXISTS `tbl_recruitment_record`;
CREATE TABLE `tbl_recruitment_record` (
  `Recruitment_Request_ID` mediumint(9) NOT NULL AUTO_INCREMENT,
  `F_User_ID` mediumint(9) NOT NULL,
  `F_Company_ID` tinyint(4) NOT NULL,
  `F_Dept_ID` mediumint(9) NOT NULL,
  `Number` int(11) NOT NULL,
  `Remarks` text NOT NULL,
  `Comment` text NOT NULL,
  `Date` date NOT NULL,
  `Is_Void` enum('1','0') NOT NULL,
  `Is_Processed` enum('1','0') NOT NULL,
  `Is_Exist` enum('1','0') NOT NULL,
  PRIMARY KEY (`Recruitment_Request_ID`)
) ENGINE=InnoDB DEFAULT CHARSET=utf8;

-- ----------------------------
-- Records of tbl_recruitment_record
-- ----------------------------

-- ----------------------------
-- Table structure for `tbl_sessions_info`
-- ----------------------------
DROP TABLE IF EXISTS `tbl_sessions_info`;
CREATE TABLE `tbl_sessions_info` (
  `session_id` varchar(40) NOT NULL DEFAULT '0',
  `ip_address` varchar(16) NOT NULL DEFAULT '0',
  `user_agent` varchar(120) NOT NULL,
  `last_activity` int(10) unsigned NOT NULL DEFAULT '0',
  `user_data` text,
  PRIMARY KEY (`session_id`)
) ENGINE=MyISAM DEFAULT CHARSET=latin1;

-- ----------------------------
-- Records of tbl_sessions_info
-- ----------------------------
INSERT INTO `tbl_sessions_info` VALUES ('3ebeb5e384f9c92c4f2f2913f1bd4a88', '127.0.0.1', 'Mozilla/5.0 (Windows NT 6.1) AppleWebKit/537.36 (KHTML, like Gecko) Chrome/48.0.2547.0 Safari/537.36', '1446363397', 'Login ID:1|Name:Nasirul Akbar Khan|Time:2015-11-01 19:36:55');
INSERT INTO `tbl_sessions_info` VALUES ('443cd9f44471e787f496a0a8eacdb094', '127.0.0.1', 'Mozilla/5.0 (Windows NT 6.1) AppleWebKit/537.36 (KHTML, like Gecko) Chrome/48.0.2552.0 Safari/537.36', '1446978976', 'Login ID:230|Name:Saiful Islam Sweet|Time:2015-11-08 22:36:27');
INSERT INTO `tbl_sessions_info` VALUES ('4c70e37e297144ad2dcba938c853d7d0', '127.0.0.1', 'Mozilla/5.0 (Windows NT 6.1) AppleWebKit/537.36 (KHTML, like Gecko) Chrome/48.0.2552.0 Safari/537.36', '1446981961', 'Login ID:230|Name:Saiful Islam Sweet|Time:2015-11-08 23:26:02');
INSERT INTO `tbl_sessions_info` VALUES ('7a49fc74c8192ae4297faa56b989320d', '127.0.0.1', 'Mozilla/5.0 (Windows NT 6.1) AppleWebKit/537.36 (KHTML, like Gecko) Chrome/48.0.2552.0 Safari/537.36', '1446972791', 'Login ID:216|Name:Nasirul Akbar Khan|Time:2015-11-08 20:53:16');
INSERT INTO `tbl_sessions_info` VALUES ('8198348268b4e1b97f9ae8e88a8464a7', '127.0.0.1', 'Mozilla/5.0 (Windows NT 6.1) AppleWebKit/537.36 (KHTML, like Gecko) Chrome/48.0.2552.0 Safari/537.36', '1446967751', 'Login ID:1|Name:Nasirul Akbar Khan|Time:2015-11-08 19:29:11');
INSERT INTO `tbl_sessions_info` VALUES ('8c05f77f8e4d1cd1abd4259f1536bfb5', '127.0.0.1', 'Mozilla/5.0 (Windows NT 6.1) AppleWebKit/537.36 (KHTML, like Gecko) Chrome/48.0.2552.0 Safari/537.36', '1446973181', 'Login ID:216|Name:Nasirul Akbar Khan|Time:2015-11-08 20:59:47');
INSERT INTO `tbl_sessions_info` VALUES ('a298126a1210f40dd1369f6b50d09ce0', '127.0.0.1', 'Mozilla/5.0 (Windows NT 6.1) AppleWebKit/537.36 (KHTML, like Gecko) Chrome/48.0.2547.0 Safari/537.36', '1446363245', 'Login ID:1|Name:Nasirul Akbar Khan|Time:2015-11-01 19:34:11');
INSERT INTO `tbl_sessions_info` VALUES ('b650618167eb14479aee92f33a5cacae', '127.0.0.1', 'Mozilla/5.0 (Windows NT 6.1) AppleWebKit/537.36 (KHTML, like Gecko) Chrome/48.0.2552.0 Safari/537.36', '1446973255', 'Login ID:216|Name:Nasirul Akbar Khan|Time:2015-11-08 21:01:00');
INSERT INTO `tbl_sessions_info` VALUES ('eb7764cc534eac2f7c5a83a9538b454b', '127.0.0.1', 'Mozilla/5.0 (Windows NT 6.1) AppleWebKit/537.36 (KHTML, like Gecko) Chrome/48.0.2547.0 Safari/537.36', '1446363172', 'Login ID:1|Name:Nasirul Akbar Khan|Time:2015-11-01 19:33:01');
INSERT INTO `tbl_sessions_info` VALUES ('d108555d7f20dfc0befe40dbb9987bdc', '192.168.110.211', 'Mozilla/5.0 (Windows NT 6.1) AppleWebKit/537.36 (KHTML, like Gecko) Chrome/48.0.2552.0 Safari/537.36', '1446983005', 'Login ID:230|Name:Saiful Islam Sweet|Time:2015-11-08 23:44:26');
INSERT INTO `tbl_sessions_info` VALUES ('47a61760930b608318caa56a6305aef6', '192.168.110.216', 'Mozilla/5.0 (Windows NT 6.1) AppleWebKit/537.36 (KHTML, like Gecko) Chrome/46.0.2490.80 Safari/537.36', '1446983761', 'Login ID:230|Name:Saiful Islam Sweet|Time:2015-11-08 23:56:14');
INSERT INTO `tbl_sessions_info` VALUES ('be49ffc6bf97bf4a2dc4fb56470bb554', '127.0.0.1', 'Mozilla/5.0 (Windows NT 6.1) AppleWebKit/537.36 (KHTML, like Gecko) Chrome/48.0.2560.0 Safari/537.36', '1447313019', 'Login ID:216|Name:Nasirul Akbar Khan|Time:2015-11-12 19:24:02');
INSERT INTO `tbl_sessions_info` VALUES ('8ff14bf2549233174df89bc73fe2abe6', '127.0.0.1', 'Mozilla/5.0 (Windows NT 6.1) AppleWebKit/537.36 (KHTML, like Gecko) Chrome/48.0.2560.0 Safari/537.36', '1447488522', 'Login ID:216|Name:Nasirul Akbar Khan|Time:2015-11-14 20:09:23');
INSERT INTO `tbl_sessions_info` VALUES ('078a09ba582944f17879cc1afd85a2d9', '127.0.0.1', 'Mozilla/5.0 (Windows NT 6.1) AppleWebKit/537.36 (KHTML, like Gecko) Chrome/48.0.2560.0 Safari/537.36', '1447488840', 'Login ID:216|Name:Nasirul Akbar Khan|Time:2015-11-14 20:14:05');
INSERT INTO `tbl_sessions_info` VALUES ('59d7641062b7ced80c55ab96c18e5cd6', '127.0.0.1', 'Mozilla/5.0 (Windows NT 6.1) AppleWebKit/537.36 (KHTML, like Gecko) Chrome/48.0.2560.0 Safari/537.36', '1447488902', 'Login ID:216|Name:Nasirul Akbar Khan|Time:2015-11-14 20:15:07');
INSERT INTO `tbl_sessions_info` VALUES ('132745b10020861d884d1aba894b145f', '127.0.0.1', 'Mozilla/5.0 (Windows NT 6.1) AppleWebKit/537.36 (KHTML, like Gecko) Chrome/48.0.2560.0 Safari/537.36', '1447489079', 'Login ID:216|Name:Nasirul Akbar Khan|Time:2015-11-14 20:18:10');
INSERT INTO `tbl_sessions_info` VALUES ('97b628e771d87834430561810e26e97b', '127.0.0.1', 'Mozilla/5.0 (Windows NT 6.1) AppleWebKit/537.36 (KHTML, like Gecko) Chrome/48.0.2560.0 Safari/537.36', '1447489102', 'Login ID:216|Name:Nasirul Akbar Khan|Time:2015-11-14 20:18:27');
INSERT INTO `tbl_sessions_info` VALUES ('fdc0df5b276d1bad266c15c3079c5fe4', '127.0.0.1', 'Mozilla/5.0 (Windows NT 6.1) AppleWebKit/537.36 (KHTML, like Gecko) Chrome/48.0.2560.0 Safari/537.36', '1447578812', 'Login ID:216|Name:Nasirul Akbar Khan|Time:2015-11-15 21:13:40');
INSERT INTO `tbl_sessions_info` VALUES ('3f034d883b9777936fd6703dda163727', '127.0.0.1', 'Mozilla/5.0 (Windows NT 6.1) AppleWebKit/537.36 (KHTML, like Gecko) Chrome/48.0.2560.0 Safari/537.36', '1447657531', 'Login ID:216|Name:Nasirul Akbar Khan|Time:2015-11-16 19:05:40');
INSERT INTO `tbl_sessions_info` VALUES ('664d1209a077a73390e50427f2c20788', '127.0.0.1', 'Mozilla/5.0 (Windows NT 6.1) AppleWebKit/537.36 (KHTML, like Gecko) Chrome/48.0.2560.0 Safari/537.36', '1447666827', 'Login ID:216|Name:Nasirul Akbar Khan|Time:2015-11-16 21:40:27');
INSERT INTO `tbl_sessions_info` VALUES ('e8448ccef4dc379f8cfe24276ae76fa1', '127.0.0.1', 'Mozilla/5.0 (Windows NT 6.1) AppleWebKit/537.36 (KHTML, like Gecko) Chrome/48.0.2560.0 Safari/537.36', '1447673199', 'Login ID:230|Name:Saiful Islam Sweet|Time:2015-11-16 23:26:46');
INSERT INTO `tbl_sessions_info` VALUES ('2a9a7359126093441f685ed5dd38e1e7', '127.0.0.1', 'Mozilla/5.0 (Windows NT 6.1) AppleWebKit/537.36 (KHTML, like Gecko) Chrome/48.0.2560.0 Safari/537.36', '1447757704', 'Login ID:216|Name:Nasirul Akbar Khan|Time:2015-11-17 22:55:17');
INSERT INTO `tbl_sessions_info` VALUES ('30d30f292a750cfffe54b8ad41b1c425', '127.0.0.1', 'Mozilla/5.0 (Windows NT 6.1) AppleWebKit/537.36 (KHTML, like Gecko) Chrome/48.0.2560.0 Safari/537.36', '1447758221', 'Login ID:230|Name:Saiful Islam Sweet|Time:2015-11-17 23:03:57');
INSERT INTO `tbl_sessions_info` VALUES ('8a8747418fe28c520a5cf6bc4be707c1', '127.0.0.1', 'Mozilla/5.0 (Windows NT 6.1) AppleWebKit/537.36 (KHTML, like Gecko) Chrome/48.0.2560.0 Safari/537.36', '1447758248', 'Login ID:216|Name:Nasirul Akbar Khan|Time:2015-11-17 23:04:13');
INSERT INTO `tbl_sessions_info` VALUES ('8161df66cd68da5db9ed2011875967e4', '127.0.0.1', 'Mozilla/5.0 (Windows NT 6.1) AppleWebKit/537.36 (KHTML, like Gecko) Chrome/48.0.2560.0 Safari/537.36', '1447758330', 'Login ID:230|Name:Saiful Islam Sweet|Time:2015-11-17 23:05:39');
INSERT INTO `tbl_sessions_info` VALUES ('2854e6dfda1db4cf066113d976f8ddf6', '127.0.0.1', 'Mozilla/5.0 (Windows NT 6.1) AppleWebKit/537.36 (KHTML, like Gecko) Chrome/48.0.2560.0 Safari/537.36', '1447758437', 'Login ID:517|Name:Nasirul Akbar Khan|Time:2015-11-17 23:07:25');
INSERT INTO `tbl_sessions_info` VALUES ('bd12103109c6405b0998c760feda9ed0', '127.0.0.1', 'Mozilla/5.0 (Windows NT 6.1) AppleWebKit/537.36 (KHTML, like Gecko) Chrome/48.0.2560.0 Safari/537.36', '1447758486', 'Login ID:216|Name:Nasirul Akbar Khan|Time:2015-11-17 23:08:14');
INSERT INTO `tbl_sessions_info` VALUES ('58d6e1cee2a7e9e1d14a8400713dcab6', '127.0.0.1', 'Mozilla/5.0 (Windows NT 6.1) AppleWebKit/537.36 (KHTML, like Gecko) Chrome/48.0.2560.0 Safari/537.36', '1447758544', 'Login ID:517|Name:Nasirul Akbar Khan|Time:2015-11-17 23:09:10');
INSERT INTO `tbl_sessions_info` VALUES ('e52a8d0a9c39bd3e7a707b699961ad3e', '127.0.0.1', 'Mozilla/5.0 (Windows NT 6.1) AppleWebKit/537.36 (KHTML, like Gecko) Chrome/48.0.2560.0 Safari/537.36', '1447837471', 'Login ID:216|Name:Nasirul Akbar Khan|Time:2015-11-18 21:04:31');
INSERT INTO `tbl_sessions_info` VALUES ('58dffd6173baeca2ec9ee13e42342cdc', '127.0.0.1', 'Mozilla/5.0 (Windows NT 6.1) AppleWebKit/537.36 (KHTML, like Gecko) Chrome/48.0.2560.0 Safari/537.36', '1447844705', 'Login ID:230|Name:Saiful Islam Sweet|Time:2015-11-18 23:05:14');
INSERT INTO `tbl_sessions_info` VALUES ('b77e8de24d31467a5712731544d271ce', '127.0.0.1', 'Mozilla/5.0 (Windows NT 6.1) AppleWebKit/537.36 (KHTML, like Gecko) Chrome/48.0.2560.0 Safari/537.36', '1447845521', 'Login ID:216|Name:Nasirul Akbar Khan|Time:2015-11-18 23:18:50');
INSERT INTO `tbl_sessions_info` VALUES ('1fcedc4b63d5dc552efa84a18f267dc5', '127.0.0.1', 'Mozilla/5.0 (Windows NT 6.1) AppleWebKit/537.36 (KHTML, like Gecko) Chrome/48.0.2560.0 Safari/537.36', '1447846165', 'Login ID:216|Name:Nasirul Akbar Khan|Time:2015-11-18 23:29:35');
INSERT INTO `tbl_sessions_info` VALUES ('6d38381e6ec5fe3f3bda65c7190fb283', '127.0.0.1', 'Mozilla/5.0 (Windows NT 6.1) AppleWebKit/537.36 (KHTML, like Gecko) Chrome/48.0.2560.0 Safari/537.36', '1447846203', 'Login ID:517|Name:Nasirul Akbar Khan|Time:2015-11-18 23:30:12');
INSERT INTO `tbl_sessions_info` VALUES ('de0c2cc328059dbb60f912aa0b2b4eee', '127.0.0.1', 'Mozilla/5.0 (Windows NT 6.1) AppleWebKit/537.36 (KHTML, like Gecko) Chrome/48.0.2560.0 Safari/537.36', '1447846220', 'Login ID:216|Name:Nasirul Akbar Khan|Time:2015-11-18 23:30:27');
INSERT INTO `tbl_sessions_info` VALUES ('80169e48454f560a23d31dc971287ed5', '127.0.0.1', 'Mozilla/5.0 (Windows NT 6.1; rv:41.0) Gecko/20100101 Firefox/41.0', '1448430424', 'Login ID:216|Name:Nasirul Akbar Khan|Time:2015-11-25 17:50:45');
INSERT INTO `tbl_sessions_info` VALUES ('7f5aa365e1d8653b506acbd262b8e488', '127.0.0.1', 'Mozilla/5.0 (Windows NT 6.1; rv:41.0) Gecko/20100101 Firefox/41.0', '1448430772', 'Login ID:517|Name:Nasirul Akbar Khan|Time:2015-11-25 17:52:58');
INSERT INTO `tbl_sessions_info` VALUES ('81a16a9f496a64e67f043817c985a214', '127.0.0.1', 'Mozilla/5.0 (Windows NT 6.1; rv:41.0) Gecko/20100101 Firefox/41.0', '1448431037', 'Login ID:230|Name:Saiful Islam Sweet|Time:2015-11-25 17:57:23');
INSERT INTO `tbl_sessions_info` VALUES ('e74761c9f6807f6837a450b213816ea1', '127.0.0.1', 'Mozilla/5.0 (Windows NT 6.1; rv:41.0) Gecko/20100101 Firefox/41.0', '1448431053', 'Login ID:216|Name:Nasirul Akbar Khan|Time:2015-11-25 17:57:51');
INSERT INTO `tbl_sessions_info` VALUES ('6ef55e4ef1c91801aaa6cc8367784b13', '127.0.0.1', 'Mozilla/5.0 (Windows NT 6.1; rv:41.0) Gecko/20100101 Firefox/41.0', '1448431080', 'Login ID:517|Name:Nasirul Akbar Khan|Time:2015-11-25 17:58:07');
INSERT INTO `tbl_sessions_info` VALUES ('10c419e997575cdee7475267dfb99877', '127.0.0.1', 'Mozilla/5.0 (Windows NT 6.1; rv:41.0) Gecko/20100101 Firefox/41.0', '1448431187', 'Login ID:230|Name:Saiful Islam Sweet|Time:2015-11-25 17:59:54');
INSERT INTO `tbl_sessions_info` VALUES ('59360db0e252ec503023fde7ee280d13', '127.0.0.1', 'Mozilla/5.0 (Windows NT 6.1; rv:41.0) Gecko/20100101 Firefox/41.0', '1448433213', 'Login ID:517|Name:Nasirul Akbar Khan|Time:2015-11-25 18:33:56');
INSERT INTO `tbl_sessions_info` VALUES ('0579dfe20201f15226184f92fe4d4eff', '127.0.0.1', 'Mozilla/5.0 (Windows NT 6.1; rv:41.0) Gecko/20100101 Firefox/41.0', '1448433308', 'Login ID:230|Name:Saiful Islam Sweet|Time:2015-11-25 18:35:14');
INSERT INTO `tbl_sessions_info` VALUES ('87737ad90e6f7ebccde3eeac1dacca31', '127.0.0.1', 'Mozilla/5.0 (Windows NT 6.1; rv:41.0) Gecko/20100101 Firefox/41.0', '1448433322', 'Login ID:517|Name:Nasirul Akbar Khan|Time:2015-11-25 18:35:41');
INSERT INTO `tbl_sessions_info` VALUES ('de17aaff590346f1ecaa115a53d940c8', '127.0.0.1', 'Mozilla/5.0 (Windows NT 6.1; rv:41.0) Gecko/20100101 Firefox/41.0', '1448446075', 'Login ID:230|Name:Saiful Islam Sweet|Time:2015-11-25 22:08:11');
INSERT INTO `tbl_sessions_info` VALUES ('601d903b63d4c5de81f222638f55ba71', '127.0.0.1', 'Mozilla/5.0 (Windows NT 6.1; rv:42.0) Gecko/20100101 Firefox/42.0', '1448530078', 'Login ID:216|Name:Nasirul Akbar Khan|Time:2015-11-26 21:27:59');
INSERT INTO `tbl_sessions_info` VALUES ('58d25e8e75b55b115bfd50a5801d5b60', '127.0.0.1', 'Mozilla/5.0 (Windows NT 6.1; rv:42.0) Gecko/20100101 Firefox/42.0', '1448538069', 'Login ID:230|Name:Saiful Islam Sweet|Time:2015-11-26 23:41:19');
INSERT INTO `tbl_sessions_info` VALUES ('bad8031bd969da709eb903a83d430666', '127.0.0.1', 'Mozilla/5.0 (Windows NT 6.1; rv:42.0) Gecko/20100101 Firefox/42.0', '1448538097', 'Login ID:517|Name:Nasirul Akbar Khan|Time:2015-11-26 23:41:52');
INSERT INTO `tbl_sessions_info` VALUES ('75ab10fc7fab48be2784b7322490dcb2', '127.0.0.1', 'Mozilla/5.0 (Windows NT 6.1; rv:42.0) Gecko/20100101 Firefox/42.0', '1448538143', 'Login ID:216|Name:Nasirul Akbar Khan|Time:2015-11-26 23:42:41');
INSERT INTO `tbl_sessions_info` VALUES ('e70e53c3ea6f86ba2515754b15059da3', '127.0.0.1', 'Mozilla/5.0 (Windows NT 6.1; rv:42.0) Gecko/20100101 Firefox/42.0', '1448875794', 'Login ID:216|Name:Nasirul Akbar Khan|Time:2015-11-30 21:30:35');
INSERT INTO `tbl_sessions_info` VALUES ('02b42a49600de5590157ea4f1cd3ea22', '127.0.0.1', 'Mozilla/5.0 (Windows NT 6.1; rv:42.0) Gecko/20100101 Firefox/42.0', '1448964815', 'Login ID:216|Name:Nasirul Akbar Khan|Time:2015-12-01 22:13:47');
INSERT INTO `tbl_sessions_info` VALUES ('2c2a193718014120b551853dd9582eaa', '127.0.0.1', 'Mozilla/5.0 (Windows NT 6.1; rv:42.0) Gecko/20100101 Firefox/42.0', '1448970622', 'Login ID:517|Name:Nasirul Akbar Khan|Time:2015-12-01 23:50:35');
INSERT INTO `tbl_sessions_info` VALUES ('fe630675dad0bb9050b570187d2c4351', '127.0.0.1', 'Mozilla/5.0 (Windows NT 6.1) AppleWebKit/537.36 (KHTML, like Gecko) Chrome/49.0.2593.0 Safari/537.36', '1451377640', 'Login ID:216|Name:Nasirul Akbar Khan|Time:2015-12-29 20:27:50');
INSERT INTO `tbl_sessions_info` VALUES ('d6d6a87956f8d60c0209e6add85a1e37', '127.0.0.1', 'Mozilla/5.0 (Windows NT 6.1) AppleWebKit/537.36 (KHTML, like Gecko) Chrome/49.0.2593.0 Safari/537.36', '1451387582', 'Login ID:216|Name:Nasirul Akbar Khan|Time:2015-12-29 23:14:29');
INSERT INTO `tbl_sessions_info` VALUES ('c028e79a89d97d47462a29d4151b834f', '127.0.0.1', 'Mozilla/5.0 (Windows NT 6.1) AppleWebKit/537.36 (KHTML, like Gecko) Chrome/49.0.2593.0 Safari/537.36', '1451387726', 'Login ID:230|Name:Saiful Islam Sweet|Time:2015-12-29 23:15:33');
INSERT INTO `tbl_sessions_info` VALUES ('cc1e16776f8f3ea30770e13ba458bd21', '127.0.0.1', 'Mozilla/5.0 (Windows NT 6.1) AppleWebKit/537.36 (KHTML, like Gecko) Chrome/49.0.2593.0 Safari/537.36', '1451453679', 'Login ID:216|Name:Nasirul Akbar Khan|Time:2015-12-30 17:34:41');
INSERT INTO `tbl_sessions_info` VALUES ('553cf158034622c22bf240e967129e58', '127.0.0.1', 'Mozilla/5.0 (Windows NT 6.1) AppleWebKit/537.36 (KHTML, like Gecko) Chrome/49.0.2593.0 Safari/537.36', '1451457135', 'Login ID:517|Name:Nasirul Akbar Khan|Time:2015-12-30 18:32:21');
INSERT INTO `tbl_sessions_info` VALUES ('2c71a3b26db1fdbe05da116757f71611', '127.0.0.1', 'Mozilla/5.0 (Windows NT 6.1) AppleWebKit/537.36 (KHTML, like Gecko) Chrome/49.0.2593.0 Safari/537.36', '1451457187', 'Login ID:216|Name:Nasirul Akbar Khan|Time:2015-12-30 18:33:15');
INSERT INTO `tbl_sessions_info` VALUES ('e9ba450324ffb997565431b463b73dae', '127.0.0.1', 'Mozilla/5.0 (Windows NT 6.1) AppleWebKit/537.36 (KHTML, like Gecko) Chrome/49.0.2593.0 Safari/537.36', '1451466917', 'Login ID:216|Name:Nasirul Akbar Khan|Time:2015-12-30 21:15:28');
INSERT INTO `tbl_sessions_info` VALUES ('adccbda1e9855c221c85d9fe148dcafb', '127.0.0.1', 'Mozilla/5.0 (Windows NT 6.1) AppleWebKit/537.36 (KHTML, like Gecko) Chrome/49.0.2593.0 Safari/537.36', '1451551960', 'Login ID:216|Name:Nasirul Akbar Khan|Time:2015-12-31 20:52:54');
INSERT INTO `tbl_sessions_info` VALUES ('ae1ec7ea94055038f0ed783808955ab1', '127.0.0.1', 'Mozilla/5.0 (Windows NT 6.1) AppleWebKit/537.36 (KHTML, like Gecko) Chrome/49.0.2593.0 Safari/537.36', '1451722306', 'Login ID:216|Name:Nasirul Akbar Khan|Time:2016-01-02 20:12:13');
INSERT INTO `tbl_sessions_info` VALUES ('b8f92b5ac7f340e209befbb8270408f0', '127.0.0.1', 'Mozilla/5.0 (Windows NT 6.1) AppleWebKit/537.36 (KHTML, like Gecko) Chrome/49.0.2593.0 Safari/537.36', '1451990027', 'Login ID:517|Name:Nasirul Akbar Khan|Time:2016-01-05 22:33:58');
INSERT INTO `tbl_sessions_info` VALUES ('4bd23644988febbf53183544778ec4ca', '127.0.0.1', 'Mozilla/5.0 (Windows NT 6.1) AppleWebKit/537.36 (KHTML, like Gecko) Chrome/49.0.2593.0 Safari/537.36', '1452070985', 'Login ID:216|Name:Nasirul Akbar Khan|Time:2016-01-06 21:03:14');
INSERT INTO `tbl_sessions_info` VALUES ('b6d95a92be67aed712257c4d495560de', '127.0.0.1', 'Mozilla/5.0 (Windows NT 6.1) AppleWebKit/537.36 (KHTML, like Gecko) Chrome/49.0.2593.0 Safari/537.36', '1452071001', 'Login ID:216|Name:Nasirul Akbar Khan|Time:2016-01-06 21:03:30');
INSERT INTO `tbl_sessions_info` VALUES ('7720e950103b81ec2e664f789034817f', '127.0.0.1', 'Mozilla/5.0 (Windows NT 6.1) AppleWebKit/537.36 (KHTML, like Gecko) Chrome/49.0.2593.0 Safari/537.36', '1452074772', 'Login ID:517|Name:Nasirul Akbar Khan|Time:2016-01-06 22:06:20');
INSERT INTO `tbl_sessions_info` VALUES ('e16f369973f3e27add2e0272ef30034b', '127.0.0.1', 'Mozilla/5.0 (Windows NT 6.1) AppleWebKit/537.36 (KHTML, like Gecko) Chrome/49.0.2593.0 Safari/537.36', '1452075343', 'Login ID:230|Name:Saiful Islam Sweet|Time:2016-01-06 22:15:49');
INSERT INTO `tbl_sessions_info` VALUES ('553d9d268b2c48fb3cb5f2ff02caed02', '127.0.0.1', 'Mozilla/5.0 (Windows NT 6.1) AppleWebKit/537.36 (KHTML, like Gecko) Chrome/49.0.2593.0 Safari/537.36', '1452075382', 'Login ID:216|Name:Nasirul Akbar Khan|Time:2016-01-06 22:16:34');
INSERT INTO `tbl_sessions_info` VALUES ('3521ca226a5f89de84a4c8d9eaa1768d', '127.0.0.1', 'Mozilla/5.0 (Windows NT 6.1) AppleWebKit/537.36 (KHTML, like Gecko) Chrome/49.0.2593.0 Safari/537.36', '1452075577', 'Login ID:517|Name:Nasirul Akbar Khan|Time:2016-01-06 22:19:48');
INSERT INTO `tbl_sessions_info` VALUES ('b6198a1371628e3b0c717cedf19b02fc', '127.0.0.1', 'Mozilla/5.0 (Windows NT 6.1) AppleWebKit/537.36 (KHTML, like Gecko) Chrome/49.0.2593.0 Safari/537.36', '1452075671', 'Login ID:216|Name:Nasirul Akbar Khan|Time:2016-01-06 22:21:21');
INSERT INTO `tbl_sessions_info` VALUES ('9ad42282496023869132370f3898a2c9', '127.0.0.1', 'Mozilla/5.0 (Windows NT 6.1) AppleWebKit/537.36 (KHTML, like Gecko) Chrome/49.0.2593.0 Safari/537.36', '1452076182', 'Login ID:517|Name:Nasirul Akbar Khan|Time:2016-01-06 22:29:49');
INSERT INTO `tbl_sessions_info` VALUES ('80b25b2ec4af9ed09d3fb2b5db9b2759', '127.0.0.1', 'Mozilla/5.0 (Windows NT 6.1) AppleWebKit/537.36 (KHTML, like Gecko) Chrome/49.0.2593.0 Safari/537.36', '1452077206', 'Login ID:216|Name:Nasirul Akbar Khan|Time:2016-01-06 22:46:47');
INSERT INTO `tbl_sessions_info` VALUES ('051152c8957121cb22a5dd9d90bec1c0', '127.0.0.1', 'Mozilla/5.0 (Windows NT 6.1) AppleWebKit/537.36 (KHTML, like Gecko) Chrome/49.0.2593.0 Safari/537.36', '1452077457', 'Login ID:517|Name:Nasirul Akbar Khan|Time:2016-01-06 22:51:04');
INSERT INTO `tbl_sessions_info` VALUES ('ec9fc94f18cffb2c452beec2bd1b3610', '127.0.0.1', 'Mozilla/5.0 (Windows NT 6.1) AppleWebKit/537.36 (KHTML, like Gecko) Chrome/49.0.2593.0 Safari/537.36', '1452077811', 'Login ID:216|Name:Nasirul Akbar Khan|Time:2016-01-06 22:56:56');
INSERT INTO `tbl_sessions_info` VALUES ('8e939b323d3f241e25a9238fdde8cf56', '127.0.0.1', 'Mozilla/5.0 (Windows NT 6.1) AppleWebKit/537.36 (KHTML, like Gecko) Chrome/49.0.2593.0 Safari/537.36', '1452077828', 'Login ID:517|Name:Nasirul Akbar Khan|Time:2016-01-06 22:57:17');
INSERT INTO `tbl_sessions_info` VALUES ('40a2f4b2877a6e80e693eb70447eb503', '127.0.0.1', 'Mozilla/5.0 (Windows NT 6.1) AppleWebKit/537.36 (KHTML, like Gecko) Chrome/49.0.2593.0 Safari/537.36', '1452077990', 'Login ID:216|Name:Nasirul Akbar Khan|Time:2016-01-06 22:59:55');
INSERT INTO `tbl_sessions_info` VALUES ('185c6884df581d6af5bfea695bbb8dde', '127.0.0.1', 'Mozilla/5.0 (Windows NT 6.1) AppleWebKit/537.36 (KHTML, like Gecko) Chrome/49.0.2593.0 Safari/537.36', '1452078007', 'Login ID:230|Name:Saiful Islam Sweet|Time:2016-01-06 23:00:14');
INSERT INTO `tbl_sessions_info` VALUES ('22003689adac541abcfd683fb2837ff0', '127.0.0.1', 'Mozilla/5.0 (Windows NT 6.1) AppleWebKit/537.36 (KHTML, like Gecko) Chrome/49.0.2593.0 Safari/537.36', '1452078074', 'Login ID:216|Name:Nasirul Akbar Khan|Time:2016-01-06 23:01:21');
INSERT INTO `tbl_sessions_info` VALUES ('e3f5c1f870da9f48affbc26c2d5eec87', '127.0.0.1', 'Mozilla/5.0 (Windows NT 6.1) AppleWebKit/537.36 (KHTML, like Gecko) Chrome/49.0.2593.0 Safari/537.36', '1452078091', 'Login ID:517|Name:Nasirul Akbar Khan|Time:2016-01-06 23:01:38');
INSERT INTO `tbl_sessions_info` VALUES ('5078ebdd25f56c5a2a627895004663a5', '127.0.0.1', 'Mozilla/5.0 (Windows NT 6.1) AppleWebKit/537.36 (KHTML, like Gecko) Chrome/49.0.2593.0 Safari/537.36', '1452078171', 'Login ID:216|Name:Nasirul Akbar Khan|Time:2016-01-06 23:03:07');
INSERT INTO `tbl_sessions_info` VALUES ('4b329e146dbdbfd4319e4c76bf08067d', '127.0.0.1', 'Mozilla/5.0 (Windows NT 6.1) AppleWebKit/537.36 (KHTML, like Gecko) Chrome/49.0.2593.0 Safari/537.36', '1452078224', 'Login ID:230|Name:Saiful Islam Sweet|Time:2016-01-06 23:03:51');
INSERT INTO `tbl_sessions_info` VALUES ('4e1e18414cfe5f98650677cc0bb9f407', '127.0.0.1', 'Mozilla/5.0 (Windows NT 6.1) AppleWebKit/537.36 (KHTML, like Gecko) Chrome/49.0.2612.0 Safari/537.36', '1452151211', 'Login ID:216|Name:Nasirul Akbar Khan|Time:2016-01-07 19:20:13');
INSERT INTO `tbl_sessions_info` VALUES ('01ab3bb0c340576a39fffabf06e851e5', '127.0.0.1', 'Mozilla/5.0 (Windows NT 6.1) AppleWebKit/537.36 (KHTML, like Gecko) Chrome/49.0.2612.0 Safari/537.36', '1452156526', 'Login ID:216|Name:Nasirul Akbar Khan|Time:2016-01-07 20:48:48');
INSERT INTO `tbl_sessions_info` VALUES ('d804aa150779ce34fb1af74538f6344d', '127.0.0.1', 'Mozilla/5.0 (Windows NT 6.1) AppleWebKit/537.36 (KHTML, like Gecko) Chrome/49.0.2612.0 Safari/537.36', '1452680062', 'Login ID:216|Name:Nasirul Akbar Khan|Time:2016-01-13 22:15:04');
INSERT INTO `tbl_sessions_info` VALUES ('b7d3c9f4a1abc023decb49fe8791abf3', '127.0.0.1', 'Mozilla/5.0 (Windows NT 6.1) AppleWebKit/537.36 (KHTML, like Gecko) Chrome/49.0.2618.8 Safari/537.36', '1452751137', 'Login ID:216|Name:Nasirul Akbar Khan|Time:2016-01-14 17:59:04');
INSERT INTO `tbl_sessions_info` VALUES ('b5d787cd55c350b625e176a484fe82f3', '127.0.0.1', 'Mozilla/5.0 (Windows NT 6.1) AppleWebKit/537.36 (KHTML, like Gecko) Chrome/49.0.2618.8 Safari/537.36', '1453267989', 'Login ID:216|Name:Nasirul Akbar Khan|Time:2016-01-20 17:34:07');
INSERT INTO `tbl_sessions_info` VALUES ('afbab4c84b4618b5c620ab6bfcbd433a', '127.0.0.1', 'Mozilla/5.0 (Windows NT 6.3; WOW64; rv:45.0) Gecko/20100101 Firefox/45.0', '1459405565', 'Login ID:216|Name:Nasirul Akbar Khan|Time:2016-03-31 18:26:10');
INSERT INTO `tbl_sessions_info` VALUES ('8f549c6f2299bb5bb082909a05b7b820', '127.0.0.1', 'Mozilla/5.0 (Windows NT 6.3; WOW64; rv:45.0) Gecko/20100101 Firefox/45.0', '1461044865', 'Login ID:216|Name:Nasirul Akbar Khan|Time:2016-04-19 17:48:07');
INSERT INTO `tbl_sessions_info` VALUES ('27d9a97d2f272c88c34753972969e0d3', '127.0.0.1', 'Mozilla/5.0 (Windows NT 6.3; WOW64; rv:46.0) Gecko/20100101 Firefox/46.0', '1465213461', 'Login ID:216|Name:Nasirul Akbar Khan|Time:2016-06-06 23:44:33');
INSERT INTO `tbl_sessions_info` VALUES ('6d858007e9f74572f6d5c68f99f201cd', '127.0.0.1', 'Mozilla/5.0 (Windows NT 6.3; WOW64; rv:46.0) Gecko/20100101 Firefox/46.0', '1465213484', 'Login ID:216|Name:Nasirul Akbar Khan|Time:2016-06-06 23:44:46');
INSERT INTO `tbl_sessions_info` VALUES ('381012d1bf694b3c0e2d7cb30310e571', '127.0.0.1', 'Mozilla/5.0 (Windows NT 6.3; WOW64; rv:46.0) Gecko/20100101 Firefox/46.0', '1465213658', 'Login ID:216|Name:Nasirul Akbar Khan|Time:2016-06-06 23:49:11');
INSERT INTO `tbl_sessions_info` VALUES ('d942bfd91a854d56d0f67ebd88c8169b', '127.0.0.1', 'Mozilla/5.0 (Windows NT 6.3; WOW64; rv:46.0) Gecko/20100101 Firefox/46.0', '1465213756', 'Login ID:216|Name:Nasirul Akbar Khan|Time:2016-06-06 23:49:19');
INSERT INTO `tbl_sessions_info` VALUES ('ca679f01afa4232ef76daa8c2ee3d0f7', '127.0.0.1', 'Mozilla/5.0 (Windows NT 10.0; WOW64; rv:47.0) Gecko/20100101 Firefox/47.0', '1471240166', 'Login ID:216|Name:Nasirul Akbar Khan|Time:2016-08-15 17:49:29');
INSERT INTO `tbl_sessions_info` VALUES ('93975a3ac55c72a0e949eeb7e255bee9', '127.0.0.1', 'Mozilla/5.0 (Windows NT 10.0; WOW64; rv:47.0) Gecko/20100101 Firefox/47.0', '1471254317', 'Login ID:1|Name:Nasirul Akbar Khan|Time:2016-08-15 21:45:18');
INSERT INTO `tbl_sessions_info` VALUES ('b37d7e805c82b78c54ced37c38206c1f', '127.0.0.1', 'Mozilla/5.0 (Windows NT 10.0; WOW64; rv:47.0) Gecko/20100101 Firefox/47.0', '1471254943', 'Login ID:2|Name:Mostafizur Rahman|Time:2016-08-15 21:55:48');
INSERT INTO `tbl_sessions_info` VALUES ('8d3bf2715f18b711f69c6d69928c41d0', '127.0.0.1', 'Mozilla/5.0 (Windows NT 10.0; WOW64; rv:47.0) Gecko/20100101 Firefox/47.0', '1471254960', 'Login ID:1|Name:Nasirul Akbar Khan|Time:2016-08-15 21:56:03');
INSERT INTO `tbl_sessions_info` VALUES ('2f4c6af3199f0d0bcec23d76c4eb56ec', '127.0.0.1', 'Mozilla/5.0 (Windows NT 10.0; WOW64; rv:47.0) Gecko/20100101 Firefox/47.0', '1471254984', 'Login ID:1|Name:Nasirul Akbar Khan|Time:2016-08-15 21:56:26');
INSERT INTO `tbl_sessions_info` VALUES ('d6cb01396d9243679a0c80daf26481c7', '127.0.0.1', 'Mozilla/5.0 (Windows NT 10.0; WOW64; rv:47.0) Gecko/20100101 Firefox/47.0', '1471254987', 'Login ID:2|Name:Mostafizur Rahman|Time:2016-08-15 21:56:33');
INSERT INTO `tbl_sessions_info` VALUES ('19541d61266e850eadb979612249b2d9', '127.0.0.1', 'Mozilla/5.0 (Windows NT 10.0; WOW64; rv:50.0) Gecko/20100101 Firefox/50.0', '1483516778', 'Login ID:1|Name:Nasirul Akbar Khan|Time:2017-01-04 19:59:47');
INSERT INTO `tbl_sessions_info` VALUES ('6bc6a0ddcf6ddec9755fb09966920886', '127.0.0.1', 'Mozilla/5.0 (Windows NT 10.0; WOW64; rv:50.0) Gecko/20100101 Firefox/50.0', '1484722462', 'Login ID:1|Name:Nasirul Akbar Khan|Time:2017-01-18 18:54:43');
INSERT INTO `tbl_sessions_info` VALUES ('b00e6e7141fd319e0dd8f079c270c1f4', '127.0.0.1', 'Mozilla/5.0 (Windows NT 10.0; WOW64; rv:50.0) Gecko/20100101 Firefox/50.0', '1484723499', 'Login ID:1|Name:Nasirul Akbar Khan|Time:2017-01-18 19:11:43');
INSERT INTO `tbl_sessions_info` VALUES ('56013d0a55dbe895947d9181a421caa7', '127.0.0.1', 'Mozilla/5.0 (Windows NT 10.0; WOW64; rv:50.0) Gecko/20100101 Firefox/50.0', '1484727775', 'Login ID:1|Name:Nasirul Akbar Khan|Time:2017-01-18 20:24:49');
INSERT INTO `tbl_sessions_info` VALUES ('799a597b215d9669dc9598cf4efef2a1', '127.0.0.1', 'Mozilla/5.0 (Windows NT 10.0; WOW64; rv:50.0) Gecko/20100101 Firefox/50.0', '1484728029', 'Login ID:1|Name:Nasirul Akbar Khan|Time:2017-01-18 20:30:08');
INSERT INTO `tbl_sessions_info` VALUES ('7083e67b80ab67ab2d124604f7d8f397', '127.0.0.1', 'Mozilla/5.0 (Windows NT 10.0; WOW64; rv:50.0) Gecko/20100101 Firefox/50.0', '1484736676', 'Login ID:1|Name:Nasirul Akbar Khan|Time:2017-01-18 22:51:20');
INSERT INTO `tbl_sessions_info` VALUES ('17d0359798723fb302dce8bf83104ab8', '127.0.0.1', 'Mozilla/5.0 (Windows NT 10.0; WOW64; rv:50.0) Gecko/20100101 Firefox/50.0', '1484736695', 'Login ID:1|Name:Nasirul Akbar Khan|Time:2017-01-18 22:51:39');
INSERT INTO `tbl_sessions_info` VALUES ('dc029f050980b5de4f470a0e4ebdd156', '127.0.0.1', 'Mozilla/5.0 (Windows NT 10.0; WOW64; rv:50.0) Gecko/20100101 Firefox/50.0', '1484796355', 'Login ID:1|Name:Nasirul Akbar Khan|Time:2017-01-19 15:26:02');
INSERT INTO `tbl_sessions_info` VALUES ('9783e64ae3ccb99a6af30638032db973', '127.0.0.1', 'Mozilla/5.0 (Windows NT 10.0; WOW64; rv:50.0) Gecko/20100101 Firefox/50.0', '1484816297', 'Login ID:1|Name:Nasirul Akbar Khan|Time:2017-01-19 20:58:18');
INSERT INTO `tbl_sessions_info` VALUES ('39342d754af513d2bbc8a6f1ab7c768f', '127.0.0.1', 'Mozilla/5.0 (Windows NT 10.0; WOW64; rv:50.0) Gecko/20100101 Firefox/50.0', '1484971723', 'Login ID:1|Name:Nasirul Akbar Khan|Time:2017-01-21 16:11:07');
INSERT INTO `tbl_sessions_info` VALUES ('daf5543a73a993473a70e232307ef861', '127.0.0.1', 'Mozilla/5.0 (Windows NT 10.0; WOW64; rv:50.0) Gecko/20100101 Firefox/50.0', '1484971876', 'Login ID:1|Name:Nasirul Akbar Khan|Time:2017-01-21 16:11:20');
INSERT INTO `tbl_sessions_info` VALUES ('5ecda971fee9d23497ca8a821b4ec5fe', '127.0.0.1', 'Mozilla/5.0 (Windows NT 10.0; WOW64; rv:50.0) Gecko/20100101 Firefox/50.0', '1484981045', 'Login ID:1|Name:Nasirul Akbar Khan|Time:2017-01-21 18:44:05');
INSERT INTO `tbl_sessions_info` VALUES ('585bc4e26e0c3a2ac2de2a4e0736f281', '202.79.18.160', 'Mozilla/5.0 (Windows NT 10.0; WOW64; rv:50.0) Gecko/20100101 Firefox/50.0', '1484992780', 'Login ID:1|Name:Nasirul Akbar Khan|Time:2017-01-21 15:59:45');
INSERT INTO `tbl_sessions_info` VALUES ('18cb16507f59752074a20d19ee838522', '202.79.18.160', 'Mozilla/5.0 (Windows NT 10.0; WOW64; rv:50.0) Gecko/20100101 Firefox/50.0', '1484992790', 'Login ID:1|Name:Nasirul Akbar Khan|Time:2017-01-21 15:59:56');
INSERT INTO `tbl_sessions_info` VALUES ('7d491e17544f0b4302ab46b08fffeb13', '202.79.18.160', 'Mozilla/5.0 (Windows NT 10.0; WOW64; rv:50.0) Gecko/20100101 Firefox/50.0', '1484992807', 'Login ID:2|Name:Mostafizur Rahman|Time:2017-01-21 16:00:12');
INSERT INTO `tbl_sessions_info` VALUES ('6ac8ad69e3e58f84c5ee5d62be996a83', '202.79.18.160', 'Mozilla/5.0 (Windows NT 10.0; WOW64; rv:50.0) Gecko/20100101 Firefox/50.0', '1484993254', 'Login ID:2|Name:Mostafizur Rahman|Time:2017-01-21 16:07:34');
INSERT INTO `tbl_sessions_info` VALUES ('f372b0689e20e45c1da475285bd102f2', '202.79.18.160', 'Mozilla/5.0 (Windows NT 10.0; WOW64; rv:50.0) Gecko/20100101 Firefox/50.0', '1484993280', 'Login ID:1|Name:Nasirul Akbar Khan|Time:2017-01-21 16:08:09');
INSERT INTO `tbl_sessions_info` VALUES ('74943214b1bafad81d00db36b2665bb9', '202.79.18.160', 'Mozilla/5.0 (Windows NT 10.0; WOW64; rv:50.0) Gecko/20100101 Firefox/50.0', '1484993330', 'Login ID:2|Name:Mostafizur Rahman|Time:2017-01-21 16:08:55');
INSERT INTO `tbl_sessions_info` VALUES ('e1ccdda0ae20d3edeb85060ea9d11916', '202.79.18.160', 'Mozilla/5.0 (Windows NT 10.0; WOW64; rv:50.0) Gecko/20100101 Firefox/50.0', '1484994476', 'Login ID:2|Name:Mostafizur Rahman|Time:2017-01-21 16:30:08');
INSERT INTO `tbl_sessions_info` VALUES ('51cc56dc6d422dd44d66649948e9643b', '202.79.18.160', 'Mozilla/5.0 (Windows NT 10.0; WOW64; rv:50.0) Gecko/20100101 Firefox/50.0', '1484994698', 'Login ID:1|Name:Nasirul Akbar Khan|Time:2017-01-21 16:31:47');
INSERT INTO `tbl_sessions_info` VALUES ('4c3c60bf8cd410caaf5eaa80288ad9e6', '202.79.18.160', 'Mozilla/5.0 (Windows NT 10.0; WOW64; rv:50.0) Gecko/20100101 Firefox/50.0', '1484994829', 'Login ID:2|Name:Mostafizur Rahman|Time:2017-01-21 16:34:00');
INSERT INTO `tbl_sessions_info` VALUES ('b0f78c4c9a869be244a66687fceee956', '202.79.18.160', 'Mozilla/5.0 (Windows NT 10.0; WOW64; rv:50.0) Gecko/20100101 Firefox/50.0', '1484994901', 'Login ID:1|Name:Nasirul Akbar Khan|Time:2017-01-21 16:35:08');
INSERT INTO `tbl_sessions_info` VALUES ('5daff2db50830fa31dc4796205d189c1', '202.79.18.160', 'Mozilla/5.0 (Windows NT 10.0; WOW64; rv:50.0) Gecko/20100101 Firefox/50.0', '1484995322', 'Login ID:1|Name:Nasirul Akbar Khan|Time:2017-01-21 16:42:02');
INSERT INTO `tbl_sessions_info` VALUES ('68d362087406671187123096c71a1be0', '202.79.18.160', 'Mozilla/5.0 (Windows NT 10.0; WOW64; rv:50.0) Gecko/20100101 Firefox/50.0', '1484995330', 'Login ID:2|Name:Mostafizur Rahman|Time:2017-01-21 16:42:17');
INSERT INTO `tbl_sessions_info` VALUES ('fb758ced2d24b76708f86fe7189fea43', '202.79.18.160', 'Mozilla/5.0 (Windows NT 10.0; Win64; x64) AppleWebKit/537.36 (KHTML, like Gecko) Chrome/55.0.2883.87 Safari/537.36', '1484995415', 'Login ID:2|Name:Mostafizur Rahman|Time:2017-01-21 16:43:46');
INSERT INTO `tbl_sessions_info` VALUES ('be8fa9a7c9e50ac036c07488e17cc3dc', '202.79.18.160', 'Mozilla/5.0 (Windows NT 10.0; WOW64; rv:50.0) Gecko/20100101 Firefox/50.0', '1485053864', 'Login ID:1|Name:Nasirul Akbar Khan|Time:2017-01-22 08:57:52');
INSERT INTO `tbl_sessions_info` VALUES ('a59a068d0cbb29aa9e3daaa23d498e1a', '202.79.18.160', 'Mozilla/5.0 (Windows NT 10.0; WOW64; rv:50.0) Gecko/20100101 Firefox/50.0', '1485053877', 'Login ID:2|Name:Mostafizur Rahman|Time:2017-01-22 08:58:03');
INSERT INTO `tbl_sessions_info` VALUES ('ef2bdfa8144c311aed96c96f53b140a6', '202.79.18.160', 'Mozilla/5.0 (Windows NT 10.0; WOW64; rv:50.0) Gecko/20100101 Firefox/50.0', '1485055368', 'Login ID:1|Name:Nasirul Akbar Khan|Time:2017-01-22 09:22:48');
INSERT INTO `tbl_sessions_info` VALUES ('49648f4e0ba086efe0fc2e590614cc4e', '202.79.18.160', 'Mozilla/5.0 (Windows NT 10.0; WOW64; rv:50.0) Gecko/20100101 Firefox/50.0', '1485059118', 'Login ID:3|Name:Nasirul Akbar Khan|Time:2017-01-22 10:25:24');
INSERT INTO `tbl_sessions_info` VALUES ('babea0b587aa4c92f0e76d95bd4e9086', '202.79.18.160', 'Mozilla/5.0 (Windows NT 10.0; WOW64; rv:50.0) Gecko/20100101 Firefox/50.0', '1485059156', 'Login ID:1|Name:Nasirul Akbar Khan|Time:2017-01-22 10:26:03');
INSERT INTO `tbl_sessions_info` VALUES ('22493f1a9de0c59a9c413aac4e0f333f', '202.79.18.160', 'Mozilla/5.0 (Windows NT 10.0; WOW64; rv:50.0) Gecko/20100101 Firefox/50.0', '1485059189', 'Login ID:3|Name:Nasirul Akbar Khan|Time:2017-01-22 10:26:30');
INSERT INTO `tbl_sessions_info` VALUES ('77091db506da5066da55514072a1958d', '202.79.18.160', 'Mozilla/5.0 (Windows NT 10.0; Win64; x64) AppleWebKit/537.36 (KHTML, like Gecko) Chrome/55.0.2883.87 Safari/537.36', '1485142403', 'Login ID:2|Name:Mostafizur Rahman|Time:2017-01-23 09:33:26');
INSERT INTO `tbl_sessions_info` VALUES ('66713830ef1f9d5b6c9206a7dea18801', '202.79.18.160', 'Mozilla/5.0 (Windows NT 10.0; WOW64; rv:50.0) Gecko/20100101 Firefox/50.0', '1485168766', 'Login ID:3|Name:Nasirul Akbar Khan|Time:2017-01-23 16:52:49');
INSERT INTO `tbl_sessions_info` VALUES ('cfce7b7421756b65c13bee83d910bf82', '202.79.18.160', 'Mozilla/5.0 (Windows NT 10.0; WOW64; rv:50.0) Gecko/20100101 Firefox/50.0', '1485168777', 'Login ID:2|Name:Mostafizur Rahman|Time:2017-01-23 16:53:04');
INSERT INTO `tbl_sessions_info` VALUES ('fe50e907f618d7a8790dd124937cc9c3', '202.79.18.160', 'Mozilla/5.0 (Windows NT 10.0; WOW64) AppleWebKit/537.36 (KHTML, like Gecko) Chrome/55.0.2883.87 Safari/537.36', '1485168972', 'Login ID:1|Name:Nasirul Akbar Khan|Time:2017-01-23 16:56:18');
INSERT INTO `tbl_sessions_info` VALUES ('22d7db75ab40e021de7ec978cb550c09', '221.120.99.114', 'Mozilla/5.0 (Windows NT 10.0; WOW64; rv:50.0) Gecko/20100101 Firefox/50.0', '1485313388', 'Login ID:3|Name:Nasirul Akbar Khan|Time:2017-01-25 09:03:10');
INSERT INTO `tbl_sessions_info` VALUES ('8ec52204b3ae0f9aa3a1f1494396695a', '221.120.99.114', 'Mozilla/5.0 (Windows NT 10.0; WOW64; rv:50.0) Gecko/20100101 Firefox/50.0', '1485313399', 'Login ID:1|Name:Nasirul Akbar Khan|Time:2017-01-25 09:03:24');
INSERT INTO `tbl_sessions_info` VALUES ('4817687e2bfc9174e1b4d45885bbfa54', '202.79.18.134', 'Mozilla/5.0 (Windows NT 10.0; WOW64; rv:50.0) Gecko/20100101 Firefox/50.0', '1485320900', 'Login ID:1|Name:Nasirul Akbar Khan|Time:2017-01-25 11:08:20');
INSERT INTO `tbl_sessions_info` VALUES ('9a9defca0f168ec0b0f9bf8d117f1886', '202.79.18.134', 'Mozilla/5.0 (Windows NT 10.0; WOW64; rv:50.0) Gecko/20100101 Firefox/50.0', '1485325967', 'Login ID:2|Name:Mostafizur Rahman|Time:2017-01-25 12:32:55');
INSERT INTO `tbl_sessions_info` VALUES ('086a628dba2f3ad265411b755213cd71', '202.79.18.134', 'Mozilla/5.0 (Windows NT 10.0; WOW64; rv:50.0) Gecko/20100101 Firefox/50.0', '1485326004', 'Login ID:1|Name:Nasirul Akbar Khan|Time:2017-01-25 12:33:43');
INSERT INTO `tbl_sessions_info` VALUES ('7eecabf223ae0059a99c60f470acb24a', '202.79.18.134', 'Mozilla/5.0 (Windows NT 10.0; WOW64; rv:50.0) Gecko/20100101 Firefox/50.0', '1485326044', 'Login ID:2|Name:Mostafizur Rahman|Time:2017-01-25 12:34:14');
INSERT INTO `tbl_sessions_info` VALUES ('3be724d878c530ab98e48144f1ce5e85', '202.79.18.162', 'Mozilla/5.0 (Windows NT 10.0; WOW64; rv:50.0) Gecko/20100101 Firefox/50.0', '1485412582', 'Login ID:1|Name:Nasirul Akbar Khan|Time:2017-01-26 12:36:29');
INSERT INTO `tbl_sessions_info` VALUES ('6972c94940d241391b58f57bf395dbdf', '202.79.18.162', 'Mozilla/5.0 (Windows NT 10.0; WOW64; rv:50.0) Gecko/20100101 Firefox/50.0', '1485412799', 'Login ID:2|Name:Mostafizur Rahman|Time:2017-01-26 12:40:28');
INSERT INTO `tbl_sessions_info` VALUES ('061805e41d3c96cccbb8f3783745b72e', '221.120.100.206', 'Mozilla/5.0 (Windows NT 6.1; Win64; x64) AppleWebKit/537.36 (KHTML, like Gecko) Chrome/55.0.2883.87 Safari/537.36', '1485444926', 'Login ID:2|Name:Mostafizur Rahman|Time:2017-01-26 21:35:43');
INSERT INTO `tbl_sessions_info` VALUES ('0916a39f8a544435a0ebd803eab18144', '221.120.99.114', 'Mozilla/5.0 (Windows NT 10.0; WOW64; rv:50.0) Gecko/20100101 Firefox/50.0', '1485668849', 'Login ID:3|Name:Nasirul Akbar Khan|Time:2017-01-29 11:47:31');
INSERT INTO `tbl_sessions_info` VALUES ('90c601f50a54de7f9e50d1049a54e141', '221.120.99.114', 'Mozilla/5.0 (Windows NT 10.0; WOW64; rv:50.0) Gecko/20100101 Firefox/50.0', '1485668861', 'Login ID:3|Name:Nasirul Akbar Khan|Time:2017-01-29 11:52:08');
INSERT INTO `tbl_sessions_info` VALUES ('e049798262ab9eed24288176e0cb5923', '221.120.99.114', 'Mozilla/5.0 (Windows NT 10.0; WOW64; rv:50.0) Gecko/20100101 Firefox/50.0', '1485669153', 'Login ID:2|Name:Mostafizur Rahman|Time:2017-01-29 11:52:42');
INSERT INTO `tbl_sessions_info` VALUES ('252a8305ee25afe3990d9b3afcbf3de6', '221.120.99.114', 'Mozilla/5.0 (Windows NT 10.0; WOW64) AppleWebKit/537.36 (KHTML, like Gecko) Chrome/55.0.2883.87 Safari/537.36', '1485678390', 'Login ID:1|Name:Nasirul Akbar Khan|Time:2017-01-29 14:26:40');
INSERT INTO `tbl_sessions_info` VALUES ('c69d8cf9ebe722088313074e6095ba32', '202.79.18.162', 'Mozilla/5.0 (Windows NT 10.0; WOW64) AppleWebKit/537.36 (KHTML, like Gecko) Chrome/55.0.2883.87 Safari/537.36', '1485680041', 'Login ID:1|Name:Nasirul Akbar Khan|Time:2017-01-29 14:54:08');
INSERT INTO `tbl_sessions_info` VALUES ('061d626826918b9e79455bb070c09d24', '202.79.18.162', 'Mozilla/5.0 (Windows NT 10.0; WOW64; rv:50.0) Gecko/20100101 Firefox/50.0', '1485680156', 'Login ID:3|Name:Nasirul Akbar Khan|Time:2017-01-29 15:00:01');
INSERT INTO `tbl_sessions_info` VALUES ('c862b286f55521b1dab975f3e0db33f4', '202.79.18.162', 'Mozilla/5.0 (Windows NT 10.0; WOW64; rv:50.0) Gecko/20100101 Firefox/50.0', '1485680405', 'Login ID:1|Name:Nasirul Akbar Khan|Time:2017-01-29 15:00:14');
INSERT INTO `tbl_sessions_info` VALUES ('fe3435789b53d8f1a7d7475622f8aecd', '202.79.18.134', 'Mozilla/5.0 (Windows NT 10.0; WOW64; rv:51.0) Gecko/20100101 Firefox/51.0', '1486273814', 'Login ID:3|Name:Nasirul Akbar Khan|Time:2017-02-05 11:50:17');
INSERT INTO `tbl_sessions_info` VALUES ('d0d711b669a1c2df67d7fb752254c12a', '202.79.18.134', 'Mozilla/5.0 (Windows NT 10.0; WOW64; rv:51.0) Gecko/20100101 Firefox/51.0', '1486273841', 'Login ID:1|Name:Nasirul Akbar Khan|Time:2017-02-05 11:50:48');
INSERT INTO `tbl_sessions_info` VALUES ('ec2923a003b2c8b98bcca6e01f31126a', '202.79.18.134', 'Mozilla/5.0 (Windows NT 10.0; WOW64; rv:51.0) Gecko/20100101 Firefox/51.0', '1486273886', 'Login ID:2|Name:Mostafizur Rahman|Time:2017-02-05 11:51:33');
INSERT INTO `tbl_sessions_info` VALUES ('a3d0caa762f3f689380338234fac59e3', '202.79.18.134', 'Mozilla/5.0 (Windows NT 10.0; WOW64; rv:51.0) Gecko/20100101 Firefox/51.0', '1486274004', 'Login ID:1|Name:Nasirul Akbar Khan|Time:2017-02-05 11:53:30');
INSERT INTO `tbl_sessions_info` VALUES ('55ee0c2e605588e2cf83ac99317333c8', '202.79.18.134', 'Mozilla/5.0 (Windows NT 10.0; WOW64; rv:51.0) Gecko/20100101 Firefox/51.0', '1486274058', 'Login ID:2|Name:Mostafizur Rahman|Time:2017-02-05 11:54:24');
INSERT INTO `tbl_sessions_info` VALUES ('9058d174d55a280329de34a3b2687ec9', '202.79.18.134', 'Mozilla/5.0 (Windows NT 10.0; WOW64; rv:51.0) Gecko/20100101 Firefox/51.0', '1486357943', 'Login ID:1|Name:Nasirul Akbar Khan|Time:2017-02-06 11:12:34');
INSERT INTO `tbl_sessions_info` VALUES ('e8191b4fa8be1857c49c4818e2fe1f9f', '202.79.18.134', 'Mozilla/5.0 (Windows NT 10.0; WOW64; rv:51.0) Gecko/20100101 Firefox/51.0', '1486366031', 'Login ID:3|Name:Nasirul Akbar Khan|Time:2017-02-06 13:27:11');
INSERT INTO `tbl_sessions_info` VALUES ('9e05c4827c47a06e124ca146e906a115', '202.79.18.134', 'Mozilla/5.0 (Windows NT 10.0; WOW64; rv:51.0) Gecko/20100101 Firefox/51.0', '1486366034', 'Login ID:3|Name:Nasirul Akbar Khan|Time:2017-02-06 13:27:14');
INSERT INTO `tbl_sessions_info` VALUES ('1cea3be6d061acd6d606cdc370daa29f', '202.79.18.134', 'Mozilla/5.0 (Windows NT 10.0; WOW64; rv:51.0) Gecko/20100101 Firefox/51.0', '1486366038', 'Login ID:3|Name:Nasirul Akbar Khan|Time:2017-02-06 13:27:18');
INSERT INTO `tbl_sessions_info` VALUES ('28e238ba53a670e922ab00e47d07d4d0', '202.79.18.134', 'Mozilla/5.0 (Windows NT 10.0; WOW64; rv:51.0) Gecko/20100101 Firefox/51.0', '1486366044', 'Login ID:3|Name:Nasirul Akbar Khan|Time:2017-02-06 13:27:24');
INSERT INTO `tbl_sessions_info` VALUES ('870ac3717ae93880c487344c25426b6b', '202.79.18.134', 'Mozilla/5.0 (Windows NT 10.0; WOW64; rv:51.0) Gecko/20100101 Firefox/51.0', '1486366050', 'Login ID:1|Name:Nasirul Akbar Khan|Time:2017-02-06 13:27:30');
INSERT INTO `tbl_sessions_info` VALUES ('14fdffcae649e5ea6ac19e0af2af0ae6', '202.79.18.134', 'Mozilla/5.0 (Windows NT 10.0; WOW64; rv:51.0) Gecko/20100101 Firefox/51.0', '1486366059', 'Login ID:3|Name:Nasirul Akbar Khan|Time:2017-02-06 13:27:39');
INSERT INTO `tbl_sessions_info` VALUES ('c49e33fc9a761490b1db0a42ed78ba06', '202.79.18.134', 'Mozilla/5.0 (Windows NT 10.0; WOW64; rv:51.0) Gecko/20100101 Firefox/51.0', '1486366077', 'Login ID:3|Name:Nasirul Akbar Khan|Time:2017-02-06 13:27:58');
INSERT INTO `tbl_sessions_info` VALUES ('d4e0f575e42f46e234127e2b301affa7', '202.79.18.134', 'Mozilla/5.0 (Windows NT 10.0; WOW64; rv:51.0) Gecko/20100101 Firefox/51.0', '1486366717', 'Login ID:3|Name:Nasirul Akbar Khan|Time:2017-02-06 13:38:43');
INSERT INTO `tbl_sessions_info` VALUES ('722f7f337d84f610ba9f0da841fde4d0', '202.79.18.134', 'Mozilla/5.0 (Windows NT 10.0; WOW64; rv:51.0) Gecko/20100101 Firefox/51.0', '1486366728', 'Login ID:1|Name:Nasirul Akbar Khan|Time:2017-02-06 13:38:55');
INSERT INTO `tbl_sessions_info` VALUES ('f7d3ee398ff11468fa72a6f65be4f0ce', '202.79.18.134', 'Mozilla/5.0 (Windows NT 10.0; WOW64; rv:51.0) Gecko/20100101 Firefox/51.0', '1486366767', 'Login ID:3|Name:Nasirul Akbar Khan|Time:2017-02-06 13:40:18');
INSERT INTO `tbl_sessions_info` VALUES ('aa0202a178a28eb1ffaef9a144bf6c26', '202.79.18.134', 'Mozilla/5.0 (Windows NT 10.0; WOW64; rv:51.0) Gecko/20100101 Firefox/51.0', '1486446374', 'Login ID:2|Name:Mostafizur Rahman|Time:2017-02-07 11:46:25');
INSERT INTO `tbl_sessions_info` VALUES ('543b4f99c220ec7dc2ae141c9290ff10', '202.79.18.134', 'Mozilla/5.0 (Windows NT 6.1; WOW64; rv:52.0) Gecko/20100101 Firefox/52.0', '1486446670', 'Login ID:2|Name:Mostafizur Rahman|Time:2017-02-07 11:51:27');
INSERT INTO `tbl_sessions_info` VALUES ('afd5f17110e53119697adfad10086fcf', '202.79.18.134', 'Mozilla/5.0 (Windows NT 10.0; WOW64; rv:51.0) Gecko/20100101 Firefox/51.0', '1486447280', 'Login ID:3|Name:Nasirul Akbar Khan|Time:2017-02-07 12:01:22');
INSERT INTO `tbl_sessions_info` VALUES ('50814c5bbc986daf37e82ea1e6a0cb57', '202.79.18.134', 'Mozilla/5.0 (Windows NT 10.0; WOW64; rv:51.0) Gecko/20100101 Firefox/51.0', '1486447298', 'Login ID:1|Name:Nasirul Akbar Khan|Time:2017-02-07 12:01:46');
INSERT INTO `tbl_sessions_info` VALUES ('a3cbdcce7f51add0e0ce55210a868c53', '202.79.18.134', 'Mozilla/5.0 (Windows NT 10.0; WOW64; rv:51.0) Gecko/20100101 Firefox/51.0', '1486448960', 'Login ID:2|Name:Mostafizur Rahman|Time:2017-02-07 12:29:28');
INSERT INTO `tbl_sessions_info` VALUES ('c7de57b9d286a9f9d704c13ef0efcba4', '202.79.18.134', 'Mozilla/5.0 (Windows NT 10.0; WOW64; rv:51.0) Gecko/20100101 Firefox/51.0', '1486458743', 'Login ID:3|Name:Nasirul Akbar Khan|Time:2017-02-07 15:12:26');
INSERT INTO `tbl_sessions_info` VALUES ('40c89ebc896cdb18413fbbc73d5379ad', '202.79.18.134', 'Mozilla/5.0 (Windows NT 6.1) AppleWebKit/537.36 (KHTML, like Gecko) Chrome/55.0.2883.87 Safari/537.36', '1486468743', 'Login ID:2|Name:Mostafizur Rahman|Time:2017-02-07 17:59:08');
INSERT INTO `tbl_sessions_info` VALUES ('c833c02228fc1d000ff8431d1c45af59', '221.120.100.206', 'Mozilla/5.0 (Windows NT 6.1; Win64; x64) AppleWebKit/537.36 (KHTML, like Gecko) Chrome/55.0.2883.87 Safari/537.36', '1486483446', 'Login ID:2|Name:Mostafizur Rahman|Time:2017-02-07 22:04:26');
INSERT INTO `tbl_sessions_info` VALUES ('0e8e58cffd138bb41c9c5cea3b195d82', '202.79.18.134', 'Mozilla/5.0 (Windows NT 10.0; Win64; x64) AppleWebKit/537.36 (KHTML, like Gecko) Chrome/56.0.2924.87 Safari/537.36', '1486523922', 'Login ID:2|Name:Mostafizur Rahman|Time:2017-02-08 09:19:05');
INSERT INTO `tbl_sessions_info` VALUES ('041c0b84aa6ac9a92d82fc448c930503', '202.79.18.134', 'Mozilla/5.0 (Windows NT 10.0; WOW64; rv:51.0) Gecko/20100101 Firefox/51.0', '1486900151', 'Login ID:3|Name:Nasirul Akbar Khan|Time:2017-02-12 17:50:24');
INSERT INTO `tbl_sessions_info` VALUES ('95b9fe923a7af732006149727378aaf1', '202.79.18.134', 'Mozilla/5.0 (Windows NT 10.0; WOW64; rv:51.0) Gecko/20100101 Firefox/51.0', '1486900233', 'Login ID:5|Name:Administrator|Time:2017-02-12 17:50:40');
INSERT INTO `tbl_sessions_info` VALUES ('9a4b8021ee4fe2a26b818bb8c13326ad', '202.79.18.134', 'Mozilla/5.0 (Windows NT 10.0; WOW64; rv:51.0) Gecko/20100101 Firefox/51.0', '1486901039', 'Login ID:5|Name:Administrator|Time:2017-02-12 18:03:59');
INSERT INTO `tbl_sessions_info` VALUES ('74aafef3947e54ffa12b65eb68c12d88', '202.79.18.134', 'Mozilla/5.0 (Windows NT 6.1; WOW64; rv:52.0) Gecko/20100101 Firefox/52.0', '1486958153', 'Login ID:5|Name:Administrator|Time:2017-02-13 09:56:03');
INSERT INTO `tbl_sessions_info` VALUES ('66fc81507efd8321400a8545486f0750', '202.79.18.134', 'Mozilla/5.0 (Windows NT 6.1; WOW64; rv:52.0) Gecko/20100101 Firefox/52.0', '1486964037', 'Login ID:5|Name:Administrator|Time:2017-02-13 11:33:57');
INSERT INTO `tbl_sessions_info` VALUES ('79e0bd4dc87de7432c00257a63e5bf64', '221.120.99.114', 'Mozilla/5.0 (Windows NT 10.0; WOW64; rv:51.0) Gecko/20100101 Firefox/51.0', '1486970457', 'Login ID:1|Name:Nasirul Akbar Khan|Time:2017-02-13 13:21:04');
INSERT INTO `tbl_sessions_info` VALUES ('6dbd86a70931ab06547e0dbc20bcfd03', '221.120.99.114', 'Mozilla/5.0 (Windows NT 10.0; Win64; x64) AppleWebKit/537.36 (KHTML, like Gecko) Chrome/56.0.2924.87 Safari/537.36', '1486972842', 'Login ID:5|Name:Administrator|Time:2017-02-13 14:00:53');
INSERT INTO `tbl_sessions_info` VALUES ('a5b009a86dd35ed2896b34e5fc4fa07c', '221.120.99.114', 'Mozilla/5.0 (Windows NT 10.0; WOW64) AppleWebKit/537.36 (KHTML, like Gecko) Chrome/56.0.2924.87 Safari/537.36', '1486974819', 'Login ID:5|Name:Administrator|Time:2017-02-13 14:33:49');
INSERT INTO `tbl_sessions_info` VALUES ('a8cf8d334c1baa38b654c37874b8dd9b', '221.120.99.114', 'Mozilla/5.0 (Windows NT 10.0; WOW64; rv:51.0) Gecko/20100101 Firefox/51.0', '1486974809', 'Login ID:3|Name:Nasirul Akbar Khan|Time:2017-02-13 14:36:40');
INSERT INTO `tbl_sessions_info` VALUES ('a08b8d36cee620e249815397553e3d2d', '221.120.99.114', 'Mozilla/5.0 (Windows NT 10.0; WOW64; rv:51.0) Gecko/20100101 Firefox/51.0', '1486975010', 'Login ID:5|Name:Administrator|Time:2017-02-13 14:38:01');
INSERT INTO `tbl_sessions_info` VALUES ('470dc04b5cff63e3da1270c3a8f0f76a', '221.120.99.114', 'Mozilla/5.0 (Windows NT 10.0; WOW64; rv:51.0) Gecko/20100101 Firefox/51.0', '1486975093', 'Login ID:3|Name:Nasirul Akbar Khan|Time:2017-02-13 14:42:20');
INSERT INTO `tbl_sessions_info` VALUES ('87cb563498cc6ad0735ddff3174ed044', '221.120.99.114', 'Mozilla/5.0 (Windows NT 10.0; WOW64; rv:51.0) Gecko/20100101 Firefox/51.0', '1486979379', 'Login ID:3|Name:Nasirul Akbar Khan|Time:2017-02-13 15:49:39');
INSERT INTO `tbl_sessions_info` VALUES ('fced971d3320e3c01c2fc843c2f9e277', '221.120.99.114', 'Mozilla/5.0 (Windows NT 10.0; WOW64; rv:51.0) Gecko/20100101 Firefox/51.0', '1486979716', 'Login ID:5|Name:Administrator|Time:2017-02-13 15:55:16');
INSERT INTO `tbl_sessions_info` VALUES ('d513dbf1bf31b2f62d842c5453889009', '202.79.18.134', 'Mozilla/5.0 (Windows NT 10.0; WOW64; rv:51.0) Gecko/20100101 Firefox/51.0', '1486980751', 'Login ID:3|Name:Nasirul Akbar Khan|Time:2017-02-13 16:12:33');
INSERT INTO `tbl_sessions_info` VALUES ('07109c6c4bc3feeb934e9456df6ee32e', '202.79.18.134', 'Mozilla/5.0 (Windows NT 10.0; WOW64; rv:51.0) Gecko/20100101 Firefox/51.0', '1486980760', 'Login ID:1|Name:Nasirul Akbar Khan|Time:2017-02-13 16:12:46');
INSERT INTO `tbl_sessions_info` VALUES ('8507d33cfb96ef48361e56241bc4ac5d', '202.79.18.134', 'Mozilla/5.0 (Windows NT 6.1; WOW64; rv:52.0) Gecko/20100101 Firefox/52.0', '1486984307', 'Login ID:5|Name:Administrator|Time:2017-02-13 17:11:58');
INSERT INTO `tbl_sessions_info` VALUES ('6cfec5db1c6219acc4c2033e4ea699f6', '202.79.18.134', 'Mozilla/5.0 (Windows NT 6.1; WOW64; rv:52.0) Gecko/20100101 Firefox/52.0', '1487058741', 'Login ID:5|Name:Administrator|Time:2017-02-14 13:52:37');
INSERT INTO `tbl_sessions_info` VALUES ('8d5b553b57e778be159e8f9bc995f749', '202.79.18.134', 'Mozilla/5.0 (Windows NT 10.0; WOW64; rv:51.0) Gecko/20100101 Firefox/51.0', '1487059578', 'Login ID:5|Name:Administrator|Time:2017-02-14 14:06:26');
INSERT INTO `tbl_sessions_info` VALUES ('ceebcc7c7766990d4137b54ea8dd32dc', '202.79.18.134', 'Mozilla/5.0 (Windows NT 6.1; WOW64; rv:52.0) Gecko/20100101 Firefox/52.0', '1487063826', 'Login ID:5|Name:Administrator|Time:2017-02-14 15:17:18');
INSERT INTO `tbl_sessions_info` VALUES ('90ead7ad42a4ab0f60aec2e12f70c38e', '202.79.18.134', 'Mozilla/5.0 (Windows NT 6.1; WOW64; rv:52.0) Gecko/20100101 Firefox/52.0', '1487063877', 'Login ID:5|Name:Administrator|Time:2017-02-14 15:18:47');
INSERT INTO `tbl_sessions_info` VALUES ('332fb35ba5848812d56f70df08cba194', '202.79.18.134', 'Mozilla/5.0 (Windows NT 10.0; WOW64; rv:51.0) Gecko/20100101 Firefox/51.0', '1487067109', 'Login ID:5|Name:Administrator|Time:2017-02-14 16:11:56');
INSERT INTO `tbl_sessions_info` VALUES ('c4af345ea1c8577a14a29c1c82530446', '221.120.99.114', 'Mozilla/5.0 (Windows NT 10.0; WOW64; rv:51.0) Gecko/20100101 Firefox/51.0', '1487132547', 'Login ID:1|Name:Nasirul Akbar Khan|Time:2017-02-15 10:22:37');
INSERT INTO `tbl_sessions_info` VALUES ('952ed8f40f59bbb4d25410ddb3abb560', '202.79.18.134', 'Mozilla/5.0 (Windows NT 6.1; WOW64; rv:52.0) Gecko/20100101 Firefox/52.0', '1487221301', 'Login ID:5|Name:Administrator|Time:2017-02-16 11:01:52');
INSERT INTO `tbl_sessions_info` VALUES ('8d99ebae686527f7e63d00816ab025ca', '202.79.18.134', 'Mozilla/5.0 (Windows NT 10.0; WOW64; rv:51.0) Gecko/20100101 Firefox/51.0', '1487230055', 'Login ID:5|Name:Administrator|Time:2017-02-16 13:27:53');
INSERT INTO `tbl_sessions_info` VALUES ('113e640d0ef937464e164fefac8ba13e', '202.79.18.134', 'Mozilla/5.0 (Windows NT 10.0; WOW64; rv:51.0) Gecko/20100101 Firefox/51.0', '1487230682', 'Login ID:1|Name:Nasirul Akbar Khan|Time:2017-02-16 13:38:07');
INSERT INTO `tbl_sessions_info` VALUES ('ea7e4ccc87a301476439686c56898e74', '202.79.18.134', 'Mozilla/5.0 (Windows NT 10.0; WOW64; rv:51.0) Gecko/20100101 Firefox/51.0', '1487232409', 'Login ID:1|Name:Nasirul Akbar Khan|Time:2017-02-16 14:06:49');
INSERT INTO `tbl_sessions_info` VALUES ('fd9790e8c22a4db710ecc31bd90e2f63', '202.79.18.134', 'Mozilla/5.0 (Windows NT 10.0; WOW64; rv:51.0) Gecko/20100101 Firefox/51.0', '1487232432', 'Login ID:5|Name:Administrator|Time:2017-02-16 14:07:19');
INSERT INTO `tbl_sessions_info` VALUES ('08c6fd9095647c71f977046bcd17b5bd', '202.79.18.134', 'Mozilla/5.0 (Windows NT 10.0; Win64; x64) AppleWebKit/537.36 (KHTML, like Gecko) Chrome/56.0.2924.87 Safari/537.36', '1487237203', 'Login ID:5|Name:Administrator|Time:2017-02-16 15:26:49');
INSERT INTO `tbl_sessions_info` VALUES ('23bb5da554cfa69c174c80a9b908f63f', '202.79.18.134', 'Mozilla/5.0 (Windows NT 6.1; WOW64; rv:52.0) Gecko/20100101 Firefox/52.0', '1487238233', 'Login ID:7|Name:Md. Abu Monsur Sarker|Time:2017-02-16 15:44:33');
INSERT INTO `tbl_sessions_info` VALUES ('065d1b052151c09189e7ab97903385b3', '202.79.18.134', 'Mozilla/5.0 (Windows NT 10.0; WOW64; rv:51.0) Gecko/20100101 Firefox/51.0', '1487238331', 'Login ID:1|Name:Nasirul Akbar Khan|Time:2017-02-16 15:45:31');
INSERT INTO `tbl_sessions_info` VALUES ('e1fc469e40a937cf25739330d011c187', '202.79.18.134', 'Mozilla/5.0 (Windows NT 6.1; WOW64; rv:52.0) Gecko/20100101 Firefox/52.0', '1487239206', 'Login ID:5|Name:Administrator|Time:2017-02-16 16:00:17');
INSERT INTO `tbl_sessions_info` VALUES ('b66dcc06f5b08091110d9cdd60adb26b', '202.79.18.134', 'Mozilla/5.0 (Windows NT 6.1; WOW64) AppleWebKit/537.36 (KHTML, like Gecko) Chrome/56.0.2924.87 Safari/537.36', '1487240194', 'Login ID:11|Name:Md.Ariful Islam|Time:2017-02-16 16:16:50');
INSERT INTO `tbl_sessions_info` VALUES ('d2a7f5ba0d9956565f9fdffae507aa15', '202.79.18.134', 'Mozilla/5.0 (Windows NT 6.1; Win64; x64) AppleWebKit/537.36 (KHTML, like Gecko) Chrome/56.0.2924.87 Safari/537.36', '1487240213', 'Login ID:10|Name:Md. Hasinur Rahman|Time:2017-02-16 16:18:06');
INSERT INTO `tbl_sessions_info` VALUES ('aca962698d300202c76a58604bad8668', '202.79.18.134', 'Mozilla/5.0 (Windows NT 10.0; WOW64; rv:51.0) Gecko/20100101 Firefox/51.0', '1487242405', 'Login ID:1|Name:Nasirul Akbar Khan|Time:2017-02-16 16:53:31');
INSERT INTO `tbl_sessions_info` VALUES ('a9b8c1204168e33436dbb586a53b8c72', '202.79.18.134', 'Mozilla/5.0 (Windows NT 10.0; WOW64; rv:51.0) Gecko/20100101 Firefox/51.0', '1487242484', 'Login ID:1|Name:Nasirul Akbar Khan|Time:2017-02-16 16:54:52');
INSERT INTO `tbl_sessions_info` VALUES ('2f51e388418b825e7d0f4139e5a4c2d7', '202.79.18.134', 'Mozilla/5.0 (Windows NT 10.0; WOW64; rv:51.0) Gecko/20100101 Firefox/51.0', '1487242970', 'Login ID:1|Name:Nasirul Akbar Khan|Time:2017-02-16 17:03:03');
INSERT INTO `tbl_sessions_info` VALUES ('f9f3a1bf0e89f1923b0a12e525a42fa4', '202.79.18.134', 'Mozilla/5.0 (Windows NT 6.1; WOW64; rv:52.0) Gecko/20100101 Firefox/52.0', '1487243002', 'Login ID:7|Name:Md. Abu Monsur Sarker|Time:2017-02-16 17:03:34');
INSERT INTO `tbl_sessions_info` VALUES ('a23b4043855b4f13c70f7220d26a20a8', '202.79.18.134', 'Mozilla/5.0 (Windows NT 6.1; WOW64; rv:52.0) Gecko/20100101 Firefox/52.0', '1487245636', 'Login ID:7|Name:Md. Abu Monsur Sarker|Time:2017-02-16 17:47:16');
INSERT INTO `tbl_sessions_info` VALUES ('c6b6e2fa458bcfb0997e25d400e6d691', '202.79.18.134', 'Mozilla/5.0 (Windows NT 10.0; WOW64; rv:51.0) Gecko/20100101 Firefox/51.0', '1487385767', 'Login ID:1|Name:Nasirul Akbar Khan|Time:2017-02-18 08:43:04');
INSERT INTO `tbl_sessions_info` VALUES ('75905c94e8096750df07af9e5d61b307', '202.79.18.134', 'Mozilla/5.0 (Windows NT 6.1; WOW64; rv:52.0) Gecko/20100101 Firefox/52.0', '1487387765', 'Login ID:7|Name:Md. Abu Monsur Sarker|Time:2017-02-18 09:16:30');
INSERT INTO `tbl_sessions_info` VALUES ('a9e3f182f108ce4e6f777f365d1781c7', '202.79.18.134', 'Mozilla/5.0 (Windows NT 6.1; WOW64; rv:52.0) Gecko/20100101 Firefox/52.0', '1487389528', 'Login ID:5|Name:Administrator|Time:2017-02-18 09:45:38');
INSERT INTO `tbl_sessions_info` VALUES ('a3c464be86e8387f1853086a551b2c6c', '202.79.18.134', 'Mozilla/5.0 (Windows NT 10.0; WOW64; rv:51.0) Gecko/20100101 Firefox/51.0', '1487389454', 'Login ID:5|Name:Administrator|Time:2017-02-18 09:46:45');
INSERT INTO `tbl_sessions_info` VALUES ('0977cc35fd0ff0d2ce4abd4ef26b47eb', '202.79.18.134', 'Mozilla/5.0 (Windows NT 6.1; WOW64; rv:52.0) Gecko/20100101 Firefox/52.0', '1487389683', 'Login ID:7|Name:Md. Abu Monsur Sarker|Time:2017-02-18 09:48:12');
INSERT INTO `tbl_sessions_info` VALUES ('b82ff1a340a6d298dca677541faf9850', '202.79.18.134', 'Mozilla/5.0 (Windows NT 6.1; WOW64; rv:52.0) Gecko/20100101 Firefox/52.0', '1487392977', 'Login ID:5|Name:Administrator|Time:2017-02-18 10:42:57');
INSERT INTO `tbl_sessions_info` VALUES ('2cd0d446542af8307cebac1d27a03c16', '202.79.18.134', 'Mozilla/5.0 (Windows NT 10.0; WOW64; rv:51.0) Gecko/20100101 Firefox/51.0', '1487397695', 'Login ID:1|Name:Nasirul Akbar Khan|Time:2017-02-18 12:01:42');
INSERT INTO `tbl_sessions_info` VALUES ('070d64649bec2126502e749d9c107b90', '202.79.18.134', 'Mozilla/5.0 (Windows NT 10.0; WOW64; rv:51.0) Gecko/20100101 Firefox/51.0', '1487404034', 'Login ID:1|Name:Nasirul Akbar Khan|Time:2017-02-18 13:47:14');
INSERT INTO `tbl_sessions_info` VALUES ('62ed6c5c889119c11c9c836fa4aa2925', '202.79.18.134', 'Mozilla/5.0 (Windows NT 10.0; WOW64; rv:51.0) Gecko/20100101 Firefox/51.0', '1487405284', 'Login ID:1|Name:Nasirul Akbar Khan|Time:2017-02-18 14:08:04');
INSERT INTO `tbl_sessions_info` VALUES ('bd185e400f7ee347fd56d6a667e8de60', '202.79.18.134', 'Mozilla/5.0 (Windows NT 10.0; WOW64; rv:51.0) Gecko/20100101 Firefox/51.0', '1487405342', 'Login ID:12|Name:Nasirul Akbar Khan|Time:2017-02-18 14:09:08');
INSERT INTO `tbl_sessions_info` VALUES ('ec05b2e66b7ff66f2942305ed205e800', '202.79.18.134', 'Mozilla/5.0 (Windows NT 10.0; WOW64; rv:51.0) Gecko/20100101 Firefox/51.0', '1487405355', 'Login ID:5|Name:Administrator|Time:2017-02-18 14:09:38');
INSERT INTO `tbl_sessions_info` VALUES ('f10eaef8d5d7e33e3228a450d096d75f', '202.79.18.134', 'Mozilla/5.0 (Windows NT 10.0; WOW64; rv:51.0) Gecko/20100101 Firefox/51.0', '1487412022', 'Login ID:1|Name:Nasirul Akbar Khan|Time:2017-02-18 16:00:29');
INSERT INTO `tbl_sessions_info` VALUES ('ceedf1d46b49fc7e7b6d25749e74efee', '202.79.18.134', 'Mozilla/5.0 (Windows NT 6.1; WOW64; rv:52.0) Gecko/20100101 Firefox/52.0', '1487475063', 'Login ID:7|Name:Md. Abu Monsur Sarker|Time:2017-02-19 09:31:16');
INSERT INTO `tbl_sessions_info` VALUES ('10e93a4fb8b2b800d0bbfbc037bbba73', '202.79.18.134', 'Mozilla/5.0 (Windows NT 6.1; WOW64; rv:52.0) Gecko/20100101 Firefox/52.0', '1487475114', 'Login ID:5|Name:Administrator|Time:2017-02-19 09:32:04');
INSERT INTO `tbl_sessions_info` VALUES ('03f023720dfa1e092ec465ced54e3bef', '202.79.18.134', 'Mozilla/5.0 (Windows NT 10.0; WOW64; rv:51.0) Gecko/20100101 Firefox/51.0', '1487475749', 'Login ID:1|Name:Nasirul Akbar Khan|Time:2017-02-19 09:42:50');
INSERT INTO `tbl_sessions_info` VALUES ('6500f8f95f189f564642e78a79321f4c', '202.79.18.134', 'Mozilla/5.0 (Windows NT 10.0; WOW64; rv:51.0) Gecko/20100101 Firefox/51.0', '1487475781', 'Login ID:5|Name:Administrator|Time:2017-02-19 09:43:08');
INSERT INTO `tbl_sessions_info` VALUES ('ac61ac5eb715ce262f78ea8b070e7836', '202.79.18.134', 'Mozilla/5.0 (Windows NT 10.0; WOW64; rv:51.0) Gecko/20100101 Firefox/51.0', '1487483517', 'Login ID:1|Name:Nasirul Akbar Khan|Time:2017-02-19 11:52:23');
INSERT INTO `tbl_sessions_info` VALUES ('ee4028ce8e1759f086c475cbff7709c8', '202.79.18.134', 'Mozilla/5.0 (Windows NT 10.0; WOW64; rv:51.0) Gecko/20100101 Firefox/51.0', '1487483566', 'Login ID:12|Name:Nasirul Akbar Khan|Time:2017-02-19 11:52:54');
INSERT INTO `tbl_sessions_info` VALUES ('49581d2b532b2c215d6c679424c02421', '202.79.18.134', 'Mozilla/5.0 (Windows NT 10.0; WOW64; rv:51.0) Gecko/20100101 Firefox/51.0', '1487485975', 'Login ID:5|Name:Administrator|Time:2017-02-19 12:32:55');
INSERT INTO `tbl_sessions_info` VALUES ('34bdc57cfb8ad0f7ee590d4473b8a6c9', '202.79.18.134', 'Mozilla/5.0 (Windows NT 10.0; WOW64; rv:51.0) Gecko/20100101 Firefox/51.0', '1487486275', 'Login ID:5|Name:Administrator|Time:2017-02-19 12:38:04');
INSERT INTO `tbl_sessions_info` VALUES ('28344e717fb08acdef5c4adac5f822ff', '202.79.18.134', 'Mozilla/5.0 (Windows NT 10.0; WOW64; rv:51.0) Gecko/20100101 Firefox/51.0', '1487497801', 'Login ID:5|Name:Administrator|Time:2017-02-19 15:50:09');
INSERT INTO `tbl_sessions_info` VALUES ('44bb8015f802bd9b7141c2732c5deb9a', '202.79.18.134', 'Mozilla/5.0 (Windows NT 6.1; WOW64; rv:52.0) Gecko/20100101 Firefox/52.0', '1487497927', 'Login ID:7|Name:Md. Abu Monsur Sarker|Time:2017-02-19 15:52:18');
INSERT INTO `tbl_sessions_info` VALUES ('4a71540567ccd90068b9e1b8ae32b9ca', '202.79.18.134', 'Mozilla/5.0 (Windows NT 10.0; WOW64; rv:51.0) Gecko/20100101 Firefox/51.0', '1487497968', 'Login ID:12|Name:Nasirul Akbar Khan|Time:2017-02-19 15:53:14');
INSERT INTO `tbl_sessions_info` VALUES ('0301cadd0a8ca95c582c1bdec4f900c6', '202.79.18.134', 'Mozilla/5.0 (Windows NT 6.1; WOW64; rv:52.0) Gecko/20100101 Firefox/52.0', '1487499349', 'Login ID:5|Name:Administrator|Time:2017-02-19 16:16:02');
INSERT INTO `tbl_sessions_info` VALUES ('e6b9899debef689a5cf6db71dad96f66', '202.79.18.134', 'Mozilla/5.0 (Windows NT 6.1; WOW64; rv:52.0) Gecko/20100101 Firefox/52.0', '1487499749', 'Login ID:7|Name:Md. Abu Monsur Sarker|Time:2017-02-19 16:22:38');
INSERT INTO `tbl_sessions_info` VALUES ('58f30fb80a7503b42e8f4830f7e6caa7', '202.79.18.134', 'Mozilla/5.0 (Windows NT 6.1; WOW64; rv:52.0) Gecko/20100101 Firefox/52.0', '1487499860', 'Login ID:5|Name:Administrator|Time:2017-02-19 16:24:30');
INSERT INTO `tbl_sessions_info` VALUES ('5ce6b9c6d5de25513f48e510f8a9e2df', '202.79.18.134', 'Mozilla/5.0 (Windows NT 6.1; WOW64; rv:52.0) Gecko/20100101 Firefox/52.0', '1487499982', 'Login ID:7|Name:Md. Abu Monsur Sarker|Time:2017-02-19 16:26:32');
INSERT INTO `tbl_sessions_info` VALUES ('6d0bd65c7e5c83b47e831bb67c3cbbf2', '202.79.18.134', 'Mozilla/5.0 (Windows NT 6.1; Win64; x64) AppleWebKit/537.36 (KHTML, like Gecko) Chrome/56.0.2924.87 Safari/537.36', '1487499984', 'Login ID:10|Name:Md. Hasinur Rahman|Time:2017-02-19 16:27:11');
INSERT INTO `tbl_sessions_info` VALUES ('fe820e5ceb91b033d1acaec596bb4a23', '202.79.18.134', 'Mozilla/5.0 (Windows NT 6.1; WOW64) AppleWebKit/537.36 (KHTML, like Gecko) Chrome/56.0.2924.87 Safari/537.36', '1487500239', 'Login ID:11|Name:Md.Ariful Islam|Time:2017-02-19 16:30:55');
INSERT INTO `tbl_sessions_info` VALUES ('93a23b9756e1748327de921f3b782e50', '202.79.18.134', 'Mozilla/5.0 (Windows NT 6.1; WOW64; rv:52.0) Gecko/20100101 Firefox/52.0', '1487500489', 'Login ID:5|Name:Administrator|Time:2017-02-19 16:34:58');
INSERT INTO `tbl_sessions_info` VALUES ('bd5aed2f31473d0033b63489b561b30e', '202.79.18.134', 'Mozilla/5.0 (Windows NT 6.1; WOW64; rv:52.0) Gecko/20100101 Firefox/52.0', '1487500660', 'Login ID:7|Name:Md. Abu Monsur Sarker|Time:2017-02-19 16:37:49');
INSERT INTO `tbl_sessions_info` VALUES ('ee9156283b4d2ca69ef086d521805906', '202.79.18.134', 'Mozilla/5.0 (Windows NT 6.1; WOW64; rv:52.0) Gecko/20100101 Firefox/52.0', '1487500706', 'Login ID:5|Name:Administrator|Time:2017-02-19 16:38:35');
INSERT INTO `tbl_sessions_info` VALUES ('83d15bcf86dfaec46ecd1e55457412d1', '202.79.18.134', 'Mozilla/5.0 (Windows NT 10.0; WOW64; rv:51.0) Gecko/20100101 Firefox/51.0', '1487502288', 'Login ID:5|Name:Administrator|Time:2017-02-19 17:04:48');
INSERT INTO `tbl_sessions_info` VALUES ('2e86cdbcf9e13f0045763c7518876c11', '202.79.18.134', 'Mozilla/5.0 (Windows NT 10.0; Win64; x64) AppleWebKit/537.36 (KHTML, like Gecko) Chrome/56.0.2924.87 Safari/537.36', '1487503766', 'Login ID:5|Name:Administrator|Time:2017-02-19 17:29:29');
INSERT INTO `tbl_sessions_info` VALUES ('fe737935a88affc359b7cdf966c0f9fc', '202.79.18.134', 'Mozilla/5.0 (Windows NT 10.0; Win64; x64) AppleWebKit/537.36 (KHTML, like Gecko) Chrome/56.0.2924.87 Safari/537.36', '1487503777', 'Login ID:7|Name:Md. Abu Monsur Sarker|Time:2017-02-19 17:29:48');
INSERT INTO `tbl_sessions_info` VALUES ('5349b85d2631e5b51931b4b6c0057eb6', '202.79.18.134', 'Mozilla/5.0 (Windows NT 10.0; Win64; x64) AppleWebKit/537.36 (KHTML, like Gecko) Chrome/56.0.2924.87 Safari/537.36', '1487503915', 'Login ID:5|Name:Administrator|Time:2017-02-19 17:31:57');
INSERT INTO `tbl_sessions_info` VALUES ('7547e51c45ed62bfde6006d9564c8436', '202.79.18.134', 'Mozilla/5.0 (Windows NT 10.0; Win64; x64) AppleWebKit/537.36 (KHTML, like Gecko) Chrome/56.0.2924.87 Safari/537.36', '1487504018', 'Login ID:7|Name:Md. Abu Monsur Sarker|Time:2017-02-19 17:33:44');
INSERT INTO `tbl_sessions_info` VALUES ('4773064ec6a07abfd4eb3ded83ec6b56', '202.79.18.134', 'Mozilla/5.0 (Windows NT 10.0; Win64; x64) AppleWebKit/537.36 (KHTML, like Gecko) Chrome/56.0.2924.87 Safari/537.36', '1487504080', 'Login ID:5|Name:Administrator|Time:2017-02-19 17:34:43');
INSERT INTO `tbl_sessions_info` VALUES ('38b4a008df2915fa099c5b0576301822', '202.79.18.134', 'Mozilla/5.0 (Windows NT 6.1; WOW64; rv:52.0) Gecko/20100101 Firefox/52.0', '1487560700', 'Login ID:7|Name:Md. Abu Monsur Sarker|Time:2017-02-20 09:18:31');
INSERT INTO `tbl_sessions_info` VALUES ('28febf339688b198f4f6eb4465a063b4', '202.79.18.134', 'Mozilla/5.0 (Windows NT 6.1; WOW64; rv:52.0) Gecko/20100101 Firefox/52.0', '1487560752', 'Login ID:5|Name:Administrator|Time:2017-02-20 09:19:21');
INSERT INTO `tbl_sessions_info` VALUES ('3b277ac911b2fd37b2efbbf0dcef308e', '202.79.18.134', 'Mozilla/5.0 (Windows NT 10.0; WOW64; rv:51.0) Gecko/20100101 Firefox/51.0', '1487560777', 'Login ID:12|Name:Nasirul Akbar Khan|Time:2017-02-20 09:19:49');
INSERT INTO `tbl_sessions_info` VALUES ('7e12d26c17cbfd7359397213bb797a59', '202.79.18.134', 'Mozilla/5.0 (Windows NT 6.1; WOW64; rv:52.0) Gecko/20100101 Firefox/52.0', '1487560896', 'Login ID:7|Name:Md. Abu Monsur Sarker|Time:2017-02-20 09:21:43');
INSERT INTO `tbl_sessions_info` VALUES ('4696a4afff4983d80826d6e8d3472b91', '202.79.18.134', 'Mozilla/5.0 (Windows NT 6.1; WOW64; rv:52.0) Gecko/20100101 Firefox/52.0', '1487561011', 'Login ID:5|Name:Administrator|Time:2017-02-20 09:23:44');
INSERT INTO `tbl_sessions_info` VALUES ('2f0091b43f12c05f442a9871b494fdf1', '202.79.18.134', 'Mozilla/5.0 (Windows NT 6.1; WOW64) AppleWebKit/537.36 (KHTML, like Gecko) Chrome/56.0.2924.87 Safari/537.36', '1487562457', 'Login ID:11|Name:Md.Ariful Islam|Time:2017-02-20 09:47:55');
INSERT INTO `tbl_sessions_info` VALUES ('7eb79d44eb29ecc18bd1be12dc941419', '202.79.18.134', 'Mozilla/5.0 (Windows NT 6.1; Win64; x64) AppleWebKit/537.36 (KHTML, like Gecko) Chrome/56.0.2924.87 Safari/537.36', '1487563627', 'Login ID:10|Name:Md. Hasinur Rahman|Time:2017-02-20 10:07:18');
INSERT INTO `tbl_sessions_info` VALUES ('788e783388bce40e1b7444c7f2542f76', '202.79.18.134', 'Mozilla/5.0 (Windows NT 6.1; WOW64; rv:52.0) Gecko/20100101 Firefox/52.0', '1487580863', 'Login ID:7|Name:Md. Abu Monsur Sarker|Time:2017-02-20 14:54:30');
INSERT INTO `tbl_sessions_info` VALUES ('6dd42684d9878d39619d2d87bc0815e6', '202.79.18.134', 'Mozilla/5.0 (Windows NT 6.1; WOW64; rv:52.0) Gecko/20100101 Firefox/52.0', '1487581024', 'Login ID:5|Name:Administrator|Time:2017-02-20 14:57:16');
INSERT INTO `tbl_sessions_info` VALUES ('fc97745ca2c8bd4e6cf1e2e43359e0eb', '202.79.18.134', 'Mozilla/5.0 (Windows NT 6.1; WOW64; rv:52.0) Gecko/20100101 Firefox/52.0', '1487732922', 'Login ID:5|Name:Administrator|Time:2017-02-22 09:08:47');
INSERT INTO `tbl_sessions_info` VALUES ('1e6ab9bcd7f9b4c9597da88f0d1e8f5d', '202.79.18.134', 'Mozilla/5.0 (Windows NT 6.1; WOW64; rv:52.0) Gecko/20100101 Firefox/52.0', '1487733710', 'Login ID:7|Name:Md. Abu Monsur Sarker|Time:2017-02-22 09:21:54');
INSERT INTO `tbl_sessions_info` VALUES ('b9dae103fda3828fcb98950ed8992c4c', '202.79.18.134', 'Mozilla/5.0 (Windows NT 6.1; WOW64; rv:52.0) Gecko/20100101 Firefox/52.0', '1487733741', 'Login ID:5|Name:Administrator|Time:2017-02-22 09:22:24');
INSERT INTO `tbl_sessions_info` VALUES ('f58c882b6843c19881df200fde077492', '202.79.18.134', 'Mozilla/5.0 (Windows NT 6.1; Win64; x64) AppleWebKit/537.36 (KHTML, like Gecko) Chrome/56.0.2924.87 Safari/537.36', '1487737173', 'Login ID:10|Name:Md. Hasinur Rahman|Time:2017-02-22 10:19:51');
INSERT INTO `tbl_sessions_info` VALUES ('744bc91d17278e0a972c9d47fbd23bb4', '202.79.18.134', 'Mozilla/5.0 (Windows NT 6.1; WOW64; rv:52.0) Gecko/20100101 Firefox/52.0', '1487820088', 'Login ID:7|Name:Md. Abu Monsur Sarker|Time:2017-02-23 09:21:33');
INSERT INTO `tbl_sessions_info` VALUES ('e301129b90e39028deb1e2be20ce9a95', '202.79.18.134', 'Mozilla/5.0 (Windows NT 6.1; WOW64; rv:52.0) Gecko/20100101 Firefox/52.0', '1487820117', 'Login ID:5|Name:Administrator|Time:2017-02-23 09:22:03');
INSERT INTO `tbl_sessions_info` VALUES ('e290f0627b4b3f9564f88775cf8bbd76', '202.79.18.134', 'Mozilla/5.0 (Windows NT 6.1; WOW64; rv:52.0) Gecko/20100101 Firefox/52.0', '1487820279', 'Login ID:5|Name:Administrator|Time:2017-02-23 09:24:43');
INSERT INTO `tbl_sessions_info` VALUES ('81efdbf73a597adbdaa1c5068b5a80d0', '202.79.18.134', 'Mozilla/5.0 (Windows NT 6.1; Win64; x64) AppleWebKit/537.36 (KHTML, like Gecko) Chrome/56.0.2924.87 Safari/537.36', '1487823230', 'Login ID:10|Name:Md. Hasinur Rahman|Time:2017-02-23 10:13:58');
INSERT INTO `tbl_sessions_info` VALUES ('5d5f6030b623e04c46982d9b7283ff6a', '202.79.18.134', 'Mozilla/5.0 (Windows NT 6.1; WOW64) AppleWebKit/537.36 (KHTML, like Gecko) Chrome/56.0.2924.87 Safari/537.36', '1487823748', 'Login ID:11|Name:Md.Ariful Islam|Time:2017-02-23 10:22:37');
INSERT INTO `tbl_sessions_info` VALUES ('9bd748af421aca4041f6d6bcc68ee52d', '202.79.18.134', 'Mozilla/5.0 (Windows NT 10.0; WOW64; rv:51.0) Gecko/20100101 Firefox/51.0', '1487823783', 'Login ID:12|Name:Nasirul Akbar Khan|Time:2017-02-23 10:23:12');
INSERT INTO `tbl_sessions_info` VALUES ('4a2614738e104ad66b1ae0f05852ad0b', '202.79.18.134', 'Mozilla/5.0 (Windows NT 10.0; WOW64; rv:51.0) Gecko/20100101 Firefox/51.0', '1487828166', 'Login ID:1|Name:Nasirul Akbar Khan|Time:2017-02-23 11:36:09');
INSERT INTO `tbl_sessions_info` VALUES ('18fef62900ef66986aa8a6ce9f0c4a14', '202.79.18.134', 'Mozilla/5.0 (Windows NT 10.0; WOW64; rv:51.0) Gecko/20100101 Firefox/51.0', '1487841605', 'Login ID:1|Name:Nasirul Akbar Khan|Time:2017-02-23 15:22:30');
INSERT INTO `tbl_sessions_info` VALUES ('d71e87967d2a30c49c1f37ae80afce65', '202.79.18.134', 'Mozilla/5.0 (Windows NT 6.1; WOW64; rv:52.0) Gecko/20100101 Firefox/52.0', '1487841604', 'Login ID:5|Name:Administrator|Time:2017-02-23 15:23:05');
INSERT INTO `tbl_sessions_info` VALUES ('4209e93887f679c83fe60bc122a42ae1', '202.79.18.134', 'Mozilla/5.0 (Windows NT 6.1; WOW64; rv:52.0) Gecko/20100101 Firefox/52.0', '1487842001', 'Login ID:7|Name:Md. Abu Monsur Sarker|Time:2017-02-23 15:26:46');
INSERT INTO `tbl_sessions_info` VALUES ('8cf988acb4a2cc2b851dcc8621ab4693', '202.79.18.134', 'Mozilla/5.0 (Windows NT 6.1; WOW64; rv:52.0) Gecko/20100101 Firefox/52.0', '1487842030', 'Login ID:5|Name:Administrator|Time:2017-02-23 15:28:49');
INSERT INTO `tbl_sessions_info` VALUES ('5011c7e9c832ef407534e3a09dc66b1a', '202.79.18.134', 'Mozilla/5.0 (Windows NT 6.1; WOW64; rv:52.0) Gecko/20100101 Firefox/52.0', '1487842156', 'Login ID:7|Name:Md. Abu Monsur Sarker|Time:2017-02-23 15:29:20');
INSERT INTO `tbl_sessions_info` VALUES ('d31850464a8ff6ba5099876fc0e15c8e', '202.79.18.134', 'Mozilla/5.0 (Windows NT 10.0; WOW64; rv:51.0) Gecko/20100101 Firefox/51.0', '1487842231', 'Login ID:1|Name:Nasirul Akbar Khan|Time:2017-02-23 15:30:39');
INSERT INTO `tbl_sessions_info` VALUES ('39fdcae18215483528ea36171bf31e7c', '202.79.18.134', 'Mozilla/5.0 (Windows NT 6.1; WOW64; rv:52.0) Gecko/20100101 Firefox/52.0', '1487842274', 'Login ID:7|Name:Md. Abu Monsur Sarker|Time:2017-02-23 15:31:18');
INSERT INTO `tbl_sessions_info` VALUES ('70f6af00d1de50d128df3a814c4f56a1', '202.79.18.134', 'Mozilla/5.0 (Windows NT 10.0; WOW64; rv:51.0) Gecko/20100101 Firefox/51.0', '1487842273', 'Login ID:1|Name:Nasirul Akbar Khan|Time:2017-02-23 15:31:18');
INSERT INTO `tbl_sessions_info` VALUES ('ddf4e2fa7a65f30572d0efac38c309b8', '202.79.18.134', 'Mozilla/5.0 (Windows NT 6.1; WOW64; rv:52.0) Gecko/20100101 Firefox/52.0', '1487842368', 'Login ID:7|Name:Md. Abu Monsur Sarker|Time:2017-02-23 15:33:01');
INSERT INTO `tbl_sessions_info` VALUES ('2fadddfae5d4b77bd2e16322fffac85b', '202.79.18.134', 'Mozilla/5.0 (Windows NT 10.0; WOW64; rv:51.0) Gecko/20100101 Firefox/51.0', '1487843834', 'Login ID:1|Name:Nasirul Akbar Khan|Time:2017-02-23 15:57:14');
INSERT INTO `tbl_sessions_info` VALUES ('64f5b2926271b7e23c2a111e73b2cd6a', '202.79.18.134', 'Mozilla/5.0 (Windows NT 10.0; WOW64; rv:51.0) Gecko/20100101 Firefox/51.0', '1487843851', 'Login ID:5|Name:Administrator|Time:2017-02-23 15:57:38');
INSERT INTO `tbl_sessions_info` VALUES ('1d449469341accd8ad05866ca05cdb95', '202.79.18.134', 'Mozilla/5.0 (Windows NT 6.1; WOW64; rv:52.0) Gecko/20100101 Firefox/52.0', '1487843880', 'Login ID:7|Name:Md. Abu Monsur Sarker|Time:2017-02-23 15:58:00');
INSERT INTO `tbl_sessions_info` VALUES ('5ee82cdb9a107ca4b6476872d2325e9c', '202.79.18.134', 'Mozilla/5.0 (Windows NT 6.1; WOW64; rv:52.0) Gecko/20100101 Firefox/52.0', '1487843933', 'Login ID:5|Name:Administrator|Time:2017-02-23 15:58:57');
INSERT INTO `tbl_sessions_info` VALUES ('2f8c7c9fac51ca9aa5269bf2216a1ae5', '202.79.18.134', 'Mozilla/5.0 (Windows NT 6.1; WOW64; rv:52.0) Gecko/20100101 Firefox/52.0', '1487844002', 'Login ID:7|Name:Md. Abu Monsur Sarker|Time:2017-02-23 16:00:16');
INSERT INTO `tbl_sessions_info` VALUES ('5d8313c9d62425277bbe575f96df5b35', '202.79.18.134', 'Mozilla/5.0 (Windows NT 6.1; WOW64; rv:52.0) Gecko/20100101 Firefox/52.0', '1487848435', 'Login ID:5|Name:Administrator|Time:2017-02-23 17:13:55');
INSERT INTO `tbl_sessions_info` VALUES ('12211659a9439baeb8dc568362c244af', '202.79.18.134', 'Mozilla/5.0 (Windows NT 6.1; WOW64; rv:52.0) Gecko/20100101 Firefox/52.0', '1487850279', 'Login ID:5|Name:Administrator|Time:2017-02-23 17:48:39');
INSERT INTO `tbl_sessions_info` VALUES ('93c8437c5b323b017557401bdaacc60e', '202.79.18.134', 'Mozilla/5.0 (Windows NT 10.0; WOW64; rv:51.0) Gecko/20100101 Firefox/51.0', '1487994257', 'Login ID:12|Name:Nasirul Akbar Khan|Time:2017-02-25 09:44:25');
INSERT INTO `tbl_sessions_info` VALUES ('32bf0aaba37ae887fd7b847b0bcea826', '202.79.18.134', 'Mozilla/5.0 (Windows NT 10.0; WOW64; rv:51.0) Gecko/20100101 Firefox/51.0', '1487994294', 'Login ID:1|Name:Nasirul Akbar Khan|Time:2017-02-25 09:45:01');
INSERT INTO `tbl_sessions_info` VALUES ('1207e99b63bb67375bbc9b5d18073694', '202.79.18.134', 'Mozilla/5.0 (Windows NT 10.0; WOW64; rv:51.0) Gecko/20100101 Firefox/51.0', '1487995089', 'Login ID:5|Name:Administrator|Time:2017-02-25 09:58:14');
INSERT INTO `tbl_sessions_info` VALUES ('3eae15ada0e88b751d875559c8c45f8d', '202.79.18.134', 'Mozilla/5.0 (Windows NT 6.1; WOW64; rv:52.0) Gecko/20100101 Firefox/52.0', '1487996099', 'Login ID:7|Name:Md. Abu Monsur Sarker|Time:2017-02-25 10:15:04');
INSERT INTO `tbl_sessions_info` VALUES ('8af5b727a928710fec65110ae4317d36', '202.79.18.134', 'Mozilla/5.0 (Windows NT 6.1; WOW64; rv:52.0) Gecko/20100101 Firefox/52.0', '1487996133', 'Login ID:5|Name:Administrator|Time:2017-02-25 10:15:36');
INSERT INTO `tbl_sessions_info` VALUES ('508321de007c9f1a859c52579068a540', '202.79.18.134', 'Mozilla/5.0 (Windows NT 10.0; WOW64; rv:51.0) Gecko/20100101 Firefox/51.0', '1488009755', 'Login ID:12|Name:Nasirul Akbar Khan|Time:2017-02-25 14:02:35');
INSERT INTO `tbl_sessions_info` VALUES ('81b1e1bb0eeaa583f67b0fd1dcab8fd9', '202.79.18.134', 'Mozilla/5.0 (Windows NT 10.0; WOW64; rv:51.0) Gecko/20100101 Firefox/51.0', '1488009761', 'Login ID:12|Name:Nasirul Akbar Khan|Time:2017-02-25 14:02:54');
INSERT INTO `tbl_sessions_info` VALUES ('bac0062eadd078fb10b0ebf06ad7fca5', '202.79.18.134', 'Mozilla/5.0 (Windows NT 10.0; WOW64; rv:51.0) Gecko/20100101 Firefox/51.0', '1488009778', 'Login ID:12|Name:Nasirul Akbar Khan|Time:2017-02-25 14:03:30');
INSERT INTO `tbl_sessions_info` VALUES ('b5a4a20076f84c52fbba210f315e22fc', '202.79.18.134', 'Mozilla/5.0 (Windows NT 10.0; WOW64; rv:51.0) Gecko/20100101 Firefox/51.0', '1488009814', 'Login ID:1|Name:Nasirul Akbar Khan|Time:2017-02-25 14:04:00');
INSERT INTO `tbl_sessions_info` VALUES ('731aa9e5ca8edd7151a2791b328256b1', '202.79.18.134', 'Mozilla/5.0 (Windows NT 10.0; WOW64; rv:51.0) Gecko/20100101 Firefox/51.0', '1488009847', 'Login ID:1|Name:Nasirul Akbar Khan|Time:2017-02-25 14:04:58');
INSERT INTO `tbl_sessions_info` VALUES ('03ad828b4dc66998824ca869baab10c0', '202.79.18.134', 'Mozilla/5.0 (Windows NT 10.0; WOW64; rv:51.0) Gecko/20100101 Firefox/51.0', '1488010029', 'Login ID:1|Name:Nasirul Akbar Khan|Time:2017-02-25 08:07:21');
INSERT INTO `tbl_sessions_info` VALUES ('f27acb9998f753619a43b0d116d70a19', '202.79.18.134', 'Mozilla/5.0 (Windows NT 10.0; WOW64; rv:51.0) Gecko/20100101 Firefox/51.0', '1488010055', 'Login ID:1|Name:Nasirul Akbar Khan|Time:2017-02-25 08:09:19');
INSERT INTO `tbl_sessions_info` VALUES ('ddf4d4dda0a2b932f3157752d6825533', '202.79.18.134', 'Mozilla/5.0 (Windows NT 10.0; WOW64; rv:51.0) Gecko/20100101 Firefox/51.0', '1488010208', 'Login ID:1|Name:Nasirul Akbar Khan|Time:2017-02-25 14:10:32');
INSERT INTO `tbl_sessions_info` VALUES ('fb68c6c8807e980503782e5cda1dec48', '202.79.18.134', 'Mozilla/5.0 (Windows NT 10.0; WOW64; rv:51.0) Gecko/20100101 Firefox/51.0', '1488012315', 'Login ID:1|Name:Nasirul Akbar Khan|Time:2017-02-25 14:45:24');
INSERT INTO `tbl_sessions_info` VALUES ('a1a958db988d5c4cd245444a556b9407', '202.79.18.134', 'Mozilla/5.0 (Windows NT 10.0; WOW64; rv:51.0) Gecko/20100101 Firefox/51.0', '1488012337', 'Login ID:1|Name:Nasirul Akbar Khan|Time:2017-02-25 14:45:43');
INSERT INTO `tbl_sessions_info` VALUES ('7970ba251a2766a3a904ef5f8ddce124', '202.79.18.134', 'Mozilla/5.0 (Windows NT 10.0; WOW64; rv:51.0) Gecko/20100101 Firefox/51.0', '1488012734', 'Login ID:5|Name:Administrator|Time:2017-02-25 14:52:14');
INSERT INTO `tbl_sessions_info` VALUES ('16be4168773ce22534a19f257f750b5b', '202.79.18.134', 'Mozilla/5.0 (Windows NT 10.0; WOW64; rv:51.0) Gecko/20100101 Firefox/51.0', '1488012765', 'Login ID:12|Name:Nasirul Akbar Khan|Time:2017-02-25 14:52:52');
INSERT INTO `tbl_sessions_info` VALUES ('c5ab8b6b84b12c02ea79772d1a3141cf', '202.79.18.134', 'Mozilla/5.0 (Windows NT 10.0; WOW64; rv:51.0) Gecko/20100101 Firefox/51.0', '1488012793', 'Login ID:5|Name:Administrator|Time:2017-02-25 14:53:22');
INSERT INTO `tbl_sessions_info` VALUES ('506f8edf26dfad2814f8f451e05c4982', '202.79.18.134', 'Mozilla/5.0 (Windows NT 10.0; WOW64; rv:51.0) Gecko/20100101 Firefox/51.0', '1488015200', 'Login ID:5|Name:Administrator|Time:2017-02-25 15:33:20');
INSERT INTO `tbl_sessions_info` VALUES ('7f801f7d02ecd35013bbf0ad57370ff6', '202.79.18.134', 'Mozilla/5.0 (Windows NT 6.1; WOW64; rv:52.0) Gecko/20100101 Firefox/52.0', '1488079575', 'Login ID:5|Name:Administrator|Time:2017-02-26 09:26:19');
INSERT INTO `tbl_sessions_info` VALUES ('dc4773ccf8bf57cbd7660990e4a0ee6f', '202.79.18.134', 'Mozilla/5.0 (Windows NT 10.0; WOW64; rv:51.0) Gecko/20100101 Firefox/51.0', '1488080196', 'Login ID:5|Name:Administrator|Time:2017-02-26 09:36:44');
INSERT INTO `tbl_sessions_info` VALUES ('e13854717bdc8a2fdfb32d957809dc01', '202.79.18.134', 'Mozilla/5.0 (Windows NT 6.1; Win64; x64) AppleWebKit/537.36 (KHTML, like Gecko) Chrome/56.0.2924.87 Safari/537.36', '1488082013', 'Login ID:10|Name:Md. Hasinur Rahman|Time:2017-02-26 10:07:01');
INSERT INTO `tbl_sessions_info` VALUES ('a3a8c84646b49eae34e6febe2efab6c1', '202.79.18.134', 'Mozilla/5.0 (Windows NT 10.0; WOW64; rv:51.0) Gecko/20100101 Firefox/51.0', '1488085740', 'Login ID:1|Name:Nasirul Akbar Khan|Time:2017-02-26 11:09:00');
INSERT INTO `tbl_sessions_info` VALUES ('7649dbbdb1a3b737ff3f5c070d6127d7', '202.79.18.134', 'Mozilla/5.0 (Windows NT 10.0; WOW64; rv:51.0) Gecko/20100101 Firefox/51.0', '1488096827', 'Login ID:12|Name:Nasirul Akbar Khan|Time:2017-02-26 14:14:01');
INSERT INTO `tbl_sessions_info` VALUES ('726f01210fee9155a41bbc34a6a886da', '202.79.18.134', 'Mozilla/5.0 (Windows NT 10.0; WOW64; rv:51.0) Gecko/20100101 Firefox/51.0', '1488096937', 'Login ID:12|Name:Nasirul Akbar Khan|Time:2017-02-26 14:17:06');
INSERT INTO `tbl_sessions_info` VALUES ('35324811f33171460d482ae5e0ae8aa7', '202.79.18.134', 'Mozilla/5.0 (Windows NT 10.0; WOW64; rv:51.0) Gecko/20100101 Firefox/51.0', '1488097064', 'Login ID:12|Name:Nasirul Akbar Khan|Time:2017-02-26 14:17:51');
INSERT INTO `tbl_sessions_info` VALUES ('f45984348b90d69ee92f808edbe171c6', '202.79.18.134', 'Mozilla/5.0 (Windows NT 10.0; WOW64; rv:51.0) Gecko/20100101 Firefox/51.0', '1488099915', 'Login ID:5|Name:Administrator|Time:2017-02-26 15:05:24');
INSERT INTO `tbl_sessions_info` VALUES ('7c3b0d60a44b7c5898918a02a88ea2a3', '202.79.18.134', 'Mozilla/5.0 (Windows NT 6.1; WOW64; rv:52.0) Gecko/20100101 Firefox/52.0', '1488104449', 'Login ID:7|Name:Md. Abu Monsur Sarker|Time:2017-02-26 16:20:52');
INSERT INTO `tbl_sessions_info` VALUES ('5b514d8d7d37d9f0f8a6f74e460a4485', '202.79.18.134', 'Mozilla/5.0 (Windows NT 6.1; WOW64; rv:52.0) Gecko/20100101 Firefox/52.0', '1488104509', 'Login ID:5|Name:Administrator|Time:2017-02-26 16:21:52');
INSERT INTO `tbl_sessions_info` VALUES ('05edb7b5148ca22ddb65da30aa75cc0a', '202.79.18.134', 'Mozilla/5.0 (Windows NT 10.0; WOW64; rv:51.0) Gecko/20100101 Firefox/51.0', '1488104529', 'Login ID:1|Name:Nasirul Akbar Khan|Time:2017-02-26 16:22:15');
INSERT INTO `tbl_sessions_info` VALUES ('a2c291b6bd41b3e472fac74b07a12259', '202.79.18.134', 'Mozilla/5.0 (Windows NT 6.1; WOW64; rv:52.0) Gecko/20100101 Firefox/52.0', '1488104569', 'Login ID:7|Name:Md. Abu Monsur Sarker|Time:2017-02-26 16:22:54');
INSERT INTO `tbl_sessions_info` VALUES ('89bb113f811b9577b87ec5cc2a34def4', '202.79.18.134', 'Mozilla/5.0 (Windows NT 6.1; WOW64; rv:52.0) Gecko/20100101 Firefox/52.0', '1488104598', 'Login ID:5|Name:Administrator|Time:2017-02-26 16:23:21');
INSERT INTO `tbl_sessions_info` VALUES ('3ecc5c698205699488b8dc7017d82b5e', '202.79.18.134', 'Mozilla/5.0 (Windows NT 10.0; WOW64; rv:51.0) Gecko/20100101 Firefox/51.0', '1488106461', 'Login ID:12|Name:Nasirul Akbar Khan|Time:2017-02-26 16:54:31');
INSERT INTO `tbl_sessions_info` VALUES ('13931846568e8fc820061f076d90509d', '202.79.18.134', 'Mozilla/5.0 (Windows NT 10.0; WOW64; rv:51.0) Gecko/20100101 Firefox/51.0', '1488106487', 'Login ID:5|Name:Administrator|Time:2017-02-26 16:55:09');
INSERT INTO `tbl_sessions_info` VALUES ('f0257cc199b579c4b4d7a80f58c16b97', '221.120.103.86', 'Mozilla/5.0 (Windows NT 10.0; Win64; x64) AppleWebKit/537.36 (KHTML, like Gecko) Chrome/56.0.2924.87 Safari/537.36', '1488107068', 'Login ID:5|Name:Administrator|Time:2017-02-26 17:04:48');
INSERT INTO `tbl_sessions_info` VALUES ('a8ab79e10fc4c04f7f50fc4af9e11ef5', '221.120.103.86', 'Mozilla/5.0 (Windows NT 10.0; Win64; x64) AppleWebKit/537.36 (KHTML, like Gecko) Chrome/56.0.2924.87 Safari/537.36', '1488107157', 'Login ID:10|Name:Md. Hasinur Rahman|Time:2017-02-26 17:06:26');
INSERT INTO `tbl_sessions_info` VALUES ('cf9c1e9c3c9294dac91e0e69f8c0c243', '221.120.103.86', 'Mozilla/5.0 (Windows NT 10.0; Win64; x64) AppleWebKit/537.36 (KHTML, like Gecko) Chrome/56.0.2924.87 Safari/537.36', '1488107844', 'Login ID:8|Name:Samiron Barai|Time:2017-02-26 17:17:46');
INSERT INTO `tbl_sessions_info` VALUES ('6a2a0193cb26baedb67e1a1affc39178', '202.79.18.134', 'Mozilla/5.0 (Windows NT 6.1; WOW64; rv:52.0) Gecko/20100101 Firefox/52.0', '1488108268', 'Login ID:5|Name:Administrator|Time:2017-02-26 17:24:32');
INSERT INTO `tbl_sessions_info` VALUES ('f265ca0e46c186d91ea0a60fb940ffe5', '202.79.18.134', 'Mozilla/5.0 (Windows NT 10.0; WOW64; rv:51.0) Gecko/20100101 Firefox/51.0', '1488108238', 'Login ID:5|Name:Administrator|Time:2017-02-26 17:25:01');
INSERT INTO `tbl_sessions_info` VALUES ('0d7af5695e70d281c46e20339cab6753', '202.79.18.134', 'Mozilla/5.0 (Windows NT 6.1; WOW64; rv:52.0) Gecko/20100101 Firefox/52.0', '1488108534', 'Login ID:5|Name:Administrator|Time:2017-02-26 17:28:59');
INSERT INTO `tbl_sessions_info` VALUES ('a6bbe8403cc4f7a67f114432984dbc49', '202.79.18.134', 'Mozilla/5.0 (Windows NT 6.1; WOW64; rv:52.0) Gecko/20100101 Firefox/52.0', '1488108589', 'Login ID:5|Name:Administrator|Time:2017-02-26 17:32:09');
INSERT INTO `tbl_sessions_info` VALUES ('1b0b01baed9ae0e526e249f8fe8462e8', '202.79.18.134', 'Mozilla/5.0 (Windows NT 6.3; WOW64; rv:52.0) Gecko/20100101 Firefox/52.0', '1488108891', 'Login ID:13|Name:Masudul Alam|Time:2017-02-26 17:36:40');
INSERT INTO `tbl_sessions_info` VALUES ('d8ddde51cec85a6f0d9ab9310fb9eb97', '202.79.18.134', 'Mozilla/5.0 (Windows NT 10.0; WOW64; rv:51.0) Gecko/20100101 Firefox/51.0', '1488109068', 'Login ID:14|Name:Reazul Islam|Time:2017-02-26 17:38:33');
INSERT INTO `tbl_sessions_info` VALUES ('5ca39f306cf359cbcf355ac14ba1a0ba', '202.79.18.134', 'Mozilla/5.0 (Windows NT 6.1) AppleWebKit/537.36 (KHTML, like Gecko) Chrome/56.0.2924.87 Safari/537.36', '1488109310', 'Login ID:15|Name:Md. Abu Taher Talukder|Time:2017-02-26 17:42:36');
INSERT INTO `tbl_sessions_info` VALUES ('b86913608ab3fc2dd8a09ffee27e391f', '202.79.18.134', 'Mozilla/5.0 (Windows NT 6.1) AppleWebKit/537.36 (KHTML, like Gecko) Chrome/56.0.2924.87 Safari/537.36', '1488109936', 'Login ID:15|Name:Md. Abu Taher Talukder|Time:2017-02-26 17:52:46');
INSERT INTO `tbl_sessions_info` VALUES ('828c5badf1facbcd1f0034656819ecdf', '202.79.18.134', 'Mozilla/5.0 (Windows NT 10.0; WOW64; rv:51.0) Gecko/20100101 Firefox/51.0', '1488110325', 'Login ID:14|Name:Reazul Islam|Time:2017-02-26 17:58:55');
INSERT INTO `tbl_sessions_info` VALUES ('1e1d5d5059f28f9b38149552ed834c29', '202.79.18.134', 'Mozilla/5.0 (Windows NT 6.1) AppleWebKit/537.36 (KHTML, like Gecko) Chrome/56.0.2924.87 Safari/537.36', '1488110546', 'Login ID:15|Name:Md. Abu Taher Talukder|Time:2017-02-26 18:02:29');
INSERT INTO `tbl_sessions_info` VALUES ('a26b43e47044d595b13761eb64947f6c', '202.79.18.134', 'Mozilla/5.0 (Windows NT 6.1) AppleWebKit/537.36 (KHTML, like Gecko) Chrome/56.0.2924.87 Safari/537.36', '1488110553', 'Login ID:15|Name:Md. Abu Taher Talukder|Time:2017-02-26 18:02:35');
INSERT INTO `tbl_sessions_info` VALUES ('1ddbac0fe55966abfeb148db8571a00b', '202.79.18.134', 'Mozilla/5.0 (Windows NT 6.1) AppleWebKit/537.36 (KHTML, like Gecko) Chrome/56.0.2924.87 Safari/537.36', '1488110621', 'Login ID:15|Name:Md. Abu Taher Talukder|Time:2017-02-26 18:03:44');
INSERT INTO `tbl_sessions_info` VALUES ('1de3c7e499ae1f2ca8d90284be3c25ba', '175.29.186.34', 'Mozilla/5.0 (Windows NT 6.1) AppleWebKit/537.36 (KHTML, like Gecko) Chrome/56.0.2924.87 Safari/537.36', '1488122431', 'Login ID:5|Name:Administrator|Time:2017-02-26 21:21:31');
INSERT INTO `tbl_sessions_info` VALUES ('4728b04b135e4119b2a6ccb7b0f78918', '202.79.18.134', 'Mozilla/5.0 (Windows NT 6.1; rv:47.0) Gecko/20100101 Firefox/47.0', '1488150384', 'Login ID:70|Name:Ali Hossain|Time:2017-02-27 05:07:26');
INSERT INTO `tbl_sessions_info` VALUES ('127cbcd6e35e9e7a303e634e048f52c8', '202.79.18.134', 'Mozilla/5.0 (Windows NT 6.1; rv:47.0) Gecko/20100101 Firefox/47.0', '1488150529', 'Login ID:84|Name:Shamim Reza|Time:2017-02-27 05:09:09');
INSERT INTO `tbl_sessions_info` VALUES ('f68e65a46a19d394cb6b4cd9daebae0a', '202.79.18.134', 'Mozilla/4.0 (compatible; MSIE 8.0; Windows NT 6.1; Trident/4.0; SLCC2; .NET CLR 2.0.50727; .NET CLR 3.5.30729; .NET CLR ', '1488150534', 'Login ID:87|Name:Aktaruzzaman|Time:2017-02-27 05:09:09');
INSERT INTO `tbl_sessions_info` VALUES ('32f385f45aa63244934ceacff8f9bb99', '202.79.18.134', 'Mozilla/5.0 (Windows NT 6.1; rv:51.0) Gecko/20100101 Firefox/51.0', '1488150621', 'Login ID:74|Name:Tanviruzzaman Tonay|Time:2017-02-27 05:10:21');
INSERT INTO `tbl_sessions_info` VALUES ('8d38c94d0aaa1a44f6473f1003f15441', '221.120.103.86', 'Mozilla/5.0 (Windows NT 5.1; rv:51.0) Gecko/20100101 Firefox/51.0', '1488150930', 'Login ID:90|Name:Mir Forhad|Time:2017-02-27 05:15:30');
INSERT INTO `tbl_sessions_info` VALUES ('bb2a005b57fdb847fee5f121080e98bf', '202.79.18.134', 'Mozilla/5.0 (Windows NT 5.1; rv:44.0) Gecko/20100101 Firefox/44.0', '1488153451', 'Login ID:85|Name:Md.Abu Sufian Rony|Time:2017-02-27 05:57:42');
INSERT INTO `tbl_sessions_info` VALUES ('e0a2e4e75a3284a8070edcc431c0e715', '202.79.18.134', 'Mozilla/5.0 (Windows NT 5.1; rv:44.0) Gecko/20100101 Firefox/44.0', '1488153565', 'Login ID:80|Name:Md.Enamul Haque|Time:2017-02-27 05:59:34');
INSERT INTO `tbl_sessions_info` VALUES ('a0985ba3b870e0351607e82c96c5c3b8', '202.79.18.134', 'Mozilla/5.0 (Windows NT 5.1; rv:44.0) Gecko/20100101 Firefox/44.0', '1488153588', 'Login ID:92|Name:Md. Sumon|Time:2017-02-27 06:01:51');
INSERT INTO `tbl_sessions_info` VALUES ('717861821dd3d9cddd657a5005925401', '221.120.103.86', 'Mozilla/4.0 (compatible; MSIE 6.0; Windows NT 5.1; SV1; InfoPath.2)', '1488153985', 'Login ID:83|Name:Md. Abu Bakar Rony|Time:2017-02-27 06:06:45');
INSERT INTO `tbl_sessions_info` VALUES ('8387c760c5b471c508a1ca6ccbb358f6', '202.79.18.134', 'Mozilla/5.0 (Windows NT 5.1) AppleWebKit/537.36 (KHTML, like Gecko) Chrome/49.0.2623.112 Safari/537.36', '1488153981', 'Login ID:82|Name:Md. Abdul Aual|Time:2017-02-27 06:06:47');
INSERT INTO `tbl_sessions_info` VALUES ('0fd1e07151001d1b0eacb02963d51cd7', '221.120.103.86', 'Mozilla/4.0 (compatible; MSIE 6.0; Windows NT 5.1; SV1; InfoPath.2)', '1488153963', 'Login ID:89|Name:Md. Shofiqul Islam|Time:2017-02-27 06:07:02');
INSERT INTO `tbl_sessions_info` VALUES ('7abb1dffc62c28c0a26280bde0ccc683', '221.120.103.86', 'Mozilla/4.0 (compatible; MSIE 7.0; Windows NT 5.1; InfoPath.2)', '1488153945', 'Login ID:78|Name:Md. Moniruzzaman|Time:2017-02-27 06:07:04');
INSERT INTO `tbl_sessions_info` VALUES ('8b8094e4fcb38ca79be3ef81b1328bef', '221.120.103.86', 'Mozilla/4.0 (compatible; MSIE 6.0; Windows NT 5.1; SV1; InfoPath.2)', '1488153972', 'Login ID:93|Name:Md. Samaun Reza|Time:2017-02-27 06:07:37');
INSERT INTO `tbl_sessions_info` VALUES ('9982fbab9fc3ee4fb16f49dbf74246b4', '221.120.103.86', 'Mozilla/4.0 (compatible; MSIE 6.0; Windows NT 5.1; SV1; InfoPath.2)', '1488154266', 'Login ID:89|Name:Md. Shofiqul Islam|Time:2017-02-27 06:11:18');
INSERT INTO `tbl_sessions_info` VALUES ('6940ce0337eb781b410c129d3eb37e93', '221.120.103.86', 'Mozilla/5.0 (Windows NT 5.1; rv:43.0) Gecko/20100101 Firefox/43.0', '1488154277', 'Login ID:78|Name:Md. Moniruzzaman|Time:2017-02-27 06:11:30');
INSERT INTO `tbl_sessions_info` VALUES ('17a23da666a5ffc6ca85ca2724abf477', '202.79.18.134', 'Mozilla/5.0 (Windows NT 6.1; WOW64; rv:51.0) Gecko/20100101 Firefox/51.0', '1488154299', 'Login ID:73|Name:Md. Mahfus Ali|Time:2017-02-27 06:12:12');
INSERT INTO `tbl_sessions_info` VALUES ('21df4b4dd4e8ef68b6f8aaf1c82cca7e', '202.79.18.134', 'Mozilla/5.0 (Windows NT 6.1) AppleWebKit/537.36 (KHTML, like Gecko) Chrome/56.0.2924.87 Safari/537.36', '1488154460', 'Login ID:77|Name:Md. Kawser Mamun|Time:2017-02-27 06:14:49');
INSERT INTO `tbl_sessions_info` VALUES ('5fe8565d753b8e6f492ed5eada950601', '202.79.18.134', 'Mozilla/5.0 (Windows NT 6.1) AppleWebKit/537.36 (KHTML, like Gecko) Chrome/57.0.2987.74 Safari/537.36', '1488154558', 'Login ID:76|Name:Liyad Salem|Time:2017-02-27 06:19:01');
INSERT INTO `tbl_sessions_info` VALUES ('d630fb81fe6ac0eb17d13fd442267404', '202.79.18.134', 'Mozilla/5.0 (Windows NT 6.1) AppleWebKit/537.36 (KHTML, like Gecko) Chrome/56.0.2924.87 Safari/537.36', '1488157088', 'Login ID:50|Name:Arif Mahmud|Time:2017-02-27 06:58:27');
INSERT INTO `tbl_sessions_info` VALUES ('ed64c6747812deabbfae2479ab381940', '202.79.18.134', 'Mozilla/5.0 (Windows NT 5.1) AppleWebKit/537.36 (KHTML, like Gecko) Chrome/30.0.1599.101 Safari/537.36', '1488157202', 'Login ID:53|Name:Mahabub Fakir|Time:2017-02-27 07:00:51');
INSERT INTO `tbl_sessions_info` VALUES ('ef75dadb05d2464d540e5cb9fa110f8a', '202.79.18.134', 'Mozilla/5.0 (Windows NT 5.1) AppleWebKit/537.36 (KHTML, like Gecko) Chrome/30.0.1599.101 Safari/537.36', '1488157421', 'Login ID:51|Name:Mehedi Hasan|Time:2017-02-27 07:04:00');
INSERT INTO `tbl_sessions_info` VALUES ('a52a891960a39dc0a71247b79687e1cf', '202.79.18.134', 'Mozilla/5.0 (Windows NT 6.1; Win64; x64) AppleWebKit/537.36 (KHTML, like Gecko) Chrome/55.0.2883.87 Safari/537.36', '1488159819', 'Login ID:70|Name:Ali Hossain|Time:2017-02-27 07:45:01');
INSERT INTO `tbl_sessions_info` VALUES ('a17ae6a79b38894874a2d81473c27fb7', '202.79.18.134', 'Mozilla/5.0 (Windows NT 6.1; Win64; x64) AppleWebKit/537.36 (KHTML, like Gecko) Chrome/55.0.2883.87 Safari/537.36', '1488160270', 'Login ID:17|Name:Md. Rashed Mia|Time:2017-02-27 07:51:56');
INSERT INTO `tbl_sessions_info` VALUES ('02ed7567d602373d593b2009adcbb812', '202.79.18.134', 'Mozilla/5.0 (Windows NT 6.1) AppleWebKit/537.36 (KHTML, like Gecko) Chrome/56.0.2924.87 Safari/537.36', '1488163978', 'Login ID:16|Name:Mehedi Hasan Chowdhury|Time:2017-02-27 08:53:22');
INSERT INTO `tbl_sessions_info` VALUES ('05c693f685c0bd929caa6b3b289ba6eb', '221.120.103.86', 'Mozilla/4.0 (compatible; MSIE 7.0; Windows NT 5.1; InfoPath.2)', '1488164144', 'Login ID:78|Name:Md. Moniruzzaman|Time:2017-02-27 08:55:57');
INSERT INTO `tbl_sessions_info` VALUES ('9a645f8c625deec4e2b7c6ec8c251a23', '202.79.18.134', 'Mozilla/5.0 (Windows NT 10.0; WOW64; rv:51.0) Gecko/20100101 Firefox/51.0', '1488164414', 'Login ID:14|Name:Reazul Islam|Time:2017-02-27 09:00:25');
INSERT INTO `tbl_sessions_info` VALUES ('58b8763b5ca169bb16046af1b13545c7', '202.79.18.134', 'Mozilla/5.0 (Windows NT 6.1) AppleWebKit/537.36 (KHTML, like Gecko) Chrome/56.0.2924.87 Safari/537.36', '1488164495', 'Login ID:55|Name:Enamul Hasan|Time:2017-02-27 09:02:04');
INSERT INTO `tbl_sessions_info` VALUES ('2b355bdb7b8c1a2fc2375c66b6dd993f', '202.79.18.134', 'Mozilla/5.0 (Windows NT 6.1) AppleWebKit/537.36 (KHTML, like Gecko) Chrome/56.0.2924.87 Safari/537.36', '1488164523', 'Login ID:15|Name:Md. Abu Taher Talukder|Time:2017-02-27 09:02:09');
INSERT INTO `tbl_sessions_info` VALUES ('6181b0d207038e5e98ac4208a0924fd4', '202.79.18.134', 'Mozilla/5.0 (Windows NT 10.0; Win64; x64) AppleWebKit/537.36 (KHTML, like Gecko) Chrome/56.0.2924.87 Safari/537.36', '1488164506', 'Login ID:54|Name:Md. Abul Khayer|Time:2017-02-27 09:02:14');
INSERT INTO `tbl_sessions_info` VALUES ('0c05b684333a01cbe4b5cb073fe0f50b', '202.79.18.134', 'Mozilla/5.0 (Windows NT 6.3; WOW64; rv:52.0) Gecko/20100101 Firefox/52.0', '1488164583', 'Login ID:13|Name:Masudul Alam|Time:2017-02-27 09:05:23');
INSERT INTO `tbl_sessions_info` VALUES ('c1f3b2ee4f2096dde8b7f0afaf3d1879', '202.79.18.134', 'Mozilla/5.0 (Windows NT 6.1; rv:51.0) Gecko/20100101 Firefox/51.0', '1488164770', 'Login ID:55|Name:Enamul Hasan|Time:2017-02-27 09:07:07');
INSERT INTO `tbl_sessions_info` VALUES ('8aa2e5639eddd19bd41fbde6a9163c55', '202.79.18.134', 'Mozilla/5.0 (Windows NT 6.1; rv:51.0) Gecko/20100101 Firefox/51.0', '1488164850', 'Login ID:55|Name:Enamul Hasan|Time:2017-02-27 09:07:31');
INSERT INTO `tbl_sessions_info` VALUES ('44d54de38d1b6bb72e4172c21a3fe315', '202.79.18.134', 'Mozilla/5.0 (iPhone; CPU iPhone OS 10_2_1 like Mac OS X) AppleWebKit/602.4.6 (KHTML, like Gecko) Version/10.0 Mobile/14D', '1488165075', 'Login ID:12|Name:Nasirul Akbar Khan|Time:2017-02-27 09:11:36');
INSERT INTO `tbl_sessions_info` VALUES ('bd019cd4e1d9b93f5680bca4685ef7ba', '202.79.18.134', 'Mozilla/5.0 (Windows NT 6.1; WOW64; rv:52.0) Gecko/20100101 Firefox/52.0', '1488165157', 'Login ID:5|Name:Administrator|Time:2017-02-27 09:12:42');
INSERT INTO `tbl_sessions_info` VALUES ('28fe2b1f6012df94461b76956b002903', '202.79.18.134', 'Mozilla/5.0 (Windows NT 10.0; WOW64; rv:51.0) Gecko/20100101 Firefox/51.0', '1488165270', 'Login ID:12|Name:Nasirul Akbar Khan|Time:2017-02-27 09:14:41');
INSERT INTO `tbl_sessions_info` VALUES ('7b46c5225b227489f93c015958186155', '202.79.18.134', 'Mozilla/5.0 (Windows NT 6.1; WOW64; rv:52.0) Gecko/20100101 Firefox/52.0', '1488165278', 'Login ID:96|Name:Yunus|Time:2017-02-27 09:14:50');
INSERT INTO `tbl_sessions_info` VALUES ('0f53b6d359f1704e576ba50d0fa51841', '202.79.18.134', 'Mozilla/5.0 (Windows NT 6.1; WOW64; rv:52.0) Gecko/20100101 Firefox/52.0', '1488165301', 'Login ID:5|Name:Administrator|Time:2017-02-27 09:15:17');
INSERT INTO `tbl_sessions_info` VALUES ('899cfd925a753eae292d3afdf3b841e7', '202.79.18.134', 'Mozilla/5.0 (Windows NT 10.0; WOW64; rv:51.0) Gecko/20100101 Firefox/51.0', '1488165320', 'Login ID:5|Name:Administrator|Time:2017-02-27 09:15:26');
INSERT INTO `tbl_sessions_info` VALUES ('837f68d023cafdfcc4acaf5a5c8a8343', '202.79.18.134', 'Mozilla/5.0 (Windows NT 6.1; WOW64; rv:52.0) Gecko/20100101 Firefox/52.0', '1488165792', 'Login ID:5|Name:Administrator|Time:2017-02-27 09:23:20');
INSERT INTO `tbl_sessions_info` VALUES ('0a6988778cdfa8ba513876c14ca40c9e', '202.79.18.134', 'Mozilla/5.0 (Windows NT 5.1) AppleWebKit/537.36 (KHTML, like Gecko) Chrome/49.0.2623.112 Safari/537.36', '1488168130', 'Login ID:98|Name:Z.R.M Zakir|Time:2017-02-27 10:02:20');
INSERT INTO `tbl_sessions_info` VALUES ('7af75ce701d82af23c3604f9ad0e5f96', '202.79.18.134', 'Mozilla/5.0 (Windows NT 10.0; WOW64; rv:51.0) Gecko/20100101 Firefox/51.0', '1488171430', 'Login ID:1|Name:Nasirul Akbar Khan|Time:2017-02-27 10:57:17');
INSERT INTO `tbl_sessions_info` VALUES ('78cea22aa8e1ca270bae7f2e415aff95', '202.79.18.134', 'Mozilla/5.0 (Windows NT 10.0; WOW64; rv:51.0) Gecko/20100101 Firefox/51.0', '1488171460', 'Login ID:5|Name:Administrator|Time:2017-02-27 10:57:44');
INSERT INTO `tbl_sessions_info` VALUES ('29c7fa17fc85d0c4ed22b41c1e9309f7', '202.79.18.134', 'Mozilla/5.0 (Windows NT 10.0; WOW64; rv:51.0) Gecko/20100101 Firefox/51.0', '1488171478', 'Login ID:12|Name:Nasirul Akbar Khan|Time:2017-02-27 10:58:04');
INSERT INTO `tbl_sessions_info` VALUES ('4e138b381c8a3e48debe4a7ceb7f1208', '202.79.18.134', 'Mozilla/5.0 (iPhone; CPU iPhone OS 10_2_1 like Mac OS X) AppleWebKit/602.4.6 (KHTML, like Gecko) Version/10.0 Mobile/14D', '1488172481', 'Login ID:12|Name:Nasirul Akbar Khan|Time:2017-02-27 11:14:57');
INSERT INTO `tbl_sessions_info` VALUES ('3819edb3f6b112fe30d9feeae968d745', '202.79.18.134', 'Mozilla/5.0 (iPhone; CPU iPhone OS 10_2_1 like Mac OS X) AppleWebKit/602.4.6 (KHTML, like Gecko) Version/10.0 Mobile/14D', '1488172506', 'Login ID:12|Name:Nasirul Akbar Khan|Time:2017-02-27 11:15:22');
INSERT INTO `tbl_sessions_info` VALUES ('5a56384b57b2ec7a1063dd6ee3024c82', '202.79.18.134', 'Mozilla/5.0 (Windows NT 6.1; rv:51.0) Gecko/20100101 Firefox/51.0', '1488178946', 'Login ID:55|Name:Enamul Hasan|Time:2017-02-27 13:02:34');
INSERT INTO `tbl_sessions_info` VALUES ('1a55a5a24ad6dbb35a27d41172f11dc7', '202.79.18.134', 'Mozilla/5.0 (Windows NT 6.1; rv:51.0) Gecko/20100101 Firefox/51.0', '1488178995', 'Login ID:55|Name:Enamul Hasan|Time:2017-02-27 13:03:17');
INSERT INTO `tbl_sessions_info` VALUES ('a47b6abb45b3e4c987197abdc85b709a', '202.79.18.134', 'Mozilla/5.0 (Windows NT 10.0; WOW64; rv:51.0) Gecko/20100101 Firefox/51.0', '1488183697', 'Login ID:5|Name:Administrator|Time:2017-02-27 14:21:46');
INSERT INTO `tbl_sessions_info` VALUES ('882f6e15742a7eb8b4ff16e2f5b1f161', '202.79.18.134', 'Mozilla/5.0 (Windows NT 5.1) AppleWebKit/537.36 (KHTML, like Gecko) Chrome/30.0.1599.101 Safari/537.36', '1488188031', 'Login ID:53|Name:Mahabub Fakir|Time:2017-02-27 15:34:00');
INSERT INTO `tbl_sessions_info` VALUES ('e98a543fc2cdb9909206506f950ddfb4', '202.79.18.134', 'Mozilla/5.0 (Windows NT 5.1) AppleWebKit/537.36 (KHTML, like Gecko) Chrome/30.0.1599.101 Safari/537.36', '1488188049', 'Login ID:53|Name:Mahabub Fakir|Time:2017-02-27 15:34:30');
INSERT INTO `tbl_sessions_info` VALUES ('1389fb5a91e0ea4dbb406a02e9784623', '202.79.18.134', 'Mozilla/5.0 (Windows NT 6.1) AppleWebKit/537.36 (KHTML, like Gecko) Chrome/56.0.2924.87 Safari/537.36', '1488189370', 'Login ID:50|Name:Arif Mahmud|Time:2017-02-27 15:57:38');
INSERT INTO `tbl_sessions_info` VALUES ('808eafbd3e28dea585c4a1bf820f2760', '202.79.18.134', 'Mozilla/5.0 (Windows NT 6.1) AppleWebKit/537.36 (KHTML, like Gecko) Chrome/56.0.2924.87 Safari/537.36', '1488189475', 'Login ID:50|Name:Arif Mahmud|Time:2017-02-27 15:58:04');

-- ----------------------------
-- Table structure for `tbl_user_info`
-- ----------------------------
DROP TABLE IF EXISTS `tbl_user_info`;
CREATE TABLE `tbl_user_info` (
  `F_Employee_ID` int(9) NOT NULL,
  `F_User_Permission_ID` mediumint(9) NOT NULL,
  `User_ID` mediumint(9) NOT NULL AUTO_INCREMENT,
  `Full_Name` varchar(80) NOT NULL,
  `Address` text,
  `Email` varchar(200) NOT NULL,
  `Join_Date` date NOT NULL,
  `Is_Void` enum('1','0') NOT NULL DEFAULT '0',
  `Is_Processed` enum('1','0') NOT NULL DEFAULT '0',
  `Is_Exist` enum('1','0') NOT NULL DEFAULT '1',
  PRIMARY KEY (`User_ID`),
  KEY `User_ID` (`User_ID`) USING BTREE
) ENGINE=MyISAM AUTO_INCREMENT=99 DEFAULT CHARSET=utf8;

-- ----------------------------
-- Records of tbl_user_info
-- ----------------------------
INSERT INTO `tbl_user_info` VALUES ('0', '0', '1', 'Nasirul Akbar Khan', '281/2 Ibrahimpur, Kafrul', 'nasir@ryansplus.com', '2015-11-08', '0', '0', '1');
INSERT INTO `tbl_user_info` VALUES ('0', '0', '5', 'Administrator', 'Dhaka', 'admin@ryansplus.com', '2017-02-12', '0', '0', '1');
INSERT INTO `tbl_user_info` VALUES ('4', '5', '6', 'Md. Rezwanul Haque', 'test', 'shiplu@ryansplus.com', '2017-02-14', '0', '0', '1');
INSERT INTO `tbl_user_info` VALUES ('21', '6', '7', 'Md. Abu Monsur Sarker', '', 'abumonsur.ryans@gmail.com', '2016-06-01', '0', '0', '1');
INSERT INTO `tbl_user_info` VALUES ('19', '5', '8', 'Samiron Barai', '', 'samiron@saatdin.com', '2017-02-16', '0', '0', '1');
INSERT INTO `tbl_user_info` VALUES ('14', '5', '9', 'Md. Mofizul Islam', '', 'mofizulislam.ryans@gmail.com', '2017-02-16', '0', '0', '1');
INSERT INTO `tbl_user_info` VALUES ('17', '5', '10', 'Md. Hasinur Rahman', '', 'sani.ryans@gmail.com', '2015-12-21', '0', '0', '1');
INSERT INTO `tbl_user_info` VALUES ('18', '5', '11', 'Md.Ariful Islam', '867 East Kazipara, Dhaka.', 'fahim.ryans@gmail.com', '2014-09-01', '0', '0', '1');
INSERT INTO `tbl_user_info` VALUES ('1', '5', '12', 'Nasirul Akbar Khan', '281/2 Ibrahimpur, Dhaka-Cantonment, Dhaka', 'nasir@ryansplus.com', '2017-02-18', '0', '0', '1');
INSERT INTO `tbl_user_info` VALUES ('10', '6', '13', 'Masudul Alam', 'House- 245, East Kazipara, Mirpur.', 'ripon@ryansplus.com', '2010-12-01', '0', '0', '1');
INSERT INTO `tbl_user_info` VALUES ('166', '5', '14', 'Reazul Islam', '', '', '2017-02-25', '0', '0', '1');
INSERT INTO `tbl_user_info` VALUES ('22', '5', '15', 'Md. Abu Taher Talukder', 'House No-17,Block - A, Ave-1, Section - 11,Mirpur, Dhaka -1216', '-', '2009-10-01', '0', '0', '1');
INSERT INTO `tbl_user_info` VALUES ('163', '5', '16', 'Mehedi Hasan Chowdhury', '', '', '2017-02-25', '0', '0', '1');
INSERT INTO `tbl_user_info` VALUES ('153', '5', '17', 'Md. Rashed Mia', 'H#10, Road- 6, P.O- Gulshan-1, P.S- Gulshan-1, Dhaka-1212', '', '2014-08-06', '0', '0', '1');
INSERT INTO `tbl_user_info` VALUES ('154', '5', '18', 'Md.Kamruzzaman', '288/1, West Nakhal Para, Tej Gaon.', '', '2014-06-09', '0', '0', '1');
INSERT INTO `tbl_user_info` VALUES ('155', '5', '19', 'Md. Torikul Islam', 'h-10, B-c, R-12, Mirpur-11', '', '2015-05-15', '0', '0', '1');
INSERT INTO `tbl_user_info` VALUES ('156', '5', '20', 'S.M. Nafi', '2nd Floor, House 114, Road-04, Mohammadua Housing Society, Mohammadpur, Dhaka.', '', '2017-02-25', '0', '0', '1');
INSERT INTO `tbl_user_info` VALUES ('157', '5', '21', 'Sayeed ahmed Khan', '171/2, Middle Paikpara, Mirpur Dhaka', '', '2016-08-24', '0', '0', '1');
INSERT INTO `tbl_user_info` VALUES ('167', '5', '22', 'Hasanur Rahman', '782/2 West Kazi Para, Mirpur, Dhaka-1216', '', '2012-01-01', '0', '0', '1');
INSERT INTO `tbl_user_info` VALUES ('176', '5', '23', 'Bappy Das', '', '', '2017-02-26', '0', '0', '1');
INSERT INTO `tbl_user_info` VALUES ('169', '5', '24', 'Bushra Binte Islam', '543/1, Middle Monipur, Mirpur, Dhaka-1216', '', '2017-02-25', '0', '0', '1');
INSERT INTO `tbl_user_info` VALUES ('178', '5', '25', 'Farid Hossain Khan', '', '', '2017-02-26', '0', '0', '1');
INSERT INTO `tbl_user_info` VALUES ('183', '5', '26', 'Jahangir Alam', '', '', '2017-02-26', '0', '0', '1');
INSERT INTO `tbl_user_info` VALUES ('190', '5', '27', 'Jibon Ali Raja', '', '', '2017-02-26', '0', '0', '1');
INSERT INTO `tbl_user_info` VALUES ('182', '5', '28', 'Abdur Rahaman', '', '', '2017-02-26', '0', '0', '1');
INSERT INTO `tbl_user_info` VALUES ('173', '5', '29', 'Md.Abul Kalam', '', '', '2017-02-26', '0', '0', '1');
INSERT INTO `tbl_user_info` VALUES ('185', '5', '30', 'Md. Alamgir Hossain', '', '', '2017-02-26', '0', '0', '1');
INSERT INTO `tbl_user_info` VALUES ('187', '5', '31', 'Md. Ashikur Rahman', '', '', '2017-02-26', '0', '0', '1');
INSERT INTO `tbl_user_info` VALUES ('171', '5', '32', 'Faisal Hossain', 'Hindol Kha 601,Taltola Colony,Dhaka-1207', '', '2017-02-25', '0', '0', '1');
INSERT INTO `tbl_user_info` VALUES ('175', '5', '33', 'Md.Faridul Islam', '', '', '2017-02-26', '0', '0', '1');
INSERT INTO `tbl_user_info` VALUES ('179', '5', '34', 'Md. Jahangir Alam', '', '', '2017-02-26', '0', '0', '1');
INSERT INTO `tbl_user_info` VALUES ('174', '5', '35', 'Mahbubur Rahman Sakhkhar', '', '', '2017-02-26', '0', '0', '1');
INSERT INTO `tbl_user_info` VALUES ('186', '5', '36', 'Md. Masud Hossain', '', '', '2017-02-26', '0', '0', '1');
INSERT INTO `tbl_user_info` VALUES ('180', '5', '37', 'Md. Maynuddin', '', '', '2017-02-26', '0', '0', '1');
INSERT INTO `tbl_user_info` VALUES ('191', '5', '38', 'Md. Mazharul Islam', '', '', '2017-02-26', '0', '0', '1');
INSERT INTO `tbl_user_info` VALUES ('194', '5', '39', 'Md. Rezaul Karim', '', '', '2017-02-26', '0', '0', '1');
INSERT INTO `tbl_user_info` VALUES ('170', '5', '40', 'Md. Rubel', 'House No: 05, Block-A, Road No: 20, Zone-02, Mirpur, Dhaka-1216', '', '2017-02-25', '0', '0', '1');
INSERT INTO `tbl_user_info` VALUES ('193', '5', '41', 'Md. Shahidul Islam', '', '', '2017-02-26', '0', '0', '1');
INSERT INTO `tbl_user_info` VALUES ('168', '5', '42', 'Md. Sohag Hossain', '', '', '2017-02-25', '0', '0', '1');
INSERT INTO `tbl_user_info` VALUES ('188', '5', '43', 'Md.Shamim Ahmed', '', '', '2017-02-26', '0', '0', '1');
INSERT INTO `tbl_user_info` VALUES ('189', '5', '44', 'Rafiqul Prodhan', '', '', '2017-02-26', '0', '0', '1');
INSERT INTO `tbl_user_info` VALUES ('192', '5', '45', 'Real Barua', '', '', '2017-02-26', '0', '0', '1');
INSERT INTO `tbl_user_info` VALUES ('181', '5', '46', 'Rintu Gharami', '', '', '2017-02-26', '0', '0', '1');
INSERT INTO `tbl_user_info` VALUES ('177', '5', '47', 'Md.Sakur Hossen', '', '', '2017-02-26', '0', '0', '1');
INSERT INTO `tbl_user_info` VALUES ('184', '5', '48', 'Shahriar Ahmed', '', '', '2017-02-26', '0', '0', '1');
INSERT INTO `tbl_user_info` VALUES ('172', '5', '49', 'Zarom Tripura', '224/2/4 Baish Bari, Kazi Para, Mirpur Dhaka', '', '2017-02-25', '0', '0', '1');
INSERT INTO `tbl_user_info` VALUES ('158', '5', '50', 'Arif Mahmud', 'Sector-12, Road-04,House-45,Flat-B-4', 'arif.ryans@gmail.com', '2017-02-25', '0', '0', '1');
INSERT INTO `tbl_user_info` VALUES ('159', '5', '51', 'Mehedi Hasan', '167/1, Wast Sheurapara,Mirpur,Dhaka-1216.', '', '2015-11-01', '0', '0', '1');
INSERT INTO `tbl_user_info` VALUES ('160', '5', '52', 'Akram Hossain', '', '', '2017-02-25', '0', '0', '1');
INSERT INTO `tbl_user_info` VALUES ('161', '5', '53', 'Mahabub Fakir', '536, East Kazipara, Mirpur, Dhaka-1216.', '', '2017-02-25', '0', '0', '1');
INSERT INTO `tbl_user_info` VALUES ('164', '5', '54', 'Md. Abul Khayer', '\"House No-17,Block - A, Ave-1, Section - 11,Mirpur, Dhaka -1216.', 'khair.ryans@gmail.com', '2007-03-01', '0', '0', '1');
INSERT INTO `tbl_user_info` VALUES ('165', '5', '55', 'Enamul Hasan', '782/2, West Kazipara, Kafrul, Mirpur', '', '2007-07-25', '0', '0', '1');
INSERT INTO `tbl_user_info` VALUES ('199', '5', '56', 'Asiul Islam', '', '', '2017-02-26', '0', '0', '1');
INSERT INTO `tbl_user_info` VALUES ('204', '5', '57', 'Ataullah', '', '', '2017-02-26', '0', '0', '1');
INSERT INTO `tbl_user_info` VALUES ('320', '5', '58', 'Farhan Labib Lemon', '', '', '2017-02-26', '0', '0', '1');
INSERT INTO `tbl_user_info` VALUES ('198', '5', '59', 'Khandaker Fuad Hasan', '', '', '2017-02-26', '0', '0', '1');
INSERT INTO `tbl_user_info` VALUES ('206', '5', '60', 'Masum Khan', '', '', '2017-02-26', '0', '0', '1');
INSERT INTO `tbl_user_info` VALUES ('201', '5', '61', 'Md. Abdur Rahim Riyad', '', '', '2017-02-26', '0', '0', '1');
INSERT INTO `tbl_user_info` VALUES ('207', '5', '62', 'Md. Arifur Rahman', '', '', '2017-02-26', '0', '0', '1');
INSERT INTO `tbl_user_info` VALUES ('196', '5', '63', 'Md. Badhon Hossain', '', '', '2017-02-26', '0', '0', '1');
INSERT INTO `tbl_user_info` VALUES ('195', '5', '64', 'Md.Biddut Hossain', '', '', '2017-02-26', '0', '0', '1');
INSERT INTO `tbl_user_info` VALUES ('200', '5', '65', 'Md. Imran Nazir', '', '', '2017-02-26', '0', '0', '1');
INSERT INTO `tbl_user_info` VALUES ('202', '5', '66', 'Md. Mamunur Rahman', '', '', '2017-02-26', '0', '0', '1');
INSERT INTO `tbl_user_info` VALUES ('197', '5', '67', 'Ms.Nupur Akter Tahani', '', '', '2017-02-26', '0', '0', '1');
INSERT INTO `tbl_user_info` VALUES ('203', '5', '68', 'Shamim Ahmed', '', '', '2017-02-26', '0', '0', '1');
INSERT INTO `tbl_user_info` VALUES ('162', '5', '69', 'Limon Hossain', '', '', '2017-02-25', '0', '0', '1');
INSERT INTO `tbl_user_info` VALUES ('230', '5', '70', 'Ali Hossain', '', '', '2017-02-26', '0', '0', '1');
INSERT INTO `tbl_user_info` VALUES ('231', '5', '71', 'Lutfur Rahman Shahin', '', '', '2017-02-26', '0', '0', '1');
INSERT INTO `tbl_user_info` VALUES ('232', '5', '72', 'Md. jahangir Hossen', '', '', '2017-02-26', '0', '0', '1');
INSERT INTO `tbl_user_info` VALUES ('208', '5', '73', 'Md. Mahfus Ali', '', '', '2017-02-26', '0', '0', '1');
INSERT INTO `tbl_user_info` VALUES ('209', '5', '74', 'Tanviruzzaman Tonay', '', '', '2017-02-26', '0', '0', '1');
INSERT INTO `tbl_user_info` VALUES ('210', '5', '75', 'Md. Danial Zaman', '', '', '2017-02-26', '0', '0', '1');
INSERT INTO `tbl_user_info` VALUES ('211', '5', '76', 'Liyad Salem', '', '', '2017-02-26', '0', '0', '1');
INSERT INTO `tbl_user_info` VALUES ('212', '5', '77', 'Md. Kawser Mamun', '', '', '2017-02-26', '0', '0', '1');
INSERT INTO `tbl_user_info` VALUES ('214', '5', '78', 'Md. Moniruzzaman', '', '', '2017-02-26', '0', '0', '1');
INSERT INTO `tbl_user_info` VALUES ('215', '5', '79', 'Md. Asaduzzaman', '', '', '2017-02-26', '0', '0', '1');
INSERT INTO `tbl_user_info` VALUES ('216', '5', '80', 'Md.Enamul Haque', '', '', '2017-02-26', '0', '0', '1');
INSERT INTO `tbl_user_info` VALUES ('217', '5', '81', 'Md. Amirul Islam', '', '', '2017-02-26', '0', '0', '1');
INSERT INTO `tbl_user_info` VALUES ('23', '5', '82', 'Md. Abdul Aual', '', '<aual.ryans@gmail.com', '2017-02-16', '0', '0', '1');
INSERT INTO `tbl_user_info` VALUES ('218', '5', '83', 'Md. Abu Bakar Rony', '', '', '2017-02-26', '0', '0', '1');
INSERT INTO `tbl_user_info` VALUES ('219', '5', '84', 'Shamim Reza', '', '', '2017-02-26', '0', '0', '1');
INSERT INTO `tbl_user_info` VALUES ('220', '5', '85', 'Md.Abu Sufian Rony', '', '', '2017-02-26', '0', '0', '1');
INSERT INTO `tbl_user_info` VALUES ('221', '5', '86', 'Mohammad Mosharef Hossain', '', '', '2017-02-26', '0', '0', '1');
INSERT INTO `tbl_user_info` VALUES ('222', '5', '87', 'Aktaruzzaman', '', '', '2017-02-26', '0', '0', '1');
INSERT INTO `tbl_user_info` VALUES ('223', '5', '88', 'Md. Maruful alam', '', '', '2017-02-26', '0', '0', '1');
INSERT INTO `tbl_user_info` VALUES ('224', '5', '89', 'Md. Shofiqul Islam', '', '', '2017-02-26', '0', '0', '1');
INSERT INTO `tbl_user_info` VALUES ('225', '5', '90', 'Mir Forhad', '', '', '2017-02-26', '0', '0', '1');
INSERT INTO `tbl_user_info` VALUES ('226', '5', '91', 'Al Amin Ahmed', '', '', '2017-02-26', '0', '0', '1');
INSERT INTO `tbl_user_info` VALUES ('227', '5', '92', 'Md. Sumon', '', '', '2017-02-26', '0', '0', '1');
INSERT INTO `tbl_user_info` VALUES ('228', '5', '93', 'Md. Samaun Reza', '', '', '2017-02-26', '0', '0', '1');
INSERT INTO `tbl_user_info` VALUES ('229', '5', '94', 'Aslam', '', '', '2017-02-26', '0', '0', '1');
INSERT INTO `tbl_user_info` VALUES ('233', '5', '95', 'Md. Yusuf', '', '', '2017-02-26', '0', '0', '1');
INSERT INTO `tbl_user_info` VALUES ('234', '5', '96', 'Yunus', '', '', '2017-02-26', '0', '0', '1');
INSERT INTO `tbl_user_info` VALUES ('118', '5', '97', 'Tanzila Akter', '2/4 A west perer bag, Mirpur-1', 'tuli.ryans@gmail.com', '2016-03-09', '0', '0', '1');
INSERT INTO `tbl_user_info` VALUES ('213', '5', '98', 'Z.R.M Zakir', '', '', '2017-02-26', '0', '0', '1');

-- ----------------------------
-- Table structure for `tbl_user_type`
-- ----------------------------
DROP TABLE IF EXISTS `tbl_user_type`;
CREATE TABLE `tbl_user_type` (
  `User_Permission_ID` mediumint(9) NOT NULL AUTO_INCREMENT,
  `User_Permission_Type` varchar(100) NOT NULL,
  `User_Manager` enum('1','0') NOT NULL DEFAULT '0',
  `Holiday` enum('1','0') NOT NULL DEFAULT '0',
  `Company` enum('1','0') NOT NULL DEFAULT '0',
  `Location` enum('1','0') NOT NULL DEFAULT '0',
  `Department` enum('1','0') NOT NULL DEFAULT '0',
  `Report` enum('1','0') NOT NULL DEFAULT '0',
  `All_Report` enum('1','0') NOT NULL DEFAULT '0',
  `Leave_Preapproval` enum('1','0') NOT NULL DEFAULT '0',
  `Leave_Manager` enum('1','0') NOT NULL DEFAULT '0',
  `Hierarchy` enum('0','1') NOT NULL DEFAULT '0',
  `Recruitment_Manager` enum('1','0') NOT NULL DEFAULT '0',
  `Recruitment_Preapproval` enum('1','0') NOT NULL DEFAULT '0',
  `Employee_Manager` enum('1','0') NOT NULL DEFAULT '0',
  `Is_Void` enum('1','0') NOT NULL DEFAULT '0',
  `Is_Processed` enum('1','0') NOT NULL DEFAULT '0',
  `Is_Exist` enum('1','0') NOT NULL DEFAULT '1',
  PRIMARY KEY (`User_Permission_ID`)
) ENGINE=MyISAM AUTO_INCREMENT=7 DEFAULT CHARSET=utf8;

-- ----------------------------
-- Records of tbl_user_type
-- ----------------------------
INSERT INTO `tbl_user_type` VALUES ('1', 'Super Administrator', '1', '1', '1', '1', '1', '1', '1', '1', '1', '1', '1', '1', '0', '0', '0', '1');
INSERT INTO `tbl_user_type` VALUES ('2', 'Administrator', '1', '1', '1', '1', '1', '1', '1', '0', '1', '1', '1', '', '1', '0', '0', '1');
INSERT INTO `tbl_user_type` VALUES ('3', 'Admin Operator', '0', '0', '0', '0', '0', '1', '1', '1', '1', '0', '1', '1', '0', '0', '0', '1');
INSERT INTO `tbl_user_type` VALUES ('4', 'Manager', '1', '1', '1', '0', '1', '1', '1', '1', '1', '1', '1', '1', '0', '0', '0', '1');
INSERT INTO `tbl_user_type` VALUES ('5', 'User', '0', '0', '0', '0', '0', '1', '0', '0', '0', '0', '0', '0', '0', '0', '0', '1');
INSERT INTO `tbl_user_type` VALUES ('6', 'Supervisor', '0', '0', '0', '0', '0', '1', '0', '1', '0', '0', '0', '0', '0', '0', '0', '1');

-- ----------------------------
-- Table structure for `tbl_work_days`
-- ----------------------------
DROP TABLE IF EXISTS `tbl_work_days`;
CREATE TABLE `tbl_work_days` (
  `F_Employee_ID` int(9) NOT NULL,
  `F_User_ID` mediumint(9) NOT NULL DEFAULT '0',
  `Sun` enum('1','0') NOT NULL DEFAULT '0',
  `Mon` enum('1','0') NOT NULL DEFAULT '0',
  `Tue` enum('1','0') NOT NULL DEFAULT '0',
  `Wed` enum('1','0') NOT NULL DEFAULT '0',
  `Thu` enum('1','0') NOT NULL DEFAULT '0',
  `Fri` enum('1','0') NOT NULL DEFAULT '0',
  `Sat` enum('1','0') NOT NULL DEFAULT '0',
  PRIMARY KEY (`F_Employee_ID`)
) ENGINE=MyISAM DEFAULT CHARSET=utf8;

-- ----------------------------
-- Records of tbl_work_days
-- ----------------------------
INSERT INTO `tbl_work_days` VALUES ('0', '1', '1', '1', '1', '1', '1', '0', '1');
INSERT INTO `tbl_work_days` VALUES ('1', '0', '1', '1', '1', '1', '1', '0', '1');
INSERT INTO `tbl_work_days` VALUES ('2', '0', '1', '1', '1', '1', '1', '0', '1');
INSERT INTO `tbl_work_days` VALUES ('3', '0', '1', '1', '1', '1', '1', '0', '1');
INSERT INTO `tbl_work_days` VALUES ('4', '0', '1', '1', '1', '1', '1', '0', '1');
INSERT INTO `tbl_work_days` VALUES ('5', '0', '1', '1', '1', '1', '1', '0', '1');
INSERT INTO `tbl_work_days` VALUES ('6', '0', '1', '1', '1', '1', '1', '0', '1');
INSERT INTO `tbl_work_days` VALUES ('7', '0', '1', '1', '1', '1', '1', '0', '1');
INSERT INTO `tbl_work_days` VALUES ('8', '0', '1', '1', '1', '1', '1', '0', '1');
INSERT INTO `tbl_work_days` VALUES ('9', '0', '1', '1', '1', '1', '1', '0', '1');
INSERT INTO `tbl_work_days` VALUES ('10', '0', '1', '1', '1', '1', '1', '0', '1');
INSERT INTO `tbl_work_days` VALUES ('11', '0', '1', '1', '1', '1', '1', '0', '1');
INSERT INTO `tbl_work_days` VALUES ('12', '0', '1', '1', '1', '1', '1', '0', '1');
INSERT INTO `tbl_work_days` VALUES ('13', '0', '1', '1', '1', '1', '1', '0', '1');
INSERT INTO `tbl_work_days` VALUES ('14', '0', '0', '1', '1', '1', '1', '1', '1');
INSERT INTO `tbl_work_days` VALUES ('15', '0', '1', '1', '1', '1', '1', '0', '1');
INSERT INTO `tbl_work_days` VALUES ('16', '0', '1', '1', '1', '1', '1', '0', '1');
INSERT INTO `tbl_work_days` VALUES ('17', '0', '1', '1', '1', '1', '1', '0', '1');
INSERT INTO `tbl_work_days` VALUES ('18', '0', '1', '1', '1', '1', '1', '0', '1');
INSERT INTO `tbl_work_days` VALUES ('19', '0', '1', '1', '1', '1', '1', '0', '1');
INSERT INTO `tbl_work_days` VALUES ('20', '0', '0', '1', '1', '1', '1', '1', '1');
INSERT INTO `tbl_work_days` VALUES ('21', '0', '1', '1', '1', '1', '1', '0', '1');
INSERT INTO `tbl_work_days` VALUES ('22', '0', '1', '1', '1', '1', '1', '0', '1');
INSERT INTO `tbl_work_days` VALUES ('23', '0', '1', '1', '1', '1', '1', '0', '1');
INSERT INTO `tbl_work_days` VALUES ('24', '0', '1', '1', '1', '1', '1', '0', '1');
INSERT INTO `tbl_work_days` VALUES ('25', '0', '1', '1', '1', '1', '1', '0', '1');
INSERT INTO `tbl_work_days` VALUES ('26', '0', '1', '1', '1', '1', '1', '0', '1');
INSERT INTO `tbl_work_days` VALUES ('27', '0', '1', '1', '1', '1', '1', '0', '1');
INSERT INTO `tbl_work_days` VALUES ('28', '0', '1', '1', '1', '1', '1', '0', '1');
INSERT INTO `tbl_work_days` VALUES ('29', '0', '1', '1', '1', '1', '1', '0', '1');
INSERT INTO `tbl_work_days` VALUES ('30', '0', '1', '1', '1', '1', '1', '0', '1');
INSERT INTO `tbl_work_days` VALUES ('31', '0', '1', '1', '1', '1', '1', '0', '1');
INSERT INTO `tbl_work_days` VALUES ('32', '0', '1', '1', '1', '1', '1', '0', '1');
INSERT INTO `tbl_work_days` VALUES ('33', '0', '1', '1', '1', '1', '1', '0', '1');
INSERT INTO `tbl_work_days` VALUES ('34', '0', '1', '1', '1', '1', '1', '0', '1');
INSERT INTO `tbl_work_days` VALUES ('35', '0', '1', '1', '1', '1', '1', '0', '1');
INSERT INTO `tbl_work_days` VALUES ('36', '0', '1', '1', '1', '1', '1', '0', '1');
INSERT INTO `tbl_work_days` VALUES ('37', '0', '1', '1', '1', '1', '1', '0', '1');
INSERT INTO `tbl_work_days` VALUES ('38', '0', '1', '1', '1', '1', '1', '0', '1');
INSERT INTO `tbl_work_days` VALUES ('39', '0', '1', '1', '1', '1', '1', '0', '1');
INSERT INTO `tbl_work_days` VALUES ('40', '0', '1', '1', '1', '1', '0', '1', '1');
INSERT INTO `tbl_work_days` VALUES ('41', '0', '1', '1', '1', '1', '0', '1', '1');
INSERT INTO `tbl_work_days` VALUES ('42', '0', '1', '1', '1', '1', '0', '1', '1');
INSERT INTO `tbl_work_days` VALUES ('43', '0', '1', '1', '1', '1', '0', '1', '1');
INSERT INTO `tbl_work_days` VALUES ('44', '0', '1', '1', '1', '1', '0', '1', '1');
INSERT INTO `tbl_work_days` VALUES ('45', '0', '1', '1', '1', '1', '0', '1', '1');
INSERT INTO `tbl_work_days` VALUES ('46', '0', '1', '1', '1', '1', '0', '1', '1');
INSERT INTO `tbl_work_days` VALUES ('47', '0', '1', '1', '1', '1', '0', '1', '1');
INSERT INTO `tbl_work_days` VALUES ('48', '0', '1', '1', '1', '0', '0', '1', '1');
INSERT INTO `tbl_work_days` VALUES ('49', '0', '1', '1', '1', '1', '0', '1', '1');
INSERT INTO `tbl_work_days` VALUES ('50', '0', '1', '1', '1', '1', '0', '1', '1');
INSERT INTO `tbl_work_days` VALUES ('51', '0', '1', '1', '1', '0', '1', '1', '1');
INSERT INTO `tbl_work_days` VALUES ('52', '0', '1', '1', '1', '1', '0', '1', '1');
INSERT INTO `tbl_work_days` VALUES ('53', '0', '0', '1', '1', '1', '1', '1', '1');
INSERT INTO `tbl_work_days` VALUES ('54', '0', '1', '1', '0', '1', '1', '1', '1');
INSERT INTO `tbl_work_days` VALUES ('55', '0', '1', '0', '1', '1', '1', '1', '1');
INSERT INTO `tbl_work_days` VALUES ('56', '0', '1', '1', '1', '1', '1', '1', '0');
INSERT INTO `tbl_work_days` VALUES ('57', '0', '1', '1', '1', '1', '1', '1', '1');
INSERT INTO `tbl_work_days` VALUES ('58', '0', '1', '1', '1', '1', '1', '1', '1');
INSERT INTO `tbl_work_days` VALUES ('59', '0', '1', '1', '1', '1', '1', '1', '1');
INSERT INTO `tbl_work_days` VALUES ('60', '0', '1', '1', '1', '1', '1', '1', '1');
INSERT INTO `tbl_work_days` VALUES ('61', '0', '1', '1', '1', '1', '1', '1', '1');
INSERT INTO `tbl_work_days` VALUES ('62', '0', '1', '1', '1', '1', '1', '0', '1');
INSERT INTO `tbl_work_days` VALUES ('63', '0', '1', '1', '1', '1', '1', '0', '1');
INSERT INTO `tbl_work_days` VALUES ('64', '0', '1', '1', '1', '0', '1', '0', '1');
INSERT INTO `tbl_work_days` VALUES ('65', '0', '1', '1', '0', '1', '0', '0', '1');
INSERT INTO `tbl_work_days` VALUES ('66', '0', '1', '1', '1', '1', '1', '0', '1');
INSERT INTO `tbl_work_days` VALUES ('67', '0', '1', '1', '1', '1', '1', '0', '1');
INSERT INTO `tbl_work_days` VALUES ('68', '0', '1', '1', '1', '1', '1', '0', '1');
INSERT INTO `tbl_work_days` VALUES ('69', '0', '1', '1', '1', '1', '1', '0', '1');
INSERT INTO `tbl_work_days` VALUES ('70', '0', '1', '1', '1', '1', '1', '0', '0');
INSERT INTO `tbl_work_days` VALUES ('71', '0', '1', '1', '1', '1', '1', '0', '1');
INSERT INTO `tbl_work_days` VALUES ('72', '0', '1', '1', '1', '1', '1', '0', '1');
INSERT INTO `tbl_work_days` VALUES ('73', '0', '1', '1', '1', '1', '0', '0', '1');
INSERT INTO `tbl_work_days` VALUES ('74', '0', '1', '1', '1', '1', '1', '0', '1');
INSERT INTO `tbl_work_days` VALUES ('75', '0', '1', '1', '1', '1', '1', '0', '1');
INSERT INTO `tbl_work_days` VALUES ('76', '0', '1', '1', '1', '1', '1', '0', '1');
INSERT INTO `tbl_work_days` VALUES ('77', '0', '1', '1', '1', '1', '1', '0', '1');
INSERT INTO `tbl_work_days` VALUES ('78', '0', '1', '1', '1', '1', '1', '0', '0');
INSERT INTO `tbl_work_days` VALUES ('79', '0', '1', '1', '1', '1', '1', '0', '1');
INSERT INTO `tbl_work_days` VALUES ('80', '0', '1', '1', '1', '1', '0', '0', '1');
INSERT INTO `tbl_work_days` VALUES ('81', '0', '1', '1', '1', '1', '1', '0', '1');
INSERT INTO `tbl_work_days` VALUES ('82', '0', '1', '1', '1', '1', '0', '1', '1');
INSERT INTO `tbl_work_days` VALUES ('83', '0', '1', '1', '1', '1', '0', '1', '1');
INSERT INTO `tbl_work_days` VALUES ('84', '0', '1', '1', '1', '1', '0', '1', '1');
INSERT INTO `tbl_work_days` VALUES ('85', '0', '1', '1', '1', '1', '0', '1', '1');
INSERT INTO `tbl_work_days` VALUES ('86', '0', '1', '1', '1', '1', '0', '1', '1');
INSERT INTO `tbl_work_days` VALUES ('87', '0', '1', '1', '1', '1', '0', '1', '1');
INSERT INTO `tbl_work_days` VALUES ('88', '0', '1', '1', '1', '1', '0', '1', '1');
INSERT INTO `tbl_work_days` VALUES ('89', '0', '1', '1', '1', '1', '1', '0', '1');
INSERT INTO `tbl_work_days` VALUES ('90', '0', '1', '1', '1', '1', '1', '0', '1');
INSERT INTO `tbl_work_days` VALUES ('91', '0', '1', '1', '1', '1', '1', '0', '1');
INSERT INTO `tbl_work_days` VALUES ('92', '0', '1', '1', '1', '1', '0', '1', '1');
INSERT INTO `tbl_work_days` VALUES ('93', '0', '1', '1', '1', '1', '1', '0', '1');
INSERT INTO `tbl_work_days` VALUES ('94', '0', '1', '1', '0', '1', '1', '1', '1');
INSERT INTO `tbl_work_days` VALUES ('95', '0', '1', '1', '1', '1', '1', '0', '1');
INSERT INTO `tbl_work_days` VALUES ('96', '0', '1', '1', '0', '1', '1', '1', '1');
INSERT INTO `tbl_work_days` VALUES ('97', '0', '1', '1', '0', '1', '1', '1', '1');
INSERT INTO `tbl_work_days` VALUES ('98', '0', '1', '1', '0', '1', '1', '1', '0');
INSERT INTO `tbl_work_days` VALUES ('99', '0', '1', '1', '0', '1', '1', '1', '1');
INSERT INTO `tbl_work_days` VALUES ('100', '0', '1', '1', '0', '1', '1', '1', '1');
INSERT INTO `tbl_work_days` VALUES ('101', '0', '1', '1', '0', '1', '1', '1', '1');
INSERT INTO `tbl_work_days` VALUES ('102', '0', '1', '1', '0', '1', '1', '1', '1');
INSERT INTO `tbl_work_days` VALUES ('103', '0', '1', '1', '1', '1', '0', '1', '1');
INSERT INTO `tbl_work_days` VALUES ('104', '0', '0', '1', '1', '1', '1', '1', '1');
INSERT INTO `tbl_work_days` VALUES ('105', '0', '1', '1', '1', '1', '1', '1', '0');
INSERT INTO `tbl_work_days` VALUES ('106', '0', '1', '1', '1', '1', '1', '1', '0');
INSERT INTO `tbl_work_days` VALUES ('107', '0', '1', '1', '1', '0', '1', '1', '1');
INSERT INTO `tbl_work_days` VALUES ('108', '0', '0', '1', '1', '1', '1', '1', '1');
INSERT INTO `tbl_work_days` VALUES ('109', '0', '1', '1', '0', '1', '1', '0', '1');
INSERT INTO `tbl_work_days` VALUES ('110', '0', '1', '1', '1', '1', '1', '1', '0');
INSERT INTO `tbl_work_days` VALUES ('111', '0', '1', '1', '1', '0', '1', '1', '1');
INSERT INTO `tbl_work_days` VALUES ('112', '0', '1', '1', '1', '1', '0', '1', '1');
INSERT INTO `tbl_work_days` VALUES ('113', '0', '1', '1', '1', '1', '1', '1', '1');
INSERT INTO `tbl_work_days` VALUES ('114', '0', '0', '1', '1', '1', '1', '1', '1');
INSERT INTO `tbl_work_days` VALUES ('115', '0', '0', '0', '0', '0', '0', '0', '0');
INSERT INTO `tbl_work_days` VALUES ('116', '0', '1', '1', '1', '1', '1', '1', '1');
INSERT INTO `tbl_work_days` VALUES ('117', '0', '1', '1', '1', '1', '1', '0', '1');
INSERT INTO `tbl_work_days` VALUES ('118', '0', '1', '1', '1', '1', '1', '0', '1');
INSERT INTO `tbl_work_days` VALUES ('119', '0', '1', '1', '1', '1', '1', '1', '1');
INSERT INTO `tbl_work_days` VALUES ('120', '0', '0', '1', '1', '1', '1', '1', '1');
INSERT INTO `tbl_work_days` VALUES ('121', '0', '0', '1', '1', '1', '1', '1', '1');
INSERT INTO `tbl_work_days` VALUES ('122', '0', '0', '1', '1', '1', '1', '1', '1');
INSERT INTO `tbl_work_days` VALUES ('123', '0', '0', '1', '1', '1', '1', '1', '1');
INSERT INTO `tbl_work_days` VALUES ('124', '0', '0', '1', '1', '1', '1', '1', '1');
INSERT INTO `tbl_work_days` VALUES ('125', '0', '0', '1', '1', '1', '1', '1', '1');
INSERT INTO `tbl_work_days` VALUES ('126', '0', '0', '1', '1', '1', '1', '1', '1');
INSERT INTO `tbl_work_days` VALUES ('127', '0', '0', '1', '1', '1', '1', '1', '1');
INSERT INTO `tbl_work_days` VALUES ('128', '0', '0', '1', '1', '1', '1', '1', '1');
INSERT INTO `tbl_work_days` VALUES ('129', '0', '0', '1', '1', '1', '1', '1', '1');
INSERT INTO `tbl_work_days` VALUES ('130', '0', '0', '1', '1', '1', '1', '1', '1');
INSERT INTO `tbl_work_days` VALUES ('131', '0', '0', '1', '1', '1', '1', '1', '1');
INSERT INTO `tbl_work_days` VALUES ('132', '0', '0', '1', '1', '1', '1', '1', '1');
INSERT INTO `tbl_work_days` VALUES ('133', '0', '0', '1', '1', '1', '1', '1', '1');
INSERT INTO `tbl_work_days` VALUES ('134', '0', '0', '1', '1', '1', '1', '1', '1');
INSERT INTO `tbl_work_days` VALUES ('135', '0', '1', '1', '1', '1', '1', '0', '1');
INSERT INTO `tbl_work_days` VALUES ('136', '0', '0', '1', '1', '1', '1', '1', '1');
INSERT INTO `tbl_work_days` VALUES ('137', '0', '0', '1', '1', '1', '1', '1', '1');
INSERT INTO `tbl_work_days` VALUES ('138', '0', '1', '1', '1', '1', '1', '0', '1');
INSERT INTO `tbl_work_days` VALUES ('139', '0', '0', '1', '1', '1', '1', '1', '1');
INSERT INTO `tbl_work_days` VALUES ('140', '0', '1', '1', '1', '1', '1', '0', '1');
INSERT INTO `tbl_work_days` VALUES ('141', '0', '0', '1', '1', '1', '1', '1', '1');
INSERT INTO `tbl_work_days` VALUES ('142', '0', '0', '1', '1', '1', '1', '1', '1');
INSERT INTO `tbl_work_days` VALUES ('143', '0', '0', '1', '1', '1', '1', '1', '1');
INSERT INTO `tbl_work_days` VALUES ('144', '0', '0', '1', '1', '1', '1', '1', '1');
INSERT INTO `tbl_work_days` VALUES ('145', '0', '0', '1', '1', '1', '1', '1', '1');
INSERT INTO `tbl_work_days` VALUES ('146', '0', '0', '1', '1', '1', '1', '1', '1');
INSERT INTO `tbl_work_days` VALUES ('147', '0', '0', '1', '1', '1', '1', '1', '1');
INSERT INTO `tbl_work_days` VALUES ('148', '0', '0', '1', '1', '1', '1', '1', '1');
INSERT INTO `tbl_work_days` VALUES ('149', '0', '0', '1', '1', '1', '1', '1', '1');
INSERT INTO `tbl_work_days` VALUES ('150', '0', '0', '1', '1', '1', '1', '1', '1');
INSERT INTO `tbl_work_days` VALUES ('151', '0', '0', '1', '1', '1', '1', '1', '1');
INSERT INTO `tbl_work_days` VALUES ('152', '0', '0', '1', '1', '1', '1', '1', '1');
INSERT INTO `tbl_work_days` VALUES ('153', '0', '1', '1', '0', '1', '1', '1', '1');
INSERT INTO `tbl_work_days` VALUES ('154', '0', '1', '1', '1', '1', '1', '1', '0');
INSERT INTO `tbl_work_days` VALUES ('155', '0', '1', '1', '1', '1', '1', '0', '1');
INSERT INTO `tbl_work_days` VALUES ('156', '0', '1', '1', '1', '1', '1', '0', '1');
INSERT INTO `tbl_work_days` VALUES ('157', '0', '1', '1', '1', '1', '1', '0', '1');
INSERT INTO `tbl_work_days` VALUES ('158', '0', '1', '1', '1', '1', '1', '0', '1');
INSERT INTO `tbl_work_days` VALUES ('159', '0', '1', '0', '1', '1', '1', '1', '1');
INSERT INTO `tbl_work_days` VALUES ('160', '0', '1', '1', '1', '1', '1', '1', '0');
INSERT INTO `tbl_work_days` VALUES ('161', '0', '1', '1', '1', '1', '1', '0', '1');
INSERT INTO `tbl_work_days` VALUES ('162', '0', '1', '1', '1', '1', '1', '0', '1');
INSERT INTO `tbl_work_days` VALUES ('163', '0', '1', '1', '1', '1', '1', '0', '1');
INSERT INTO `tbl_work_days` VALUES ('164', '0', '1', '1', '1', '1', '1', '0', '0');
INSERT INTO `tbl_work_days` VALUES ('165', '0', '1', '1', '1', '1', '1', '0', '1');
INSERT INTO `tbl_work_days` VALUES ('166', '0', '1', '1', '1', '1', '1', '1', '0');
INSERT INTO `tbl_work_days` VALUES ('167', '0', '1', '1', '1', '1', '1', '0', '1');
INSERT INTO `tbl_work_days` VALUES ('168', '0', '0', '1', '1', '1', '1', '1', '1');
INSERT INTO `tbl_work_days` VALUES ('169', '0', '0', '1', '1', '1', '1', '1', '1');
INSERT INTO `tbl_work_days` VALUES ('170', '0', '0', '1', '1', '1', '1', '1', '1');
INSERT INTO `tbl_work_days` VALUES ('171', '0', '0', '1', '1', '1', '1', '1', '1');
INSERT INTO `tbl_work_days` VALUES ('172', '0', '1', '1', '0', '1', '1', '1', '1');
INSERT INTO `tbl_work_days` VALUES ('173', '0', '1', '1', '0', '1', '1', '1', '1');
INSERT INTO `tbl_work_days` VALUES ('174', '0', '1', '1', '1', '1', '1', '1', '1');
INSERT INTO `tbl_work_days` VALUES ('175', '0', '1', '1', '1', '1', '0', '1', '1');
INSERT INTO `tbl_work_days` VALUES ('176', '0', '1', '1', '0', '1', '1', '1', '1');
INSERT INTO `tbl_work_days` VALUES ('177', '0', '1', '1', '1', '1', '0', '1', '1');
INSERT INTO `tbl_work_days` VALUES ('178', '0', '1', '1', '1', '0', '1', '1', '1');
INSERT INTO `tbl_work_days` VALUES ('179', '0', '1', '1', '1', '1', '1', '0', '1');
INSERT INTO `tbl_work_days` VALUES ('180', '0', '1', '1', '1', '0', '1', '1', '1');
INSERT INTO `tbl_work_days` VALUES ('181', '0', '1', '1', '1', '1', '0', '1', '1');
INSERT INTO `tbl_work_days` VALUES ('182', '0', '1', '1', '1', '0', '1', '1', '1');
INSERT INTO `tbl_work_days` VALUES ('183', '0', '1', '1', '0', '1', '1', '1', '1');
INSERT INTO `tbl_work_days` VALUES ('184', '0', '1', '0', '1', '1', '1', '1', '1');
INSERT INTO `tbl_work_days` VALUES ('185', '0', '1', '1', '0', '1', '1', '1', '1');
INSERT INTO `tbl_work_days` VALUES ('186', '0', '1', '0', '1', '1', '1', '1', '0');
INSERT INTO `tbl_work_days` VALUES ('187', '0', '1', '0', '1', '1', '1', '1', '1');
INSERT INTO `tbl_work_days` VALUES ('188', '0', '1', '1', '1', '1', '0', '1', '1');
INSERT INTO `tbl_work_days` VALUES ('189', '0', '1', '1', '1', '1', '1', '1', '0');
INSERT INTO `tbl_work_days` VALUES ('190', '0', '1', '1', '1', '1', '1', '1', '0');
INSERT INTO `tbl_work_days` VALUES ('191', '0', '1', '1', '1', '0', '1', '1', '1');
INSERT INTO `tbl_work_days` VALUES ('192', '0', '1', '1', '1', '1', '0', '1', '1');
INSERT INTO `tbl_work_days` VALUES ('193', '0', '1', '1', '1', '1', '1', '1', '0');
INSERT INTO `tbl_work_days` VALUES ('194', '0', '1', '1', '1', '1', '0', '1', '1');
INSERT INTO `tbl_work_days` VALUES ('195', '0', '0', '1', '1', '1', '1', '1', '1');
INSERT INTO `tbl_work_days` VALUES ('196', '0', '1', '1', '1', '1', '1', '0', '1');
INSERT INTO `tbl_work_days` VALUES ('197', '0', '1', '1', '1', '1', '1', '0', '1');
INSERT INTO `tbl_work_days` VALUES ('198', '0', '1', '1', '1', '0', '1', '1', '1');
INSERT INTO `tbl_work_days` VALUES ('199', '0', '1', '1', '1', '1', '1', '1', '0');
INSERT INTO `tbl_work_days` VALUES ('200', '0', '1', '1', '1', '1', '1', '1', '1');
INSERT INTO `tbl_work_days` VALUES ('201', '0', '1', '1', '1', '0', '1', '1', '1');
INSERT INTO `tbl_work_days` VALUES ('202', '0', '0', '1', '1', '1', '1', '1', '1');
INSERT INTO `tbl_work_days` VALUES ('203', '0', '1', '1', '1', '0', '1', '1', '1');
INSERT INTO `tbl_work_days` VALUES ('204', '0', '1', '0', '1', '1', '1', '1', '1');
INSERT INTO `tbl_work_days` VALUES ('205', '0', '1', '1', '1', '1', '1', '1', '1');
INSERT INTO `tbl_work_days` VALUES ('206', '0', '1', '1', '1', '1', '0', '1', '1');
INSERT INTO `tbl_work_days` VALUES ('207', '0', '1', '1', '0', '1', '1', '1', '1');
INSERT INTO `tbl_work_days` VALUES ('208', '0', '1', '1', '1', '1', '1', '1', '1');
INSERT INTO `tbl_work_days` VALUES ('209', '0', '1', '1', '1', '1', '1', '1', '1');
INSERT INTO `tbl_work_days` VALUES ('210', '0', '1', '1', '1', '1', '1', '1', '1');
INSERT INTO `tbl_work_days` VALUES ('211', '0', '1', '1', '1', '1', '1', '1', '1');
INSERT INTO `tbl_work_days` VALUES ('212', '0', '1', '1', '1', '1', '1', '1', '1');
INSERT INTO `tbl_work_days` VALUES ('213', '0', '1', '1', '1', '1', '1', '1', '1');
INSERT INTO `tbl_work_days` VALUES ('214', '0', '1', '1', '1', '1', '1', '1', '1');
INSERT INTO `tbl_work_days` VALUES ('215', '0', '1', '1', '1', '1', '1', '1', '1');
INSERT INTO `tbl_work_days` VALUES ('216', '0', '1', '1', '1', '1', '1', '1', '1');
INSERT INTO `tbl_work_days` VALUES ('217', '0', '1', '1', '1', '1', '1', '1', '1');
INSERT INTO `tbl_work_days` VALUES ('218', '0', '1', '1', '1', '1', '1', '1', '1');
INSERT INTO `tbl_work_days` VALUES ('219', '0', '1', '1', '1', '1', '1', '1', '1');
INSERT INTO `tbl_work_days` VALUES ('220', '0', '1', '1', '1', '1', '1', '1', '1');
INSERT INTO `tbl_work_days` VALUES ('221', '0', '1', '1', '1', '1', '1', '1', '1');
INSERT INTO `tbl_work_days` VALUES ('222', '0', '1', '1', '1', '1', '1', '1', '1');
INSERT INTO `tbl_work_days` VALUES ('223', '0', '1', '1', '1', '1', '1', '1', '1');
INSERT INTO `tbl_work_days` VALUES ('224', '0', '1', '1', '1', '1', '1', '1', '1');
INSERT INTO `tbl_work_days` VALUES ('225', '0', '0', '0', '0', '0', '0', '0', '0');
INSERT INTO `tbl_work_days` VALUES ('226', '0', '0', '0', '0', '0', '0', '0', '0');
INSERT INTO `tbl_work_days` VALUES ('227', '0', '0', '0', '0', '0', '0', '0', '0');
INSERT INTO `tbl_work_days` VALUES ('228', '0', '0', '0', '0', '0', '0', '0', '0');
INSERT INTO `tbl_work_days` VALUES ('229', '0', '0', '0', '0', '1', '1', '1', '1');
INSERT INTO `tbl_work_days` VALUES ('230', '0', '1', '1', '1', '1', '1', '0', '1');
INSERT INTO `tbl_work_days` VALUES ('231', '0', '0', '0', '0', '0', '0', '0', '0');
INSERT INTO `tbl_work_days` VALUES ('232', '0', '0', '0', '0', '0', '0', '0', '0');
INSERT INTO `tbl_work_days` VALUES ('233', '0', '1', '1', '1', '1', '1', '0', '1');
INSERT INTO `tbl_work_days` VALUES ('234', '0', '1', '1', '1', '1', '1', '0', '1');
INSERT INTO `tbl_work_days` VALUES ('235', '0', '1', '1', '1', '1', '1', '0', '1');
INSERT INTO `tbl_work_days` VALUES ('236', '0', '0', '1', '1', '1', '1', '1', '1');
INSERT INTO `tbl_work_days` VALUES ('237', '0', '0', '1', '1', '1', '1', '1', '1');
INSERT INTO `tbl_work_days` VALUES ('238', '0', '0', '1', '1', '1', '1', '1', '1');
INSERT INTO `tbl_work_days` VALUES ('239', '0', '0', '1', '1', '1', '1', '1', '1');
INSERT INTO `tbl_work_days` VALUES ('240', '0', '0', '1', '1', '1', '1', '1', '1');
INSERT INTO `tbl_work_days` VALUES ('241', '0', '0', '1', '1', '1', '1', '1', '1');
INSERT INTO `tbl_work_days` VALUES ('242', '0', '0', '1', '1', '1', '1', '1', '1');
INSERT INTO `tbl_work_days` VALUES ('243', '0', '0', '1', '1', '1', '1', '1', '1');
INSERT INTO `tbl_work_days` VALUES ('244', '0', '0', '1', '1', '1', '1', '1', '1');
INSERT INTO `tbl_work_days` VALUES ('245', '0', '0', '1', '1', '1', '1', '1', '1');
INSERT INTO `tbl_work_days` VALUES ('246', '0', '0', '1', '1', '1', '1', '1', '1');
INSERT INTO `tbl_work_days` VALUES ('247', '0', '0', '1', '1', '1', '1', '1', '1');
INSERT INTO `tbl_work_days` VALUES ('248', '0', '0', '1', '1', '1', '1', '1', '1');
INSERT INTO `tbl_work_days` VALUES ('249', '0', '0', '1', '1', '1', '1', '1', '1');
INSERT INTO `tbl_work_days` VALUES ('250', '0', '0', '1', '1', '1', '1', '1', '1');
INSERT INTO `tbl_work_days` VALUES ('251', '0', '0', '1', '1', '1', '1', '1', '1');
INSERT INTO `tbl_work_days` VALUES ('252', '0', '0', '1', '1', '1', '1', '1', '1');
INSERT INTO `tbl_work_days` VALUES ('253', '0', '0', '1', '1', '1', '1', '1', '1');
INSERT INTO `tbl_work_days` VALUES ('254', '0', '0', '1', '1', '1', '1', '1', '1');
INSERT INTO `tbl_work_days` VALUES ('255', '0', '0', '1', '1', '1', '1', '1', '1');
INSERT INTO `tbl_work_days` VALUES ('256', '0', '0', '1', '1', '1', '1', '1', '1');
INSERT INTO `tbl_work_days` VALUES ('257', '0', '0', '1', '1', '1', '1', '1', '1');
INSERT INTO `tbl_work_days` VALUES ('258', '0', '0', '1', '1', '1', '1', '1', '1');
INSERT INTO `tbl_work_days` VALUES ('259', '0', '0', '1', '1', '1', '1', '1', '1');
INSERT INTO `tbl_work_days` VALUES ('260', '0', '0', '1', '1', '1', '1', '1', '1');
INSERT INTO `tbl_work_days` VALUES ('261', '0', '0', '1', '1', '1', '1', '1', '1');
INSERT INTO `tbl_work_days` VALUES ('262', '0', '0', '1', '1', '1', '1', '1', '1');
INSERT INTO `tbl_work_days` VALUES ('263', '0', '1', '1', '1', '1', '1', '1', '1');
INSERT INTO `tbl_work_days` VALUES ('264', '0', '1', '1', '1', '1', '1', '1', '1');
INSERT INTO `tbl_work_days` VALUES ('265', '0', '0', '1', '1', '1', '1', '1', '1');
INSERT INTO `tbl_work_days` VALUES ('266', '0', '1', '1', '1', '1', '1', '1', '1');
INSERT INTO `tbl_work_days` VALUES ('267', '0', '1', '1', '1', '1', '1', '1', '1');
INSERT INTO `tbl_work_days` VALUES ('268', '0', '1', '1', '1', '1', '1', '1', '1');
INSERT INTO `tbl_work_days` VALUES ('269', '0', '0', '0', '0', '0', '0', '0', '0');
INSERT INTO `tbl_work_days` VALUES ('270', '0', '1', '1', '1', '1', '1', '0', '1');
INSERT INTO `tbl_work_days` VALUES ('271', '0', '0', '0', '0', '0', '0', '0', '0');
INSERT INTO `tbl_work_days` VALUES ('272', '0', '0', '0', '0', '0', '0', '0', '0');
INSERT INTO `tbl_work_days` VALUES ('273', '0', '0', '1', '1', '1', '1', '1', '1');
INSERT INTO `tbl_work_days` VALUES ('274', '0', '0', '1', '1', '1', '1', '1', '1');
INSERT INTO `tbl_work_days` VALUES ('275', '0', '0', '1', '1', '1', '1', '1', '1');
INSERT INTO `tbl_work_days` VALUES ('276', '0', '0', '1', '1', '1', '1', '1', '1');
INSERT INTO `tbl_work_days` VALUES ('277', '0', '0', '1', '1', '1', '1', '1', '1');
INSERT INTO `tbl_work_days` VALUES ('278', '0', '0', '1', '1', '1', '1', '1', '1');
INSERT INTO `tbl_work_days` VALUES ('279', '0', '0', '1', '1', '1', '1', '1', '1');
INSERT INTO `tbl_work_days` VALUES ('280', '0', '0', '1', '1', '1', '1', '1', '1');
INSERT INTO `tbl_work_days` VALUES ('281', '0', '0', '0', '0', '0', '0', '0', '0');
INSERT INTO `tbl_work_days` VALUES ('282', '0', '0', '0', '0', '0', '0', '0', '0');
INSERT INTO `tbl_work_days` VALUES ('283', '0', '0', '1', '1', '1', '1', '1', '1');
INSERT INTO `tbl_work_days` VALUES ('284', '0', '0', '1', '1', '1', '1', '1', '1');
INSERT INTO `tbl_work_days` VALUES ('285', '0', '1', '1', '1', '1', '1', '1', '1');
INSERT INTO `tbl_work_days` VALUES ('286', '0', '0', '1', '1', '1', '1', '1', '1');
INSERT INTO `tbl_work_days` VALUES ('287', '0', '0', '1', '1', '1', '1', '1', '1');
INSERT INTO `tbl_work_days` VALUES ('288', '0', '0', '0', '0', '0', '0', '0', '0');
INSERT INTO `tbl_work_days` VALUES ('289', '0', '0', '0', '0', '0', '0', '0', '0');
INSERT INTO `tbl_work_days` VALUES ('290', '0', '0', '0', '0', '0', '0', '0', '0');
INSERT INTO `tbl_work_days` VALUES ('291', '0', '0', '1', '1', '1', '1', '1', '1');
INSERT INTO `tbl_work_days` VALUES ('292', '0', '0', '0', '0', '0', '0', '0', '0');
INSERT INTO `tbl_work_days` VALUES ('293', '0', '0', '0', '0', '0', '0', '0', '0');
INSERT INTO `tbl_work_days` VALUES ('294', '0', '0', '1', '1', '1', '1', '1', '0');
INSERT INTO `tbl_work_days` VALUES ('295', '0', '0', '0', '0', '0', '0', '0', '0');
INSERT INTO `tbl_work_days` VALUES ('296', '0', '0', '0', '0', '0', '0', '0', '0');
INSERT INTO `tbl_work_days` VALUES ('297', '0', '0', '1', '1', '1', '1', '1', '1');
INSERT INTO `tbl_work_days` VALUES ('298', '0', '0', '1', '1', '1', '1', '1', '1');
INSERT INTO `tbl_work_days` VALUES ('299', '0', '0', '1', '1', '1', '1', '1', '1');
INSERT INTO `tbl_work_days` VALUES ('300', '0', '0', '1', '1', '1', '1', '1', '1');
INSERT INTO `tbl_work_days` VALUES ('301', '0', '0', '1', '1', '1', '1', '1', '1');
INSERT INTO `tbl_work_days` VALUES ('302', '0', '0', '1', '1', '1', '1', '1', '1');
INSERT INTO `tbl_work_days` VALUES ('303', '0', '0', '0', '0', '0', '0', '0', '0');
INSERT INTO `tbl_work_days` VALUES ('304', '0', '0', '1', '1', '1', '1', '1', '1');
INSERT INTO `tbl_work_days` VALUES ('305', '0', '0', '1', '1', '1', '1', '1', '1');
INSERT INTO `tbl_work_days` VALUES ('306', '0', '0', '1', '1', '1', '1', '1', '1');
INSERT INTO `tbl_work_days` VALUES ('307', '0', '0', '1', '1', '1', '1', '1', '1');
INSERT INTO `tbl_work_days` VALUES ('308', '0', '0', '1', '1', '1', '1', '1', '1');
INSERT INTO `tbl_work_days` VALUES ('309', '0', '0', '1', '1', '1', '1', '1', '1');
INSERT INTO `tbl_work_days` VALUES ('310', '0', '0', '1', '1', '1', '1', '1', '1');
INSERT INTO `tbl_work_days` VALUES ('311', '0', '0', '1', '1', '1', '1', '1', '1');
INSERT INTO `tbl_work_days` VALUES ('312', '0', '0', '1', '1', '1', '1', '1', '1');
INSERT INTO `tbl_work_days` VALUES ('313', '0', '0', '1', '1', '1', '1', '1', '1');
INSERT INTO `tbl_work_days` VALUES ('314', '0', '0', '1', '1', '1', '1', '1', '1');
INSERT INTO `tbl_work_days` VALUES ('315', '0', '0', '1', '1', '1', '1', '1', '1');
INSERT INTO `tbl_work_days` VALUES ('316', '0', '0', '1', '1', '1', '1', '1', '1');
INSERT INTO `tbl_work_days` VALUES ('317', '0', '0', '1', '1', '1', '1', '1', '1');
INSERT INTO `tbl_work_days` VALUES ('318', '0', '0', '1', '1', '1', '1', '1', '1');
INSERT INTO `tbl_work_days` VALUES ('319', '0', '0', '1', '1', '1', '1', '1', '1');
INSERT INTO `tbl_work_days` VALUES ('320', '0', '1', '1', '1', '1', '0', '1', '1');
